2021-09-11T14:32:39Z,2.64209867,39.56770802,0
2021-09-11T14:37:51Z,2.64185725,39.56783882,0
2021-09-11T14:38:27Z,2.64140041,39.56763885,0
2021-09-11T14:38:54Z,2.64113021,39.56734178,0
2021-09-11T14:39:45Z,2.64077385,39.56657751,0
2021-09-11T14:40:45Z,2.63969899,39.56592033,0
2021-09-11T14:41:48Z,2.6382331,39.56540745,0
2021-09-11T14:43:36Z,2.63572943,39.56487471,0
2021-09-11T14:45:33Z,2.6332597,39.56382536,0
2021-09-11T14:46:18Z,2.63215454,39.56326037,0
2021-09-11T14:46:33Z,2.63193082,39.56294143,0
2021-09-11T14:47:18Z,2.63176719,39.56196988,0
2021-09-11T14:47:33Z,2.63180581,39.56164285,0
2021-09-11T14:48:51Z,2.6322915,39.56009295,0
2021-09-11T14:49:15Z,2.63258653,39.55954511,0
2021-09-11T14:49:36Z,2.63294778,39.55908998,0
2021-09-11T14:50:48Z,2.63447206,39.55794891,0
2021-09-11T14:52:24Z,2.63687121,39.55676102,0
2021-09-11T14:53:21Z,2.63835675,39.55593076,0
2021-09-11T14:54:39Z,2.64047933,39.55496702,0
2021-09-11T14:55:12Z,2.64128574,39.55445761,0
2021-09-11T14:55:30Z,2.6416407,39.55411941,0
2021-09-11T14:56:24Z,2.64241014,39.55306048,0
2021-09-11T14:58:15Z,2.64398681,39.55135277,0
2021-09-11T15:00:00Z,2.64551843,39.54913795,0
2021-09-11T15:03:42Z,2.64924389,39.54306115,0
2021-09-11T15:05:15Z,2.65066591,39.5404747,0
2021-09-11T15:06:12Z,2.65168892,39.53894376,0
2021-09-11T15:06:57Z,2.65209659,39.53763197,0
2021-09-11T15:07:51Z,2.6527188,39.53609227,0
2021-09-11T15:08:36Z,2.65347858,39.53488309,0
2021-09-11T15:10:00Z,2.65462089,39.53247166,0
2021-09-11T15:10:54Z,2.65504474,39.530873,0
2021-09-11T15:12:27Z,2.65629311,39.52823648,0
2021-09-11T15:16:15Z,2.65901118,39.52171718,0
2021-09-11T15:16:54Z,2.65936318,39.52055318,0
2021-09-11T15:18:03Z,2.65980654,39.51850962,0
2021-09-11T15:18:51Z,2.66042318,39.51714907,0
2021-09-11T15:19:36Z,2.66069443,39.51585308,0
2021-09-11T15:21:15Z,2.66180907,39.5140251,0
2021-09-11T15:22:33Z,2.66254083,39.5121589,0
2021-09-11T15:23:12Z,2.66280702,39.51102929,0
2021-09-11T15:23:51Z,2.66322709,39.50992618,0
2021-09-11T15:24:42Z,2.66359361,39.50846961,0
2021-09-11T15:25:39Z,2.6637723,39.50679906,0
2021-09-11T15:26:15Z,2.66405073,39.50574754,0
2021-09-11T15:27:00Z,2.66464338,39.50447358,0
2021-09-11T15:27:42Z,2.66536204,39.50334304,0
2021-09-11T15:28:21Z,2.66591645,39.50227636,0
2021-09-11T15:29:24Z,2.66664566,39.50049634,0
2021-09-11T15:30:09Z,2.66705886,39.49920926,0
2021-09-11T15:31:39Z,2.66863145,39.49680475,0
2021-09-11T15:32:33Z,2.66945126,39.49531705,0
2021-09-11T15:34:42Z,2.67118381,39.49168245,0
2021-09-11T15:45:42Z,2.68053052,39.47333889,0
2021-09-11T15:56:42Z,2.69471977,39.4546444,0
2021-09-11T16:03:57Z,2.70526663,39.44189995,0
2021-09-11T16:07:06Z,2.70944775,39.43648378,0
2021-09-11T16:08:33Z,2.71151676,39.43410053,0
2021-09-11T16:16:00Z,2.72279007,39.4216215,0
2021-09-11T16:19:15Z,2.72753815,39.41612904,0
2021-09-11T16:19:57Z,2.72847926,39.41493573,0
2021-09-11T16:20:36Z,2.72902695,39.41373044,0
2021-09-11T16:21:15Z,2.73051667,39.41312497,0
2021-09-11T16:21:33Z,2.73106827,39.41270171,0
2021-09-11T16:22:00Z,2.7314852,39.41186037,0
2021-09-11T16:24:48Z,2.73452091,39.40687378,0
2021-09-11T16:30:57Z,2.74348091,39.39684748,0
2021-09-11T16:32:45Z,2.74623853,39.39398227,0
2021-09-11T16:37:03Z,2.75404799,39.38802107,0
2021-09-11T16:39:51Z,2.75908185,39.38405179,0
2021-09-11T16:51:06Z,2.77920388,39.36741711,0
2021-09-11T16:54:00Z,2.78433842,39.36305616,0
2021-09-11T16:55:24Z,2.78757128,39.36155536,0
2021-09-11T16:57:24Z,2.79237215,39.36001699,0
2021-09-11T16:58:24Z,2.79495513,39.35968919,0
2021-09-11T17:10:57Z,2.82750922,39.35398493,0
2021-09-11T17:11:45Z,2.82950098,39.3545862,0
2021-09-11T17:12:06Z,2.83028552,39.35500049,0
2021-09-11T17:13:03Z,2.83200716,39.3564796,0
2021-09-11T17:13:30Z,2.83275599,39.35723903,0
2021-09-11T17:13:57Z,2.83332819,39.35808683,0
2021-09-11T17:14:30Z,2.83377422,39.35903017,0
2021-09-11T17:14:36Z,2.83395982,39.3590552,0
2021-09-11T17:14:42Z,2.83405545,39.35895043,0
2021-09-11T17:14:51Z,2.83392227,39.35885151,0
2021-09-11T17:16:12Z,2.83236895,39.35889027,0
2021-09-11T17:16:57Z,2.83278333,39.35872334,0
2021-09-11T17:17:12Z,2.83280888,39.35892831,0
2021-09-11T17:17:36Z,2.83335571,39.35935347,0
2021-09-11T17:18:00Z,2.83380756,39.35989029,0
2021-09-11T17:18:42Z,2.8342016,39.36080613,0
2021-09-11T17:19:24Z,2.8343097,39.36150372,0
2021-09-11T17:20:06Z,2.83429474,39.36194649,0
2021-09-11T17:21:42Z,2.83441049,39.36159951,0
2021-09-11T17:25:09Z,2.8344579,39.36205037,0

2021-09-12T08:27:42Z,2.83447895,39.36210712,0
2021-09-12T08:28:39Z,2.83441562,39.36212935,0
2021-09-12T08:29:21Z,2.83443957,39.3619751,0
2021-09-12T08:29:51Z,2.83432226,39.3617176,0
2021-09-12T08:30:21Z,2.83434296,39.36108788,0
2021-09-12T08:30:51Z,2.83452158,39.3604588,0
2021-09-12T08:32:30Z,2.83482445,39.35810783,0
2021-09-12T08:33:03Z,2.83471219,39.3573112,0
2021-09-12T08:33:48Z,2.83482651,39.35620737,0
2021-09-12T08:35:48Z,2.8353543,39.35322801,0
2021-09-12T08:38:54Z,2.83566032,39.34951395,0
2021-09-12T08:44:57Z,2.83609109,39.34215389,0
2021-09-12T08:54:30Z,2.8378799,39.33046309,0
2021-09-12T09:03:33Z,2.83932238,39.31948785,0
2021-09-12T09:04:00Z,2.83950471,39.3189781,0
2021-09-12T09:16:45Z,2.84604587,39.30483009,0
2021-09-12T09:21:51Z,2.84889698,39.2991344,0
2021-09-12T09:28:57Z,2.85330279,39.29127736,0
2021-09-12T09:32:06Z,2.85537779,39.28779594,0
2021-09-12T09:37:36Z,2.85877476,39.28235005,0
2021-09-12T09:53:42Z,2.86727528,39.26928403,0
2021-09-12T09:55:09Z,2.86792347,39.26817293,0
2021-09-12T09:55:48Z,2.86835318,39.26723583,0
2021-09-12T09:55:51Z,2.86847106,39.26722102,0
2021-09-12T09:56:18Z,2.86882079,39.26738941,0
2021-09-12T09:56:45Z,2.86896572,39.26775447,0
2021-09-12T09:56:54Z,2.86920687,39.2679304,0
2021-09-12T09:57:45Z,2.87074343,39.2681945,0
2021-09-12T09:58:03Z,2.87149514,39.26800819,0
2021-09-12T09:58:06Z,2.87159996,39.26803843,0
2021-09-12T09:58:12Z,2.87162098,39.26817057,0
2021-09-12T09:58:24Z,2.87151789,39.26823773,0
2021-09-12T09:59:27Z,2.87135005,39.26818596,0
2021-09-12T10:00:00Z,2.87095942,39.26744669,0
2021-09-12T10:00:18Z,2.87050792,39.266936,0
2021-09-12T10:00:24Z,2.87056243,39.26679385,0
2021-09-12T10:00:54Z,2.87077464,39.2668321,0
2021-09-12T10:01:27Z,2.8706602,39.26698764,0
2021-09-12T10:02:12Z,2.87035559,39.26696191,0
2021-09-12T10:03:03Z,2.86935825,39.2664412,0
2021-09-12T10:03:27Z,2.86836919,39.2661755,0
2021-09-12T10:03:33Z,2.8683955,39.26604036,0
2021-09-12T10:03:39Z,2.86851675,39.26602813,0
2021-09-12T10:03:54Z,2.86861676,39.26611977,0
2021-09-12T10:04:33Z,2.86857562,39.26624008,0
2021-09-12T10:04:48Z,2.86828135,39.266229,0
2021-09-12T10:05:18Z,2.86731344,39.26559913,0
2021-09-12T10:05:30Z,2.86753582,39.26554178,0
2021-09-12T10:05:54Z,2.86757747,39.265653,0
2021-09-12T10:06:03Z,2.86748536,39.26571517,0
2021-09-12T10:06:12Z,2.86722171,39.26565331,0
2021-09-12T10:06:18Z,2.86719009,39.26547501,0
2021-09-12T10:06:24Z,2.86739449,39.26538489,0
2021-09-12T10:06:39Z,2.86807378,39.26553297,0
2021-09-12T10:06:45Z,2.86825467,39.26567815,0
2021-09-12T10:06:48Z,2.86818907,39.26575312,0
2021-09-12T10:07:06Z,2.86796207,39.26574702,0
2021-09-12T10:08:00Z,2.86792088,39.26582909,0
2021-09-12T10:08:15Z,2.86764788,39.26557062,0
2021-09-12T10:08:30Z,2.86714165,39.26527892,0
2021-09-12T10:08:33Z,2.86717292,39.26520281,0
2021-09-12T10:08:39Z,2.86731503,39.26518076,0
2021-09-12T10:09:06Z,2.86741388,39.26529509,0
2021-09-12T10:10:15Z,2.86722117,39.26566317,0
2021-09-12T10:10:36Z,2.86706977,39.2662073,0
2021-09-12T10:11:03Z,2.86706247,39.26717386,0
2021-09-12T10:11:09Z,2.8668812,39.26726336,0
2021-09-12T10:11:24Z,2.86678414,39.26712579,0
2021-09-12T10:12:09Z,2.86671432,39.26715518,0
2021-09-12T10:12:45Z,2.86783801,39.26772705,0
2021-09-12T10:12:51Z,2.86784656,39.26789135,0
2021-09-12T10:13:00Z,2.86769157,39.26791018,0
2021-09-12T10:13:12Z,2.86775062,39.26774379,0
2021-09-12T10:13:21Z,2.86792438,39.2677732,0
2021-09-12T10:13:33Z,2.86792548,39.26796544,0
2021-09-12T10:14:06Z,2.86770313,39.26833637,0
2021-09-12T10:14:48Z,2.86742781,39.26841971,0
2021-09-12T10:15:03Z,2.86699326,39.26828726,0
2021-09-12T10:15:18Z,2.86649428,39.26798186,0
2021-09-12T10:15:21Z,2.86653989,39.2679038,0
2021-09-12T10:15:27Z,2.86669012,39.26789667,0
2021-09-12T10:15:48Z,2.86674543,39.26803812,0
2021-09-12T10:16:12Z,2.86655968,39.26807594,0
2021-09-12T10:17:00Z,2.86517958,39.26738355,0
2021-09-12T10:17:03Z,2.86518607,39.26729055,0
2021-09-12T10:17:09Z,2.86536428,39.2672526,0
2021-09-12T10:17:48Z,2.865529,39.26731528,0
2021-09-12T10:18:06Z,2.86548976,39.26740269,0
2021-09-12T10:18:21Z,2.86515678,39.26747238,0
2021-09-12T10:18:48Z,2.86404164,39.267184,0
2021-09-12T10:18:51Z,2.86401984,39.26710082,0
2021-09-12T10:18:57Z,2.8641603,39.26703598,0
2021-09-12T10:19:03Z,2.86427158,39.26709964,0
2021-09-12T10:19:12Z,2.86424644,39.26725243,0
2021-09-12T10:19:21Z,2.86406,39.26727165,0
2021-09-12T10:19:27Z,2.86400495,39.26719686,0
2021-09-12T10:21:00Z,2.86494717,39.26618537,0
2021-09-12T10:21:06Z,2.86515575,39.26616005,0
2021-09-12T10:21:12Z,2.86518801,39.26628276,0
2021-09-12T10:21:21Z,2.86509069,39.26635622,0
2021-09-12T10:21:39Z,2.8649699,39.26632763,0
2021-09-12T10:22:39Z,2.86550925,39.26541451,0
2021-09-12T10:23:24Z,2.86585019,39.26412325,0
2021-09-12T10:23:30Z,2.86603332,39.26414503,0
2021-09-12T10:23:39Z,2.8660552,39.26427099,0
2021-09-12T10:24:30Z,2.8658671,39.26435802,0
2021-09-12T10:24:45Z,2.86580218,39.26421215,0
2021-09-12T10:25:27Z,2.86613343,39.26335969,0
2021-09-12T10:25:42Z,2.86635848,39.26311458,0
2021-09-12T10:26:00Z,2.86672092,39.26292049,0
2021-09-12T10:30:18Z,2.86998045,39.25853812,0
2021-09-12T10:42:24Z,2.87815898,39.24528812,0
2021-09-12T11:03:42Z,2.89212416,39.22165729,0
2021-09-12T11:07:18Z,2.89437528,39.21755626,0
2021-09-12T11:25:45Z,2.90630773,39.19677028,0
2021-09-12T11:28:39Z,2.90791094,39.19342946,0
2021-09-12T11:34:24Z,2.91082535,39.18665337,0
2021-09-12T11:39:36Z,2.91312802,39.18046387,0
2021-09-12T11:45:36Z,2.91595149,39.17349918,0
2021-09-12T11:45:45Z,2.91595799,39.17332968,0
2021-09-12T11:54:24Z,2.91287652,39.16284261,0
2021-09-12T11:58:33Z,2.91154809,39.15760612,0
2021-09-12T12:03:36Z,2.91104837,39.15131136,0
2021-09-12T12:07:39Z,2.91055292,39.1465825,0
2021-09-12T12:09:33Z,2.9107495,39.14429932,0
2021-09-12T12:11:15Z,2.91117839,39.14222812,0
2021-09-12T12:16:27Z,2.91284266,39.13592518,0
2021-09-12T12:16:48Z,2.91315074,39.13562717,0
2021-09-12T12:18:27Z,2.91520255,39.13466586,0
2021-09-12T12:18:39Z,2.91531677,39.13444275,0
2021-09-12T12:19:18Z,2.91544915,39.13366544,0
2021-09-12T12:20:00Z,2.91533234,39.1328161,0
2021-09-12T12:20:12Z,2.91503885,39.13273253,0
2021-09-12T12:20:30Z,2.91458775,39.13295144,0
2021-09-12T12:21:36Z,2.91331914,39.13421215,0
2021-09-12T12:22:42Z,2.91164239,39.13515559,0
2021-09-12T12:23:48Z,2.91021182,39.13629495,0
2021-09-12T12:24:42Z,2.90893875,39.13709046,0
2021-09-12T12:25:15Z,2.90806635,39.13747133,0
2021-09-12T12:25:24Z,2.90782002,39.13746317,0
2021-09-12T12:25:48Z,2.90732534,39.13711411,0
2021-09-12T12:26:09Z,2.90741895,39.13670027,0
2021-09-12T12:29:45Z,2.91112735,39.13297014,0
2021-09-12T12:31:39Z,2.91371297,39.13149619,0
2021-09-12T12:36:39Z,2.92008242,39.12719795,0
2021-09-12T12:37:33Z,2.92155508,39.12685706,0
2021-09-12T12:42:36Z,2.92847966,39.12290812,0
2021-09-12T12:43:21Z,2.92962102,39.12244956,0
2021-09-12T12:48:12Z,2.93698219,39.12050035,0
2021-09-12T12:49:39Z,2.93915573,39.11999324,0
2021-09-12T12:50:39Z,2.94075758,39.12001565,0
2021-09-12T12:53:18Z,2.94502018,39.12028094,0
2021-09-12T12:56:57Z,2.95092357,39.12107871,0
2021-09-12T13:02:03Z,2.9589133,39.12341264,0
2021-09-12T13:02:48Z,2.96002363,39.1239305,0
2021-09-12T13:03:24Z,2.96074486,39.12451206,0
2021-09-12T13:05:00Z,2.96247081,39.12635057,0
2021-09-12T13:08:21Z,2.96574602,39.13041978,0
2021-09-12T13:11:12Z,2.96832325,39.13390257,0
2021-09-12T13:12:00Z,2.96765538,39.1349191,0
2021-09-12T13:12:18Z,2.96729834,39.13524643,0
2021-09-12T13:12:45Z,2.96661134,39.13558201,0
2021-09-12T13:13:18Z,2.96563094,39.1356729,0
2021-09-12T13:13:36Z,2.96510175,39.13565314,0
2021-09-12T13:14:15Z,2.96402994,39.13539207,0
2021-09-12T13:15:09Z,2.96257515,39.13490142,0
2021-09-12T13:15:39Z,2.9619043,39.13446996,0
2021-09-12T13:16:09Z,2.96145218,39.13392464,0
2021-09-12T13:16:45Z,2.96105918,39.13321971,0
2021-09-12T13:17:00Z,2.96099725,39.13290705,0
2021-09-12T13:17:09Z,2.96111779,39.13274622,0
2021-09-12T13:17:18Z,2.96133785,39.13276886,0
2021-09-12T13:23:42Z,2.96901425,39.13919662,0
2021-09-12T13:26:51Z,2.97206592,39.14290721,0
2021-09-12T13:30:57Z,2.97622384,39.14771373,0
2021-09-12T13:34:30Z,2.97953954,39.15189483,0
2021-09-12T13:34:42Z,2.97964873,39.15215803,0
2021-09-12T13:36:24Z,2.9800636,39.15453243,0
2021-09-12T13:37:30Z,2.97956078,39.1560414,0
2021-09-12T13:38:51Z,2.9786718,39.15778697,0
2021-09-12T13:40:27Z,2.9771791,39.15970233,0
2021-09-12T13:41:33Z,2.97596315,39.1609377,0
2021-09-12T13:42:15Z,2.97507978,39.16167878,0
2021-09-12T13:43:27Z,2.97342832,39.1628766,0
2021-09-12T13:45:45Z,2.97010724,39.16485386,0
2021-09-12T13:47:18Z,2.9677607,39.16609243,0
2021-09-12T13:48:18Z,2.96609652,39.16670557,0
2021-09-12T13:50:12Z,2.96281581,39.16773547,0
2021-09-12T13:51:48Z,2.9599417,39.16839917,0
2021-09-12T13:53:06Z,2.95754973,39.16881997,0
2021-09-12T13:55:12Z,2.95363273,39.16918374,0
2021-09-12T13:56:03Z,2.95203766,39.1691502,0
2021-09-12T13:57:18Z,2.94972722,39.16890607,0
2021-09-12T13:58:09Z,2.94825086,39.16854243,0
2021-09-12T13:59:03Z,2.94689191,39.16786818,0
2021-09-12T14:00:12Z,2.945143,39.16713013,0
2021-09-12T14:01:36Z,2.94288577,39.16634059,0
2021-09-12T14:05:54Z,2.93624349,39.16332791,0
2021-09-12T14:08:57Z,2.93157658,39.16103585,0
2021-09-12T14:09:48Z,2.93031506,39.16037119,0
2021-09-12T14:10:27Z,2.92943904,39.15978629,0
2021-09-12T14:12:15Z,2.92725494,39.15801099,0
2021-09-12T14:12:57Z,2.92644124,39.15730008,0
2021-09-12T14:13:21Z,2.92606484,39.15686616,0
2021-09-12T14:14:00Z,2.92578112,39.15611729,0
2021-09-12T14:14:33Z,2.92571974,39.15550794,0
2021-09-12T14:15:09Z,2.92577046,39.15490819,0
2021-09-12T14:16:24Z,2.92606219,39.15370918,0
2021-09-12T14:17:36Z,2.92663208,39.15276729,0
2021-09-12T14:18:24Z,2.92705376,39.15228125,0
2021-09-12T14:19:54Z,2.92803423,39.15163387,0
2021-09-12T14:21:51Z,2.92934787,39.15061115,0
2021-09-12T14:24:39Z,2.93212689,39.1489425,0
2021-09-12T14:24:57Z,2.93242886,39.14890167,0
2021-09-12T14:25:21Z,2.93273499,39.14872835,0
2021-09-12T14:26:15Z,2.9332185,39.14813537,0
2021-09-12T14:28:54Z,2.93391195,39.14654437,0
2021-09-12T14:29:51.237Z,2.93389557,39.14663765,0

2021-09-13T09:56:13Z,2.93364279,39.14649233,0
2021-09-13T09:57:37Z,2.93386007,39.1466391,0
2021-09-13T09:58:55Z,2.93366304,39.14658038,0
2021-09-13T10:00:22Z,2.93367454,39.14648294,0
2021-09-13T10:00:37Z,2.93354591,39.14637351,0
2021-09-13T10:00:49Z,2.93334419,39.14640228,0
2021-09-13T10:01:43Z,2.93249225,39.1471254,0
2021-09-13T10:02:55Z,2.93132391,39.14876882,0
2021-09-13T10:04:22Z,2.92946637,39.15093923,0
2021-09-13T10:05:55Z,2.92803865,39.1535154,0
2021-09-13T10:06:19Z,2.92781429,39.15421099,0
2021-09-13T10:06:49Z,2.92796952,39.1550961,0
2021-09-13T10:07:13Z,2.92848586,39.15567011,0
2021-09-13T10:07:52Z,2.92912454,39.1567065,0
2021-09-13T10:08:01Z,2.92933175,39.15691605,0
2021-09-13T10:09:37Z,2.931975,39.15856622,0
2021-09-13T10:11:13Z,2.93441523,39.16024316,0
2021-09-13T10:15:58Z,2.94237002,39.1647733,0
2021-09-13T10:20:01Z,2.95020362,39.16750015,0
2021-09-13T10:22:16Z,2.9536118,39.16876346,0
2021-09-13T10:22:43Z,2.95417183,39.16875259,0
2021-09-13T10:23:49Z,2.95486698,39.16900148,0
2021-09-13T10:24:04Z,2.95509748,39.16898026,0
2021-09-13T10:24:58Z,2.95632613,39.16919686,0
2021-09-13T10:25:40Z,2.95735746,39.16947072,0
2021-09-13T10:27:28Z,2.95950383,39.17053738,0
2021-09-13T10:28:58Z,2.96148815,39.17210228,0
2021-09-13T10:29:31Z,2.96223529,39.17259421,0
2021-09-13T10:31:52Z,2.96565702,39.17382426,0
2021-09-13T10:33:43Z,2.96816631,39.17513284,0
2021-09-13T10:36:25Z,2.97116929,39.17739852,0
2021-09-13T10:40:25Z,2.97425004,39.17991498,0
2021-09-13T10:48:19Z,2.98044085,39.18531651,0
2021-09-13T10:50:16Z,2.98278922,39.18718852,0
2021-09-13T10:52:01Z,2.98467647,39.18883604,0
2021-09-13T10:53:16Z,2.98537999,39.18989131,0
2021-09-13T10:53:28Z,2.98553635,39.19002003,0
2021-09-13T10:55:31Z,2.9883633,39.190711,0
2021-09-13T10:56:37Z,2.98972756,39.19090541,0
2021-09-13T11:01:19Z,2.9959002,39.19129353,0
2021-09-13T11:02:16Z,2.9971857,39.19130248,0
2021-09-13T11:08:31Z,3.00503115,39.19173555,0
2021-09-13T11:11:43Z,3.00879814,39.19179967,0
2021-09-13T11:13:46Z,3.01232614,39.1925521,0
2021-09-13T11:14:58Z,3.01455541,39.19321551,0
2021-09-13T11:16:13Z,3.01668276,39.19406761,0
2021-09-13T11:17:19Z,3.01862847,39.19461809,0
2021-09-13T11:19:07Z,3.02160306,39.19565728,0
2021-09-13T11:20:40Z,3.02460065,39.19650134,0
2021-09-13T11:21:58Z,3.0265746,39.19724455,0
2021-09-13T11:23:07Z,3.02856341,39.19785292,0
2021-09-13T11:24:52Z,3.03114379,39.1988522,0
2021-09-13T11:26:01Z,3.03257979,39.19923679,0
2021-09-13T11:27:46Z,3.03574678,39.19988048,0
2021-09-13T11:29:04Z,3.03755876,39.20062339,0
2021-09-13T11:32:07Z,3.04295314,39.20250582,0
2021-09-13T11:35:28Z,3.0475736,39.20465074,0
2021-09-13T11:36:52Z,3.04901542,39.20540855,0
2021-09-13T11:38:34Z,3.0521749,39.20626447,0
2021-09-13T11:40:25Z,3.05552884,39.20738044,0
2021-09-13T11:42:55Z,3.05935704,39.20886029,0
2021-09-13T11:43:52Z,3.06073485,39.2095547,0
2021-09-13T11:47:10Z,3.06332523,39.21213289,0
2021-09-13T11:48:22Z,3.06467019,39.2131057,0
2021-09-13T11:53:49Z,3.06985384,39.21742682,0
2021-09-13T11:57:10Z,3.0722402,39.21963742,0
2021-09-13T11:58:58Z,3.07463968,39.22170626,0
2021-09-13T12:00:40Z,3.07696608,39.2240358,0
2021-09-13T12:10:31Z,3.08873199,39.23638451,0
2021-09-13T12:12:28Z,3.09103237,39.23863723,0
2021-09-13T12:19:31Z,3.09929485,39.24718228,0
2021-09-13T12:21:55Z,3.10193963,39.25002308,0
2021-09-13T12:24:52Z,3.10601135,39.25295795,0
2021-09-13T12:31:28Z,3.11106095,39.26103971,0
2021-09-13T12:31:37Z,3.1111009,39.26124282,0
2021-09-13T12:31:52Z,3.11145408,39.26139946,0
2021-09-13T12:33:13Z,3.11289209,39.26283344,0
2021-09-13T12:34:37Z,3.11456929,39.26427516,0
2021-09-13T12:35:28Z,3.11429357,39.26541478,0
2021-09-13T12:39:31Z,3.10955941,39.27052582,0
2021-09-13T12:44:40Z,3.10358248,39.27738939,0
2021-09-13T12:45:22Z,3.1028884,39.27838694,0
2021-09-13T12:51:01Z,3.09636908,39.28581631,0
2021-09-13T12:52:43Z,3.09391204,39.28762567,0
2021-09-13T12:54:22Z,3.09202096,39.28850454,0
2021-09-13T12:54:49Z,3.09197836,39.28836743,0
2021-09-13T12:55:01Z,3.09189941,39.28836238,0
2021-09-13T12:55:25Z,3.09156142,39.28849137,0
2021-09-13T12:56:25Z,3.09126513,39.28849317,0
2021-09-13T12:56:34Z,3.09130552,39.28859283,0
2021-09-13T12:56:46Z,3.0915451,39.2886217,0
2021-09-13T12:57:13Z,3.09160452,39.2884053,0
2021-09-13T12:58:04Z,3.09156836,39.28869533,0
2021-09-13T12:58:55Z,3.09165187,39.28833794,0
2021-09-13T12:59:25Z,3.09145027,39.28835404,0
2021-09-13T12:59:58Z,3.09176229,39.2884136,0
2021-09-13T13:00:40Z,3.09278645,39.28800527,0
2021-09-13T13:01:22Z,3.09402901,39.28794992,0
2021-09-13T13:02:28Z,3.09616096,39.28840994,0
2021-09-13T13:03:52Z,3.09857913,39.28935939,0
2021-09-13T13:05:04Z,3.10057162,39.28994211,0
2021-09-13T13:06:37Z,3.10315635,39.28950909,0
2021-09-13T13:08:01Z,3.10540387,39.28888954,0
2021-09-13T13:08:37Z,3.10620453,39.2884336,0
2021-09-13T13:10:55Z,3.10935676,39.28708296,0
2021-09-13T13:12:22Z,3.11124313,39.28612557,0
2021-09-13T13:17:01Z,3.11703207,39.28287453,0
2021-09-13T13:17:25Z,3.11739558,39.28251897,0
2021-09-13T13:17:43Z,3.11755595,39.28222255,0
2021-09-13T13:18:07Z,3.1179726,39.28194328,0
2021-09-13T13:18:58Z,3.11871908,39.28122991,0
2021-09-13T13:19:04Z,3.11885597,39.28123348,0
2021-09-13T13:19:55Z,3.11960246,39.28174169,0
2021-09-13T13:20:04Z,3.11983315,39.28180634,0
2021-09-13T13:20:49Z,3.12102436,39.28147385,0
2021-09-13T13:20:58Z,3.12122935,39.2813213,0
2021-09-13T13:21:10Z,3.12161217,39.28131423,0
2021-09-13T13:21:28Z,3.12209692,39.28161269,0
2021-09-13T13:23:28Z,3.12414237,39.28332821,0
2021-09-13T13:25:43Z,3.12595707,39.2850745,0
2021-09-13T13:27:49Z,3.1276342,39.28650277,0
2021-09-13T13:29:31Z,3.13054598,39.28811112,0
2021-09-13T13:30:49Z,3.13225373,39.28925029,0
2021-09-13T13:33:07Z,3.13633961,39.2916927,0
2021-09-13T13:38:16Z,3.14152517,39.2955444,0
2021-09-13T13:39:55Z,3.14431107,39.29706489,0
2021-09-13T13:41:13Z,3.14628062,39.29831646,0
2021-09-13T13:42:58Z,3.14917528,39.30000973,0
2021-09-13T13:45:43Z,3.15338864,39.30289613,0
2021-09-13T13:46:46Z,3.15524103,39.30402692,0
2021-09-13T13:50:46Z,3.1610663,39.30811948,0
2021-09-13T13:53:13Z,3.16451715,39.31039277,0
2021-09-13T13:55:25Z,3.16725482,39.31249175,0
2021-09-13T13:59:49Z,3.17289336,39.31656467,0
2021-09-13T14:05:52Z,3.18250847,39.32249603,0
2021-09-13T14:06:22Z,3.18349388,39.32299165,0
2021-09-13T14:07:25Z,3.18541312,39.32413503,0
2021-09-13T14:10:04Z,3.1900668,39.32703449,0
2021-09-13T14:12:55Z,3.19558022,39.33031479,0
2021-09-13T14:14:28Z,3.198333,39.33209325,0
2021-09-13T14:16:19Z,3.20198244,39.33419874,0
2021-09-13T14:16:58Z,3.20311427,39.33498176,0
2021-09-13T14:22:28Z,3.20893205,39.33972009,0
2021-09-13T14:26:40Z,3.21277853,39.34262127,0
2021-09-13T14:29:07Z,3.21484411,39.3445147,0
2021-09-13T14:30:04Z,3.21633649,39.34554916,0
2021-09-13T14:32:10Z,3.21938054,39.34786457,0
2021-09-13T14:34:22Z,3.22239569,39.35031846,0
2021-09-13T14:37:04Z,3.22594193,39.35335152,0
2021-09-13T14:41:28Z,3.23270848,39.3587435,0
2021-09-13T14:42:40Z,3.23456516,39.36032186,0
2021-09-13T14:43:58Z,3.23641283,39.36223379,0
2021-09-13T14:44:43Z,3.23728113,39.36337645,0
2021-09-13T14:45:16Z,3.23824199,39.36397481,0
2021-09-13T14:45:34Z,3.23870035,39.36439316,0
2021-09-13T14:45:52Z,3.23908566,39.36485474,0
2021-09-13T14:46:40Z,3.23991082,39.366126,0
2021-09-13T14:51:31Z,3.24596033,39.37311961,0
2021-09-13T14:56:04Z,3.2507933,39.37906457,0
2021-09-13T14:57:10Z,3.25164036,39.38042302,0
2021-09-13T14:59:52Z,3.25361652,39.38401463,0
2021-09-13T15:02:13Z,3.25523163,39.38714613,0
2021-09-13T15:03:22Z,3.25588798,39.38871544,0
2021-09-13T15:04:01Z,3.25635092,39.38952589,0
2021-09-13T15:04:40Z,3.25693374,39.39033332,0
2021-09-13T15:04:55Z,3.2572268,39.39059861,0
2021-09-13T15:05:19Z,3.25794988,39.39093931,0
2021-09-13T15:05:43Z,3.25864689,39.39140969,0
2021-09-13T15:06:25Z,3.25935388,39.39249585,0
2021-09-13T15:06:37Z,3.25963689,39.39274453,0
2021-09-13T15:08:13Z,3.26193016,39.39283216,0
2021-09-13T15:09:43Z,3.26329703,39.39263504,0
2021-09-13T15:09:52Z,3.26343132,39.39269108,0
2021-09-13T15:10:22Z,3.26368676,39.39320753,0
2021-09-13T15:12:19Z,3.26452795,39.39582415,0
2021-09-13T15:14:22Z,3.26569206,39.39858442,0
2021-09-13T15:16:16Z,3.26663329,39.40122603,0
2021-09-13T15:16:52Z,3.26686646,39.40205541,0
2021-09-13T15:17:07Z,3.26685556,39.40239736,0
2021-09-13T15:18:25Z,3.26716811,39.40403161,0
2021-09-13T15:19:43Z,3.2678837,39.40573114,0
2021-09-13T15:20:10Z,3.26801836,39.40647032,0
2021-09-13T15:20:46Z,3.26831493,39.40741032,0
2021-09-13T15:22:37Z,3.26873427,39.41041014,0
2021-09-13T15:24:01Z,3.26916706,39.41261689,0
2021-09-13T15:24:25Z,3.26924005,39.41324009,0
2021-09-13T15:24:46Z,3.26919836,39.41378978,0
2021-09-13T15:25:37Z,3.26938589,39.41511418,0
2021-09-13T15:26:13Z,3.26926287,39.41607525,0
2021-09-13T15:26:40Z,3.26902321,39.41679157,0
2021-09-13T15:27:22Z,3.26849396,39.41786645,0
2021-09-13T15:27:40Z,3.26824804,39.41828284,0
2021-09-13T15:28:01Z,3.26785913,39.41870408,0
2021-09-13T15:29:37Z,3.26645976,39.42007077,0
2021-09-13T15:30:19Z,3.26608824,39.42022534,0
2021-09-13T15:30:37Z,3.26596818,39.42037274,0
2021-09-13T15:31:01Z,3.26605202,39.42050763,0
2021-09-13T15:31:34Z,3.26633059,39.42047903,0
2021-09-13T15:32:28Z,3.26632575,39.42001347,0
2021-09-13T15:33:25Z,3.26620265,39.41944183,0
2021-09-13T15:34:49Z,3.26628747,39.41920559,0
2021-09-13T15:36:07Z,3.26624134,39.41904943,0
2021-09-13T15:36:31Z,3.26632248,39.41921215,0
2021-09-13T15:37:04Z,3.2663265,39.41962078,0
2021-09-13T15:37:52Z,3.26607549,39.42027047,0
2021-09-13T15:38:10Z,3.26587212,39.42046743,0
2021-09-13T15:38:28Z,3.26566199,39.42039983,0
2021-09-13T15:39:10Z,3.26557716,39.42018041,0
2021-09-13T15:41:10Z,3.26557116,39.41969423,0
2021-09-13T15:42:13Z,3.26544119,39.41959688,0
2021-09-13T15:43:28Z,3.2654221,39.41947547,0
2021-09-13T15:44:04Z,3.26569001,39.41965281,0
2021-09-13T15:44:34Z,3.26567363,39.4200493,0
2021-09-13T15:45:13Z,3.26537945,39.42051744,0
2021-09-13T15:45:34Z,3.26515207,39.42068337,0
2021-09-13T15:45:46Z,3.26497993,39.42064787,0
2021-09-13T15:46:22Z,3.264949,39.4199915,0
2021-09-13T15:47:04Z,3.26465308,39.41957894,0
2021-09-13T15:47:31Z,3.2647825,39.41911981,0
2021-09-13T15:47:58Z,3.26477402,39.41867404,0
2021-09-13T15:49:19Z,3.2649318,39.41833384,0
2021-09-13T15:49:49Z,3.2647992,39.41833731,0
2021-09-13T15:56:46Z,3.26495761,39.41841147,0
2021-09-13T15:59:54.441Z,3.2648619,39.41837855,0

2021-09-14T09:37:21Z,3.2626448,39.42011026,0
2021-09-14T09:43:12Z,3.26412983,39.42039463,0
2021-09-14T09:43:33Z,3.26461816,39.42034279,0
2021-09-14T09:44:00Z,3.26513928,39.42015542,0
2021-09-14T09:45:45Z,3.26725379,39.41795181,0
2021-09-14T09:46:12Z,3.26799178,39.41729843,0
2021-09-14T09:46:36Z,3.26849405,39.41663252,0
2021-09-14T09:46:51Z,3.26868378,39.41617935,0
2021-09-14T09:47:51Z,3.26882475,39.41434169,0
2021-09-14T09:48:21Z,3.26921758,39.41353154,0
2021-09-14T09:48:39Z,3.26953147,39.41312547,0
2021-09-14T09:48:57Z,3.26999312,39.41281888,0
2021-09-14T09:49:24Z,3.27083881,39.41253953,0
2021-09-14T09:49:54Z,3.2719192,39.41238637,0
2021-09-14T09:50:54Z,3.27388615,39.41321945,0
2021-09-14T09:51:09Z,3.27444121,39.41333916,0
2021-09-14T09:52:18Z,3.2765983,39.41454162,0
2021-09-14T09:53:12Z,3.27802116,39.4157162,0
2021-09-14T09:54:15Z,3.27920986,39.41746329,0
2021-09-14T09:55:24Z,3.2809643,39.41913534,0
2021-09-14T09:55:48Z,3.28181333,39.4192636,0
2021-09-14T09:56:33Z,3.283389,39.41927031,0
2021-09-14T09:57:15Z,3.2849044,39.41945824,0
2021-09-14T09:57:48Z,3.28603296,39.41986034,0
2021-09-14T09:59:15Z,3.28875774,39.41928421,0
2021-09-14T09:59:51Z,3.28989037,39.41944381,0
2021-09-14T10:00:21Z,3.29055021,39.41971021,0
2021-09-14T10:00:48Z,3.29140239,39.41970947,0
2021-09-14T10:01:03Z,3.29170285,39.42006281,0
2021-09-14T10:01:24Z,3.29190702,39.42061298,0
2021-09-14T10:02:06Z,3.2925414,39.42160108,0
2021-09-14T10:04:27Z,3.29530599,39.42485448,0
2021-09-14T10:08:54Z,3.29954386,39.43136354,0
2021-09-14T10:10:18Z,3.30159682,39.43409428,0
2021-09-14T10:10:54Z,3.30271476,39.43517076,0
2021-09-14T10:11:18Z,3.30359799,39.4357851,0
2021-09-14T10:11:45Z,3.3041592,39.43670317,0
2021-09-14T10:12:27Z,3.30551525,39.43781594,0
2021-09-14T10:12:57Z,3.30629252,39.43873182,0
2021-09-14T10:17:02Z,3.31316406,39.44551736,0
2021-09-14T10:17:30Z,3.31380806,39.44639318,0
2021-09-14T10:18:30Z,3.31541185,39.44811111,0
2021-09-14T10:18:57Z,3.31593674,39.44896611,0
2021-09-14T10:19:12Z,3.31630368,39.44940426,0
2021-09-14T10:20:18Z,3.31825142,39.45109365,0
2021-09-14T10:20:42Z,3.3188768,39.45181603,0
2021-09-14T10:21:45Z,3.32017212,39.45376324,0
2021-09-14T10:22:30Z,3.32123205,39.4550794,0
2021-09-14T10:23:03Z,3.32190566,39.45610004,0
2021-09-14T10:23:27Z,3.32258777,39.45675668,0
2021-09-14T10:23:48Z,3.32328337,39.45727565,0
2021-09-14T10:24:00Z,3.32358989,39.45762096,0
2021-09-14T10:24:45Z,3.32508033,39.45876241,0
2021-09-14T10:25:09Z,3.32577349,39.45941829,0
2021-09-14T10:26:15Z,3.32707847,39.46147273,0
2021-09-14T10:26:36Z,3.32757683,39.46209278,0
2021-09-14T10:27:12Z,3.3285736,39.46311147,0
2021-09-14T10:28:03Z,3.33019881,39.46441427,0
2021-09-14T10:28:48Z,3.33141185,39.46577368,0
2021-09-14T10:29:03Z,3.33189899,39.46615973,0
2021-09-14T10:30:48Z,3.3343188,39.46933348,0
2021-09-14T10:31:09Z,3.33493072,39.46991897,0
2021-09-14T10:33:49Z,3.34010393,39.47406254,0
2021-09-14T10:34:34Z,3.34144593,39.47528787,0
2021-09-14T10:34:49Z,3.34182173,39.47573171,0
2021-09-14T10:35:16Z,3.34177619,39.4766184,0
2021-09-14T10:35:58Z,3.34215131,39.47793206,0
2021-09-14T10:36:28Z,3.34193641,39.47884763,0
2021-09-14T10:36:37Z,3.34194481,39.47912079,0
2021-09-14T10:37:13Z,3.34253554,39.48019303,0
2021-09-14T10:38:04Z,3.34260693,39.48182941,0
2021-09-14T10:39:37Z,3.343651,39.48478602,0
2021-09-14T10:40:34Z,3.34364463,39.48589836,0
2021-09-14T10:41:52Z,3.34352631,39.48723786,0
2021-09-14T10:42:07Z,3.34369131,39.48769006,0
2021-09-14T10:42:31Z,3.34418259,39.4884291,0
2021-09-14T10:43:01Z,3.34437366,39.48944291,0
2021-09-14T10:43:52Z,3.34504839,39.49115821,0
2021-09-14T10:44:10Z,3.34513394,39.49177349,0
2021-09-14T10:44:40Z,3.34500017,39.49276903,0
2021-09-14T10:45:01Z,3.34482166,39.49345279,0
2021-09-14T10:45:16Z,3.34457061,39.49387774,0
2021-09-14T10:45:34Z,3.34413542,39.49433379,0
2021-09-14T10:45:43Z,3.34401008,39.49460929,0
2021-09-14T10:45:55Z,3.34403757,39.49500767,0
2021-09-14T10:46:19Z,3.34439326,39.49577397,0
2021-09-14T10:46:31Z,3.34443926,39.49618049,0
2021-09-14T10:46:58Z,3.34418826,39.49704971,0
2021-09-14T10:47:37Z,3.34415099,39.49835226,0
2021-09-14T10:48:22Z,3.34373428,39.49980147,0
2021-09-14T10:48:31Z,3.34371581,39.50009599,0
2021-09-14T10:49:01Z,3.3439192,39.50108195,0
2021-09-14T10:49:34Z,3.34353375,39.50212933,0
2021-09-14T10:50:01Z,3.34354623,39.50300631,0
2021-09-14T10:50:10Z,3.34344264,39.50329061,0
2021-09-14T10:50:37Z,3.34293146,39.50406648,0
2021-09-14T10:51:07Z,3.34279922,39.5050496,0
2021-09-14T10:51:58Z,3.34233581,39.50669737,0
2021-09-14T10:52:10Z,3.34234705,39.50708912,0
2021-09-14T10:52:31Z,3.34255983,39.50777075,0
2021-09-14T10:52:40Z,3.34257467,39.50805889,0
2021-09-14T10:55:04Z,3.34162449,39.51270517,0
2021-09-14T10:55:16Z,3.34145047,39.51309711,0
2021-09-14T10:55:37Z,3.34130919,39.51376004,0
2021-09-14T10:56:37Z,3.34104365,39.51570069,0
2021-09-14T10:56:58Z,3.3410227,39.51638733,0
2021-09-14T10:57:19Z,3.34127225,39.517033,0
2021-09-14T10:57:28Z,3.34130703,39.51731915,0
2021-09-14T10:57:52Z,3.34106126,39.51804687,0
2021-09-14T10:58:07Z,3.34104243,39.51850978,0
2021-09-14T10:58:25Z,3.34118858,39.51907348,0
2021-09-14T10:58:52Z,3.3412024,39.51993513,0
2021-09-14T10:59:13Z,3.34143465,39.52058298,0
2021-09-14T11:00:10Z,3.34176647,39.52239319,0
2021-09-14T11:01:07Z,3.34161001,39.52419814,0
2021-09-14T11:01:43Z,3.34207817,39.52529658,0
2021-09-14T11:02:01Z,3.34192512,39.52576319,0
2021-09-14T11:02:31Z,3.34139013,39.52663263,0
2021-09-14T11:02:46Z,3.34122697,39.52709159,0
2021-09-14T11:03:25Z,3.34052844,39.52814964,0
2021-09-14T11:04:19Z,3.33939887,39.52950735,0
2021-09-14T11:05:01Z,3.3383559,39.53049399,0
2021-09-14T11:05:25Z,3.33767949,39.5309672,0
2021-09-14T11:05:49Z,3.33693196,39.53134267,0
2021-09-14T11:05:55Z,3.3367327,39.53133056,0
2021-09-14T11:06:01Z,3.33668099,39.53121133,0
2021-09-14T11:06:10Z,3.3369009,39.53108169,0
2021-09-14T11:06:16Z,3.33708985,39.53111867,0
2021-09-14T11:08:01Z,3.34060186,39.53262843,0
2021-09-14T11:08:28Z,3.34124525,39.53328203,0
2021-09-14T11:08:37Z,3.34121859,39.5335394,0
2021-09-14T11:08:49Z,3.34098269,39.53378722,0
2021-09-14T11:08:58Z,3.34094988,39.53403838,0
2021-09-14T11:09:10Z,3.34102513,39.53437022,0
2021-09-14T11:09:25Z,3.3413221,39.53474043,0
2021-09-14T11:09:31Z,3.34132806,39.53491288,0
2021-09-14T11:09:46Z,3.34121739,39.53532966,0
2021-09-14T11:10:34Z,3.34021859,39.53649521,0
2021-09-14T11:11:55Z,3.33811504,39.53820914,0
2021-09-14T11:12:25Z,3.3378004,39.5390462,0
2021-09-14T11:12:58Z,3.33780996,39.53971128,0
2021-09-14T11:13:16Z,3.33765832,39.53978703,0
2021-09-14T11:13:40Z,3.33757537,39.53968443,0
2021-09-14T11:14:04Z,3.33767506,39.53960025,0
2021-09-14T11:14:25Z,3.33767406,39.53976389,0
2021-09-14T11:15:25Z,3.3379881,39.54006772,0
2021-09-14T11:16:55Z,3.33788604,39.53999937,0
2021-09-14T11:17:22Z,3.33783391,39.54001487,0
2021-09-14T11:17:49Z,3.33796761,39.54011641,0
2021-09-14T11:19:31Z,3.33792482,39.54003481,0
2021-09-14T11:21:10Z,3.3379018,39.54010303,0
2021-09-14T11:26:33Z,3.33781355,39.54007989,0
2021-09-14T14:13:05Z,3.33778868,39.5401174,0
2021-09-14T14:14:20Z,3.33781304,39.53986058,0
2021-09-14T14:14:38Z,3.33766775,39.53995499,0
2021-09-14T14:14:50Z,3.33773522,39.53982582,0
2021-09-14T14:15:20Z,3.33748466,39.5389082,0
2021-09-14T14:15:38Z,3.33761713,39.53830355,0
2021-09-14T14:15:53Z,3.33787508,39.53784698,0
2021-09-14T14:16:08Z,3.3382619,39.53746995,0
2021-09-14T14:16:35Z,3.33918014,39.53706489,0
2021-09-14T14:17:02Z,3.34019949,39.53683754,0
2021-09-14T14:17:35Z,3.34141063,39.53679916,0
2021-09-14T14:19:50Z,3.34644159,39.53746559,0
2021-09-14T14:20:02Z,3.34688133,39.53759428,0
2021-09-14T14:20:32Z,3.34787954,39.5381568,0
2021-09-14T14:20:47Z,3.34841633,39.53836691,0
2021-09-14T14:21:29Z,3.35005007,39.53862943,0
2021-09-14T14:21:44Z,3.35061336,39.53880298,0
2021-09-14T14:22:35Z,3.35221792,39.53989319,0
2021-09-14T14:23:35Z,3.35426863,39.54099147,0
2021-09-14T14:24:20Z,3.35571404,39.54190666,0
2021-09-14T14:25:17Z,3.35770945,39.54283462,0
2021-09-14T14:25:26Z,3.35803893,39.54285662,0
2021-09-14T14:25:47Z,3.35877634,39.54263367,0
2021-09-14T14:26:08Z,3.35957306,39.54285303,0
2021-09-14T14:26:32Z,3.36050635,39.54295518,0
2021-09-14T14:26:47Z,3.36099659,39.54320906,0
2021-09-14T14:27:08Z,3.36181547,39.54342058,0
2021-09-14T14:27:26Z,3.36243554,39.54373636,0
2021-09-14T14:27:56Z,3.3635644,39.54415371,0
2021-09-14T14:28:29Z,3.36467559,39.54474573,0
2021-09-14T14:28:44Z,3.36514122,39.54504975,0
2021-09-14T14:29:02Z,3.36548684,39.54555946,0
2021-09-14T14:30:17Z,3.36758232,39.54728084,0
2021-09-14T14:30:44Z,3.36825423,39.54801994,0
2021-09-14T14:30:59Z,3.36871536,39.54836379,0
2021-09-14T14:31:23Z,3.36932902,39.54899818,0
2021-09-14T14:31:41Z,3.36990072,39.5493678,0
2021-09-14T14:32:02Z,3.37041639,39.54990946,0
2021-09-14T14:32:32Z,3.3714619,39.55043574,0
2021-09-14T14:32:50Z,3.37190691,39.55089838,0
2021-09-14T14:34:20Z,3.37454553,39.55292609,0
2021-09-14T14:34:38Z,3.37500849,39.55344086,0
2021-09-14T14:35:08Z,3.37585796,39.55414553,0
2021-09-14T14:35:44Z,3.3767747,39.55504814,0
2021-09-14T14:36:02Z,3.37731528,39.55542737,0
2021-09-14T14:36:26Z,3.37786806,39.55603895,0
2021-09-14T14:36:59Z,3.37888179,39.55672653,0
2021-09-14T14:38:50Z,3.38187487,39.55946405,0
2021-09-14T14:39:59Z,3.38383067,39.56104818,0
2021-09-14T14:40:26Z,3.38473344,39.56157807,0
2021-09-14T14:40:50Z,3.38538883,39.56217931,0
2021-09-14T14:42:11Z,3.38775196,39.56403212,0
2021-09-14T14:43:17Z,3.38959307,39.56564293,0
2021-09-14T14:43:38Z,3.38994995,39.56624366,0
2021-09-14T14:44:05Z,3.3908383,39.56668626,0
2021-09-14T14:44:23Z,3.39105476,39.56721343,0
2021-09-14T14:44:44Z,3.39167307,39.56764753,0
2021-09-14T14:45:26Z,3.39267519,39.56869911,0
2021-09-14T14:46:02Z,3.39377395,39.56937307,0
2021-09-14T14:49:02Z,3.39866258,39.5734568,0
2021-09-14T14:50:08Z,3.40057612,39.57482003,0
2021-09-14T14:50:29Z,3.40106961,39.57533049,0
2021-09-14T14:51:02Z,3.40198393,39.57600559,0
2021-09-14T14:51:23Z,3.40263808,39.57635733,0
2021-09-14T14:51:50Z,3.40324606,39.57700108,0
2021-09-14T14:52:14Z,3.40391436,39.57746009,0
2021-09-14T14:52:29Z,3.40412973,39.57785503,0
2021-09-14T14:52:53Z,3.40487479,39.57825039,0
2021-09-14T14:53:11Z,3.4051768,39.57873016,0
2021-09-14T14:53:32Z,3.40569574,39.57920502,0
2021-09-14T14:54:32Z,3.40691159,39.58078077,0
2021-09-14T14:55:23Z,3.40807347,39.58204728,0
2021-09-14T14:57:05Z,3.41015757,39.58477554,0
2021-09-14T14:57:38Z,3.41092581,39.58557287,0
2021-09-14T14:58:08Z,3.41152795,39.58639923,0
2021-09-14T14:58:26Z,3.41196513,39.58683033,0
2021-09-14T14:58:44Z,3.41222647,39.58734658,0
2021-09-14T14:59:32Z,3.41316762,39.58859326,0
2021-09-14T15:01:11Z,3.41527201,39.59111571,0
2021-09-14T15:01:35Z,3.41585439,39.59170037,0
2021-09-14T15:02:35Z,3.41696849,39.59323322,0
2021-09-14T15:03:08Z,3.41776224,39.59410134,0
2021-09-14T15:04:11Z,3.41888845,39.59583081,0
2021-09-14T15:07:17Z,3.422664,39.6007792,0
2021-09-14T15:08:20Z,3.42377896,39.60253982,0
2021-09-14T15:08:47Z,3.42442216,39.60322253,0
2021-09-14T15:09:02Z,3.42459136,39.60365632,0
2021-09-14T15:09:32Z,3.42522765,39.60446813,0
2021-09-14T15:11:38Z,3.42754339,39.60800133,0
2021-09-14T15:12:14Z,3.4280663,39.60905563,0
2021-09-14T15:13:32Z,3.42939123,39.61130213,0
2021-09-14T15:13:56Z,3.42971779,39.61202379,0
2021-09-14T15:14:32Z,3.43043914,39.61301322,0
2021-09-14T15:14:59Z,3.43087842,39.61378863,0
2021-09-14T15:16:47Z,3.43333308,39.61654232,0
2021-09-14T15:18:23Z,3.43516926,39.61918328,0
2021-09-14T15:19:02Z,3.43583394,39.62031242,0
2021-09-14T15:20:38Z,3.43781503,39.62290443,0
2021-09-14T15:21:11Z,3.43857298,39.62374091,0
2021-09-14T15:21:53Z,3.43931178,39.62491842,0
2021-09-14T15:23:08Z,3.44081937,39.62696626,0
2021-09-14T15:24:08Z,3.44185141,39.62867695,0
2021-09-14T15:24:32Z,3.44241276,39.62930392,0
2021-09-14T15:25:11Z,3.44316067,39.63039951,0
2021-09-14T15:26:44Z,3.44476113,39.6330398,0
2021-09-14T15:27:05Z,3.44522821,39.63358644,0
2021-09-14T15:27:26Z,3.4455924,39.63417366,0
2021-09-14T15:27:47Z,3.44607928,39.63470473,0
2021-09-14T15:28:50Z,3.44719764,39.63647983,0
2021-09-14T15:29:56Z,3.44850051,39.6382784,0
2021-09-14T15:31:17Z,3.44990625,39.64054011,0
2021-09-14T15:32:23Z,3.45089467,39.64244042,0
2021-09-14T15:33:20Z,3.45214991,39.64392103,0
2021-09-14T15:35:02Z,3.45475941,39.64628721,0
2021-09-14T15:35:32Z,3.45536241,39.64710211,0
2021-09-14T15:36:17Z,3.45614202,39.6483948,0
2021-09-14T15:37:05Z,3.45680115,39.64984625,0
2021-09-14T15:37:26Z,3.45701579,39.65050714,0
2021-09-14T15:37:56Z,3.45753389,39.65139316,0
2021-09-14T15:38:23Z,3.45783558,39.65224256,0
2021-09-14T15:39:02Z,3.45857044,39.65334533,0
2021-09-14T15:39:44Z,3.4590805,39.65465202,0
2021-09-14T15:40:26Z,3.45981842,39.65586616,0
2021-09-14T15:41:41Z,3.46066795,39.65824173,0
2021-09-14T15:41:50Z,3.46094714,39.65841006,0
2021-09-14T15:42:02Z,3.46139449,39.65838627,0
2021-09-14T15:42:35Z,3.4622459,39.65778938,0
2021-09-14T15:42:47Z,3.4624554,39.65755305,0
2021-09-14T15:42:59Z,3.46251601,39.65726545,0
2021-09-14T15:43:08Z,3.46235379,39.65707485,0
2021-09-14T15:43:17Z,3.46204909,39.65704498,0
2021-09-14T15:43:26Z,3.46180759,39.65722167,0
2021-09-14T15:43:32Z,3.46183188,39.65739392,0
2021-09-14T15:43:38Z,3.46196181,39.65754057,0
2021-09-14T15:43:50Z,3.46239029,39.65759168,0
2021-09-14T15:44:11Z,3.46309405,39.65746471,0
2021-09-14T15:44:17Z,3.46331637,39.65753489,0
2021-09-14T15:44:23Z,3.46346,39.6576879,0
2021-09-14T15:44:35Z,3.4634824,39.65804627,0
2021-09-14T15:44:50Z,3.46325705,39.65849663,0
2021-09-14T15:45:08Z,3.46283612,39.65895406,0
2021-09-14T15:45:20Z,3.46283317,39.65934264,0
2021-09-14T15:45:59Z,3.46369517,39.66038774,0
2021-09-14T15:46:26Z,3.46389291,39.661245,0
2021-09-14T15:47:14Z,3.46467366,39.66268674,0
2021-09-14T15:49:50Z,3.46641491,39.66758256,0
2021-09-14T15:52:14Z,3.46829203,39.67172055,0
2021-09-14T15:52:38Z,3.46854359,39.67211518,0
2021-09-14T15:53:02Z,3.46886343,39.67246029,0
2021-09-14T15:53:08Z,3.46900952,39.67248539,0
2021-09-14T15:53:14Z,3.46912224,39.67243411,0
2021-09-14T15:53:47Z,3.46949762,39.67189125,0
2021-09-14T15:53:56Z,3.46968263,39.67179684,0
2021-09-14T15:54:38Z,3.4707458,39.67167268,0
2021-09-14T15:55:14Z,3.47172118,39.67144497,0
2021-09-14T15:55:32Z,3.47232962,39.67148051,0
2021-09-14T15:55:53Z,3.47295171,39.67140617,0
2021-09-14T15:56:05Z,3.47339163,39.67151205,0
2021-09-14T15:56:11Z,3.47357201,39.67164074,0
2021-09-14T15:57:11Z,3.47399382,39.67316718,0
2021-09-14T15:57:59Z,3.47451402,39.67452703,0
2021-09-14T15:58:50Z,3.4748034,39.67593414,0
2021-09-14T15:59:29Z,3.47545032,39.67717519,0
2021-09-14T15:59:50Z,3.47551555,39.67773962,0
2021-09-14T16:00:41Z,3.47592327,39.67918698,0
2021-09-14T16:01:35Z,3.47661274,39.68087212,0
2021-09-14T16:04:47Z,3.47742779,39.68600914,0
2021-09-14T16:05:32Z,3.47776079,39.68722289,0
2021-09-14T16:06:38Z,3.4778594,39.68901077,0
2021-09-14T16:07:08Z,3.47813909,39.68984459,0
2021-09-14T16:07:47Z,3.47817387,39.69094034,0
2021-09-14T16:08:26Z,3.47830834,39.69202548,0
2021-09-14T16:08:41Z,3.47838216,39.69246602,0
2021-09-14T16:09:02Z,3.47862772,39.69309853,0
2021-09-14T16:09:20Z,3.47862936,39.69365263,0
2021-09-14T16:11:26Z,3.47906527,39.69737571,0
2021-09-14T16:12:14Z,3.47939655,39.69889771,0
2021-09-14T16:12:41Z,3.47949482,39.69971979,0
2021-09-14T16:13:14Z,3.4794462,39.70068556,0
2021-09-14T16:15:59Z,3.47953597,39.70549196,0
2021-09-14T16:16:44Z,3.47979391,39.70676637,0
2021-09-14T16:18:08Z,3.48044764,39.70916301,0
2021-09-14T16:19:20Z,3.48087348,39.71121588,0
2021-09-14T16:20:35Z,3.48089956,39.71334291,0
2021-09-14T16:21:50Z,3.4807184,39.71539768,0
2021-09-14T16:22:20Z,3.48054536,39.71620411,0
2021-09-14T16:22:35Z,3.48063974,39.71659491,0
2021-09-14T16:22:47Z,3.480612,39.71691384,0
2021-09-14T16:23:38Z,3.48007796,39.71823223,0
2021-09-14T16:24:17Z,3.47950588,39.71920489,0
2021-09-14T16:25:14Z,3.4792203,39.72105323,0
2021-09-14T16:25:53Z,3.4785285,39.72224203,0
2021-09-14T16:27:47Z,3.47709325,39.72582204,0
2021-09-14T16:29:38Z,3.47538812,39.72924595,0
2021-09-14T16:32:08Z,3.47276257,39.73383296,0
2021-09-14T16:34:11Z,3.47050507,39.73744064,0
2021-09-14T16:34:32Z,3.47023106,39.73809235,0
2021-09-14T16:37:29Z,3.46741186,39.74327021,0
2021-09-14T16:37:35Z,3.46740019,39.74351428,0
2021-09-14T16:37:44Z,3.46726159,39.74379732,0
2021-09-14T16:38:35Z,3.46625567,39.74527033,0
2021-09-14T16:39:17Z,3.46528979,39.74639689,0
2021-09-14T16:39:44Z,3.46475606,39.74714421,0
2021-09-14T16:41:11Z,3.46257204,39.74915795,0
2021-09-14T16:43:20Z,3.45867877,39.75164499,0
2021-09-14T16:44:08Z,3.45733046,39.75269508,0
2021-09-14T16:45:11Z,3.45523413,39.75372874,0
2021-09-14T16:45:53Z,3.45440405,39.75486047,0
2021-09-14T16:46:17Z,3.45376683,39.75546649,0
2021-09-14T16:47:26Z,3.45149909,39.75684856,0
2021-09-14T16:48:53Z,3.44843087,39.75830369,0
2021-09-14T16:49:35Z,3.4470646,39.75905773,0
2021-09-14T16:50:47Z,3.4448596,39.76050764,0
2021-09-14T16:51:05Z,3.44436261,39.76094657,0
2021-09-14T16:51:26Z,3.4437071,39.76137296,0
2021-09-14T16:52:44Z,3.44107069,39.76280132,0
2021-09-14T16:53:02Z,3.44064465,39.76325713,0
2021-09-14T16:53:26Z,3.43997755,39.76378978,0
2021-09-14T16:54:26Z,3.4380748,39.7649715,0
2021-09-14T16:54:44Z,3.4375596,39.76538216,0
2021-09-14T16:56:50Z,3.43317748,39.7675539,0
2021-09-14T16:57:59Z,3.4306831,39.76860992,0
2021-09-14T16:58:29Z,3.42968571,39.76920295,0
2021-09-14T16:59:50Z,3.42667362,39.7703731,0
2021-09-14T17:00:56Z,3.42442329,39.77158826,0
2021-09-14T17:01:50Z,3.42237603,39.77238744,0
2021-09-14T17:02:29Z,3.42110783,39.77319248,0
2021-09-14T17:03:32Z,3.4191964,39.7746216,0
2021-09-14T17:04:26Z,3.41748837,39.77574916,0
2021-09-14T17:07:05Z,3.41183139,39.77857036,0
2021-09-14T17:08:29Z,3.40894225,39.78016109,0
2021-09-14T17:08:47Z,3.40828104,39.78043046,0
2021-09-14T17:09:44Z,3.40594738,39.78084653,0
2021-09-14T17:13:05Z,3.39762139,39.78281512,0
2021-09-14T17:15:05Z,3.39242071,39.78388132,0
2021-09-14T17:15:50Z,3.39039811,39.78415362,0
2021-09-14T17:18:24Z,3.38452993,39.78535301,0
2021-09-14T17:19:09Z,3.38319841,39.78574784,0
2021-09-14T17:19:57Z,3.38176522,39.78600492,0
2021-09-14T17:20:39Z,3.38058909,39.78639123,0
2021-09-14T17:21:24Z,3.37931107,39.78665214,0
2021-09-14T17:22:33Z,3.37734543,39.7872363,0
2021-09-14T17:23:27Z,3.37534569,39.78746079,0
2021-09-14T17:24:33Z,3.37284237,39.78792474,0
2021-09-14T17:25:03Z,3.37187742,39.78823332,0
2021-09-14T17:26:06Z,3.36968723,39.78871044,0
2021-09-14T17:26:57Z,3.36775358,39.78893591,0
2021-09-14T17:27:51Z,3.36593268,39.78925869,0
2021-09-14T17:30:18Z,3.35954987,39.78978836,0
2021-09-14T17:31:51Z,3.35546721,39.79023947,0
2021-09-14T17:33:27Z,3.35173298,39.79084038,0
2021-09-14T17:33:57Z,3.35063974,39.79114432,0
2021-09-14T17:35:03Z,3.34783641,39.79137222,0
2021-09-14T17:35:27Z,3.3468646,39.79119602,0
2021-09-14T17:35:51Z,3.34589005,39.79084168,0
2021-09-14T17:36:30Z,3.34430994,39.79066064,0
2021-09-14T17:38:27Z,3.34044268,39.79064487,0
2021-09-14T17:39:00Z,3.33933533,39.7904964,0
2021-09-14T17:39:54Z,3.33757503,39.78993873,0
2021-09-14T17:40:00Z,3.33753977,39.78982486,0
2021-09-14T17:40:24Z,3.33787131,39.78964798,0
2021-09-14T17:40:39Z,3.33800474,39.78941518,0
2021-09-14T17:40:48Z,3.33821666,39.78941914,0
2021-09-14T17:41:00Z,3.33834863,39.78968231,0
2021-09-14T17:41:15Z,3.3387913,39.78991762,0
2021-09-14T17:42:42Z,3.34132586,39.79015037,0
2021-09-14T17:43:15Z,3.34155177,39.79064666,0
2021-09-14T17:44:03Z,3.34200444,39.79130617,0
2021-09-14T17:44:27Z,3.34223877,39.79150304,0
2021-09-14T17:44:39Z,3.34231523,39.79173808,0
2021-09-14T17:44:57Z,3.34253842,39.79185669,0
2021-09-14T17:45:09Z,3.34264524,39.7920722,0
2021-09-14T17:46:24Z,3.34363086,39.79304818,0
2021-09-14T17:48:24Z,3.3453146,39.79449946,0
2021-09-14T17:49:54Z,3.3460237,39.79520904,0
2021-09-14T17:50:51Z,3.34622256,39.79564222,0
2021-09-14T17:51:27Z,3.34622438,39.79591136,0
2021-09-14T17:52:30Z,3.34678554,39.79672403,0
2021-09-14T17:52:42Z,3.34680301,39.79699518,0
2021-09-14T17:53:39Z,3.34596853,39.79792715,0
2021-09-14T17:54:09Z,3.34565671,39.79844164,0
2021-09-14T17:55:12Z,3.34444491,39.79912901,0
2021-09-14T17:56:06Z,3.34369875,39.79997978,0
2021-09-14T17:56:33Z,3.34311279,39.79993961,0
2021-09-14T17:57:27Z,3.34150438,39.79953571,0
2021-09-14T17:57:51Z,3.34068595,39.79954895,0
2021-09-14T17:58:06Z,3.34022173,39.79937191,0
2021-09-14T18:00:33Z,3.33639064,39.79731989,0
2021-09-14T18:02:30Z,3.33406199,39.79516695,0
2021-09-14T18:02:48Z,3.33364287,39.7948738,0
2021-09-14T18:04:03Z,3.33118311,39.79437744,0
2021-09-14T18:05:00Z,3.32965332,39.79361747,0
2021-09-14T18:05:48Z,3.32798328,39.79323087,0
2021-09-14T18:06:03Z,3.32745376,39.79300497,0
2021-09-14T18:06:24Z,3.32683656,39.7925699,0
2021-09-14T18:07:27Z,3.32455933,39.7915967,0
2021-09-14T18:07:51Z,3.32391858,39.79104087,0
2021-09-14T18:08:18Z,3.32330488,39.79035433,0
2021-09-14T18:09:06Z,3.32198891,39.789304,0
2021-09-14T18:09:57Z,3.32082194,39.78803755,0
2021-09-14T18:10:36Z,3.32041574,39.78692624,0
2021-09-14T18:11:30Z,3.31969551,39.78543771,0
2021-09-14T18:12:00Z,3.31911256,39.78462939,0
2021-09-14T18:12:48Z,3.31872989,39.78322137,0
2021-09-14T18:13:45Z,3.31861067,39.78150142,0
2021-09-14T18:15:09Z,3.31790489,39.779046,0
2021-09-14T18:15:36Z,3.31760001,39.77828518,0
2021-09-14T18:16:33Z,3.31673131,39.77673427,0
2021-09-14T18:18:06Z,3.31508928,39.77433153,0
2021-09-14T18:18:30Z,3.31460184,39.77376027,0
2021-09-14T18:19:12Z,3.31391849,39.77266809,0
2021-09-14T18:19:18Z,3.31390637,39.77249855,0
2021-09-14T18:19:30Z,3.31415435,39.77224269,0
2021-09-14T18:19:51Z,3.31479647,39.77194143,0
2021-09-14T18:20:45Z,3.31609191,39.77116059,0
2021-09-14T18:21:27Z,3.3165334,39.77037165,0
2021-09-14T18:22:21Z,3.31735261,39.76953922,0
2021-09-14T18:22:48Z,3.31762044,39.76907663,0
2021-09-14T18:23:48Z,3.31861737,39.76832035,0
2021-09-14T18:24:09Z,3.31874078,39.7681393,0
2021-09-14T18:24:21Z,3.31887735,39.76819168,0
2021-09-14T18:24:30Z,3.31887504,39.76834198,0
2021-09-14T18:24:36Z,3.31873961,39.76839706,0
2021-09-14T18:24:45Z,3.31860742,39.7682867,0
2021-09-14T18:25:51Z,3.31967572,39.76736482,0
2021-09-14T18:26:42Z,3.32022672,39.76643163,0
2021-09-14T18:27:21Z,3.32078917,39.76581934,0
2021-09-14T18:28:18Z,3.32141676,39.76482823,0
2021-09-14T18:29:06Z,3.32200533,39.76415879,0
2021-09-14T18:29:42Z,3.32226371,39.76373776,0
2021-09-14T18:30:03Z,3.32249997,39.76353687,0
2021-09-14T18:30:33Z,3.32257829,39.76316779,0
2021-09-14T18:31:30Z,3.32304883,39.76236557,0
2021-09-14T18:32:00Z,3.32343294,39.76196084,0
2021-09-14T18:33:03Z,3.3238855,39.76081909,0
2021-09-14T18:35:00Z,3.32496086,39.75894658,0
2021-09-14T18:35:33Z,3.32469976,39.75912138,0
2021-09-14T18:36:12Z,3.32443194,39.75918682,0
2021-09-14T18:36:42Z,3.32439125,39.75902917,0
2021-09-14T18:37:06Z,3.32455299,39.75887718,0
2021-09-14T18:37:21Z,3.32471813,39.75887991,0
2021-09-14T18:37:36Z,3.32479257,39.75900053,0
2021-09-14T18:38:00Z,3.32461239,39.75913498,0
2021-09-14T18:38:21Z,3.32452887,39.75898352,0
2021-09-14T18:39:30Z,3.32473799,39.75891405,0
2021-09-14T18:40:15Z,3.32454679,39.75878954,0
2021-09-14T18:42:30Z,3.32442222,39.75888415,0
2021-09-14T18:44:24Z,3.32470033,39.75876836,0
2021-09-14T18:45:42Z,3.32441132,39.75888612,0
2021-09-14T18:55:39Z,3.32467415,39.75875483,0
2021-09-14T18:57:00Z,3.32441388,39.75891039,0
2021-09-14T18:59:57Z,3.32466563,39.75873293,0
2021-09-14T19:01:39Z,3.3244558,39.7588178,0
2021-09-14T19:02:45Z,3.32461891,39.75889028,0
2021-09-14T19:04:27Z,3.32471612,39.7587442,0
2021-09-14T19:05:54Z,3.32440636,39.75890133,0
2021-09-14T19:07:03Z,3.3245709,39.75876671,0
2021-09-14T19:07:51Z,3.32444774,39.75882102,0
2021-09-14T19:08:38Z,3.3244706,39.75891843,0

2021-09-15T08:03:18Z,3.31003213,39.77410591,0
2021-09-15T08:10:54Z,3.30350739,39.78473219,0
2021-09-15T08:11:36Z,3.30296649,39.78569572,0
2021-09-15T08:12:39Z,3.30244809,39.78723261,0
2021-09-15T08:14:09Z,3.30202034,39.78942897,0
2021-09-15T08:16:00Z,3.30203503,39.79134038,0
2021-09-15T08:20:48Z,3.30173067,39.79613911,0
2021-09-15T08:28:45Z,3.30105834,39.80467774,0
2021-09-15T08:31:24Z,3.3009359,39.80743683,0
2021-09-15T08:31:48Z,3.3007686,39.80781383,0
2021-09-15T08:33:42Z,3.29883615,39.80951906,0
2021-09-15T08:34:51Z,3.29764856,39.81068754,0
2021-09-15T08:36:39Z,3.29625222,39.81231611,0
2021-09-15T08:38:03Z,3.29553811,39.81342706,0
2021-09-15T08:39:09Z,3.29480433,39.81437372,0
2021-09-15T08:44:48Z,3.28956072,39.81981403,0
2021-09-15T09:03:39Z,3.27452316,39.83577346,0
2021-09-15T09:15:24Z,3.26701219,39.84386813,0
2021-09-15T09:17:57Z,3.26579209,39.84620798,0
2021-09-15T09:24:21Z,3.26231116,39.8520182,0
2021-09-15T09:27:24Z,3.26096615,39.85441362,0
2021-09-15T09:29:27Z,3.25986778,39.85613047,0
2021-09-15T09:32:03Z,3.25886574,39.85800295,0
2021-09-15T09:39:09Z,3.2547855,39.86462853,0
2021-09-15T09:40:48Z,3.25340667,39.8666537,0
2021-09-15T09:42:45Z,3.25202175,39.86894471,0
2021-09-15T09:44:30Z,3.25008554,39.87099979,0
2021-09-15T09:47:48Z,3.24515192,39.87576953,0
2021-09-15T09:48:54Z,3.24352556,39.8774514,0
2021-09-15T09:51:21Z,3.23950185,39.88124692,0
2021-09-15T09:51:33Z,3.23944076,39.88160522,0
2021-09-15T09:52:06Z,3.23980925,39.88240715,0
2021-09-15T09:52:27Z,3.23992606,39.88286526,0
2021-09-15T09:52:42Z,3.23994262,39.88317166,0
2021-09-15T09:52:51Z,3.23982456,39.88333481,0
2021-09-15T09:53:36Z,3.23884134,39.88410299,0
2021-09-15T09:54:42Z,3.2375553,39.88550782,0
2021-09-15T09:55:30Z,3.23622606,39.88650974,0
2021-09-15T09:55:54Z,3.23565867,39.88708625,0
2021-09-15T09:56:42Z,3.23435266,39.88813083,0
2021-09-15T09:58:39Z,3.23168093,39.88993434,0
2021-09-15T10:00:51Z,3.22765662,39.89235571,0
2021-09-15T10:01:09Z,3.22721163,39.89270365,0
2021-09-15T10:02:27Z,3.22587511,39.89409099,0
2021-09-15T10:02:48Z,3.22536688,39.89449546,0
2021-09-15T10:04:12Z,3.22310965,39.89602792,0
2021-09-15T10:05:57Z,3.22056464,39.8979382,0
2021-09-15T10:06:21Z,3.21989545,39.89834403,0
2021-09-15T10:07:51Z,3.2178609,39.89934774,0
2021-09-15T10:08:24Z,3.21740798,39.89991505,0
2021-09-15T10:09:30Z,3.21593469,39.90083373,0
2021-09-15T10:10:33Z,3.21431756,39.90164866,0
2021-09-15T10:10:51Z,3.21367451,39.90180287,0
2021-09-15T10:12:03Z,3.21168988,39.90201721,0
2021-09-15T10:12:30Z,3.21133986,39.90226988,0
2021-09-15T10:13:03Z,3.21065911,39.90258464,0
2021-09-15T10:13:51Z,3.20944854,39.90298661,0
2021-09-15T10:15:00Z,3.20768015,39.90332365,0
2021-09-15T10:16:21Z,3.20569447,39.90402098,0
2021-09-15T10:18:03Z,3.20333112,39.90432281,0
2021-09-15T10:18:39Z,3.20256671,39.90457844,0
2021-09-15T10:19:27Z,3.20160092,39.90465182,0
2021-09-15T10:19:51Z,3.20111075,39.90485774,0
2021-09-15T10:23:09Z,3.197526,39.90543953,0
2021-09-15T10:23:33Z,3.19731485,39.90561141,0
2021-09-15T10:24:03Z,3.19683118,39.90581266,0
2021-09-15T10:25:21Z,3.19538641,39.90602845,0
2021-09-15T10:26:12Z,3.19452252,39.90626461,0
2021-09-15T10:26:48Z,3.19391945,39.90658187,0
2021-09-15T10:27:12Z,3.19333233,39.90670628,0
2021-09-15T10:30:15Z,3.18858385,39.9071151,0
2021-09-15T10:32:36Z,3.18548612,39.90753052,0
2021-09-15T10:33:39Z,3.18424638,39.9075935,0
2021-09-15T10:35:27Z,3.18207345,39.90800053,0
2021-09-15T10:36:45Z,3.17999985,39.90825109,0
2021-09-15T10:38:15Z,3.17721054,39.90891371,0
2021-09-15T10:40:00Z,3.1746785,39.90928496,0
2021-09-15T10:41:21Z,3.17297239,39.90966086,0
2021-09-15T10:42:45Z,3.17096281,39.90977358,0
2021-09-15T10:44:30Z,3.16793978,39.91037931,0
2021-09-15T10:46:15Z,3.16511358,39.91052743,0
2021-09-15T10:48:00Z,3.16272725,39.91049143,0
2021-09-15T10:48:21Z,3.16224489,39.91064269,0
2021-09-15T10:49:21Z,3.16044277,39.91085646,0
2021-09-15T10:52:21Z,3.15625725,39.91034498,0
2021-09-15T10:53:09Z,3.15509926,39.91030193,0
2021-09-15T10:53:27Z,3.15481286,39.91018115,0
2021-09-15T10:54:54Z,3.15317541,39.90998275,0
2021-09-15T10:56:51Z,3.15035096,39.90978714,0
2021-09-15T10:58:24Z,3.14853625,39.90935484,0
2021-09-15T10:59:30Z,3.14735235,39.90922802,0
2021-09-15T11:02:12Z,3.14432017,39.90908437,0
2021-09-15T11:03:39Z,3.14253511,39.90913213,0
2021-09-15T11:04:51Z,3.14105919,39.9090082,0
2021-09-15T11:06:33Z,3.13904864,39.90903027,0
2021-09-15T11:07:15Z,3.13828836,39.90919262,0
2021-09-15T11:07:27Z,3.13825866,39.90911498,0
2021-09-15T11:07:51Z,3.13859524,39.90901581,0
2021-09-15T11:08:39Z,3.13877216,39.90880387,0
2021-09-15T11:08:51Z,3.13876188,39.90867636,0
2021-09-15T11:10:39Z,3.13940642,39.90737231,0
2021-09-15T11:11:24Z,3.13958656,39.90666545,0
2021-09-15T11:12:45Z,3.13988682,39.90591561,0
2021-09-15T11:13:15Z,3.1401932,39.90556127,0
2021-09-15T11:13:39Z,3.14028063,39.90516639,0
2021-09-15T11:15:33Z,3.14106197,39.9032961,0
2021-09-15T11:17:06Z,3.14114379,39.90180292,0
2021-09-15T11:17:30Z,3.14124711,39.90144597,0
2021-09-15T11:17:51Z,3.14110679,39.90114613,0
2021-09-15T11:18:27Z,3.14062704,39.90058403,0
2021-09-15T11:18:48Z,3.1401704,39.90028301,0
2021-09-15T11:19:57Z,3.13828145,39.8997012,0
2021-09-15T11:21:09Z,3.1361589,39.89940608,0
2021-09-15T11:26:36Z,3.12715644,39.89783525,0
2021-09-15T11:29:15Z,3.12272559,39.89777174,0
2021-09-15T11:30:24Z,3.1208068,39.89763192,0
2021-09-15T11:32:24Z,3.11740312,39.89787048,0
2021-09-15T11:33:12Z,3.11609587,39.8981981,0
2021-09-15T11:35:39Z,3.11196946,39.89882435,0
2021-09-15T11:36:09Z,3.11106252,39.89889449,0
2021-09-15T11:37:30Z,3.10827267,39.89885223,0
2021-09-15T11:38:51Z,3.10566462,39.89908668,0
2021-09-15T11:39:48Z,3.10379675,39.89915464,0
2021-09-15T11:42:15Z,3.0992144,39.89975814,0
2021-09-15T11:44:42Z,3.09477078,39.90017849,0
2021-09-15T11:48:27Z,3.0878941,39.90114768,0
2021-09-15T11:49:24Z,3.08613772,39.90126756,0
2021-09-15T11:49:57Z,3.08541508,39.90152499,0
2021-09-15T11:50:12Z,3.08520889,39.90174257,0
2021-09-15T11:50:24Z,3.08515161,39.9019629,0
2021-09-15T11:50:39Z,3.08522099,39.90224603,0
2021-09-15T11:51:54Z,3.08599257,39.90358074,0
2021-09-15T11:52:45Z,3.08629477,39.90429861,0
2021-09-15T11:52:57Z,3.08616725,39.90441783,0
2021-09-15T11:53:21Z,3.08581212,39.90451848,0
2021-09-15T11:54:21Z,3.08490575,39.90451503,0
2021-09-15T11:55:33Z,3.08475253,39.9042638,0
2021-09-15T12:00:24Z,3.08484396,39.90400461,0

2021-09-16T07:50:04Z,3.08555829,39.90336467,0
2021-09-16T07:50:50Z,3.08501111,39.90263181,0
2021-09-16T07:51:11Z,3.08487047,39.90224963,0
2021-09-16T07:51:29Z,3.08487641,39.90191734,0
2021-09-16T07:51:59Z,3.08519066,39.90136448,0
2021-09-16T07:53:05Z,3.08635388,39.90024078,0
2021-09-16T07:53:35Z,3.08706582,39.89985416,0
2021-09-16T07:54:23Z,3.08851582,39.89930767,0
2021-09-16T07:55:17Z,3.09032779,39.89848938,0
2021-09-16T07:56:29Z,3.09298489,39.89758533,0
2021-09-16T07:57:53Z,3.0963415,39.89725549,0
2021-09-16T07:58:59Z,3.0990027,39.89713017,0
2021-09-16T08:00:50Z,3.1034637,39.89743536,0
2021-09-16T08:02:14Z,3.10670827,39.8979896,0
2021-09-16T08:02:53Z,3.10820147,39.8977621,0
2021-09-16T08:03:20Z,3.10924733,39.89780589,0
2021-09-16T08:03:47Z,3.11025266,39.89811136,0
2021-09-16T08:05:05Z,3.11299425,39.89920244,0
2021-09-16T08:09:17Z,3.12198401,39.9030657,0
2021-09-16T08:14:50Z,3.13440753,39.90771592,0
2021-09-16T08:18:56Z,3.14367396,39.91145265,0
2021-09-16T08:22:32Z,3.15133344,39.91525942,0
2021-09-16T08:23:59Z,3.15434175,39.91692165,0
2021-09-16T08:24:53Z,3.15594143,39.91814078,0
2021-09-16T08:26:47Z,3.15994699,39.92006045,0
2021-09-16T08:28:35Z,3.16375766,39.921715,0
2021-09-16T08:33:20Z,3.1736384,39.92627395,0
2021-09-16T08:34:59Z,3.17718644,39.92764891,0
2021-09-16T08:38:38Z,3.18464565,39.93115123,0
2021-09-16T08:42:08Z,3.19207468,39.93417203,0
2021-09-16T08:43:26Z,3.19486094,39.93526308,0
2021-09-16T08:43:56Z,3.19606724,39.93556746,0
2021-09-16T08:44:17Z,3.1968016,39.93593537,0
2021-09-16T08:47:53Z,3.20271062,39.94123571,0
2021-09-16T08:49:53Z,3.20595565,39.9442809,0
2021-09-16T08:52:35Z,3.20966476,39.94880798,0
2021-09-16T08:54:32Z,3.21246873,39.95181352,0
2021-09-16T08:55:29Z,3.21369933,39.95330921,0
2021-09-16T08:55:59Z,3.2142857,39.95414122,0
2021-09-16T08:56:35Z,3.21488013,39.95518376,0
2021-09-16T08:58:23Z,3.21620806,39.95846179,0
2021-09-16T08:58:50Z,3.21644921,39.95930267,0
2021-09-16T08:59:32Z,3.21666261,39.96062061,0
2021-09-16T09:00:05Z,3.21657229,39.96165313,0
2021-09-16T09:00:23Z,3.21639584,39.96217855,0
2021-09-16T09:00:35Z,3.21618737,39.96249813,0
2021-09-16T09:00:53Z,3.215717,39.96286513,0
2021-09-16T09:02:08Z,3.21365317,39.96403176,0
2021-09-16T09:04:53Z,3.20859561,39.96496272,0
2021-09-16T09:06:44Z,3.20537218,39.96513083,0
2021-09-16T09:07:59Z,3.20328624,39.9653696,0
2021-09-16T09:09:32Z,3.20096744,39.96544387,0
2021-09-16T09:10:17Z,3.19984131,39.96565652,0
2021-09-16T09:14:29Z,3.19378923,39.96615934,0
2021-09-16T09:16:02Z,3.19155133,39.96645033,0
2021-09-16T09:16:50Z,3.19046211,39.96640614,0
2021-09-16T09:20:56Z,3.18444395,39.96673838,0
2021-09-16T09:23:59Z,3.18084529,39.96671638,0
2021-09-16T09:24:29Z,3.18021369,39.96681553,0
2021-09-16T09:26:47Z,3.17740451,39.96645503,0
2021-09-16T09:27:05Z,3.17706558,39.96649534,0
2021-09-16T09:29:05Z,3.17445838,39.96627943,0
2021-09-16T09:31:11Z,3.17160421,39.96581313,0
2021-09-16T09:31:44Z,3.17082635,39.96561613,0
2021-09-16T09:33:20Z,3.16851336,39.96529844,0
2021-09-16T09:37:11Z,3.16288627,39.96457149,0
2021-09-16T09:38:05Z,3.16145198,39.9645114,0
2021-09-16T09:42:20Z,3.15470025,39.96317631,0
2021-09-16T09:44:05Z,3.15181487,39.96272065,0
2021-09-16T09:44:23Z,3.1513503,39.96273917,0
2021-09-16T09:44:53Z,3.15076874,39.96325099,0
2021-09-16T09:45:17Z,3.15010604,39.9634011,0
2021-09-16T09:45:41Z,3.14943741,39.96323694,0
2021-09-16T09:45:59Z,3.14912409,39.96347336,0
2021-09-16T09:46:29Z,3.14841767,39.96364403,0
2021-09-16T09:47:20Z,3.14685002,39.96350195,0
2021-09-16T09:48:05Z,3.14535948,39.96315305,0
2021-09-16T09:48:35Z,3.14465167,39.9633661,0
2021-09-16T09:50:32Z,3.1405836,39.96240102,0
2021-09-16T09:51:20Z,3.13895074,39.96210418,0
2021-09-16T09:51:53Z,3.13802034,39.96239857,0
2021-09-16T09:52:17Z,3.13733058,39.96243741,0
2021-09-16T09:53:59Z,3.1337674,39.96170204,0
2021-09-16T09:55:02Z,3.13176673,39.96114221,0
2021-09-16T09:58:08Z,3.12522008,39.95994037,0
2021-09-16T09:59:32Z,3.1224703,39.95915461,0
2021-09-16T10:02:29Z,3.11634493,39.95772466,0
2021-09-16T10:03:14Z,3.11490862,39.95746501,0
2021-09-16T10:04:08Z,3.1132078,39.95697437,0
2021-09-16T10:05:50Z,3.10943545,39.95606621,0
2021-09-16T10:07:11Z,3.10663896,39.9552573,0
2021-09-16T10:07:59Z,3.10498906,39.95493101,0
2021-09-16T10:10:29Z,3.09959044,39.95351311,0
2021-09-16T10:13:14Z,3.09335164,39.95224057,0
2021-09-16T10:16:35Z,3.0854554,39.95026469,0
2021-09-16T10:18:05Z,3.0816175,39.94959587,0
2021-09-16T10:19:53Z,3.07770374,39.94862496,0
2021-09-16T10:20:53Z,3.07582076,39.94832812,0
2021-09-16T10:22:29Z,3.07260485,39.94748363,0
2021-09-16T10:24:23Z,3.06897493,39.94636525,0
2021-09-16T10:26:02Z,3.06579838,39.9458039,0
2021-09-16T10:27:02Z,3.06399337,39.94534841,0
2021-09-16T10:27:50Z,3.06261939,39.94514175,0
2021-09-16T10:28:32Z,3.06138419,39.9448104,0
2021-09-16T10:29:50Z,3.05923544,39.94473482,0
2021-09-16T10:31:20Z,3.05601457,39.94400994,0
2021-09-16T10:34:17Z,3.05028608,39.94288595,0
2021-09-16T10:35:17Z,3.04837733,39.94275591,0
2021-09-16T10:37:56Z,3.04347555,39.94212527,0
2021-09-16T10:39:56Z,3.04040416,39.94186206,0
2021-09-16T10:40:41Z,3.03913467,39.94152765,0
2021-09-16T10:42:17Z,3.03589678,39.94091604,0
2021-09-16T10:44:29Z,3.03157246,39.93985134,0
2021-09-16T10:45:20Z,3.0303834,39.93974935,0
2021-09-16T10:47:17Z,3.0274219,39.93895025,0
2021-09-16T10:48:20Z,3.02544485,39.93861649,0
2021-09-16T10:49:23Z,3.02343357,39.93807869,0
2021-09-16T10:51:11Z,3.01993707,39.93730972,0
2021-09-16T10:54:08Z,3.01453591,39.93640388,0
2021-09-16T10:55:23Z,3.01201124,39.93581293,0
2021-09-16T10:55:59Z,3.01076962,39.93577106,0
2021-09-16T10:59:20Z,3.00418597,39.93425606,0
2021-09-16T11:02:23Z,2.99759603,39.93329797,0
2021-09-16T11:03:08Z,2.99606892,39.93317455,0
2021-09-16T11:05:05Z,2.99175284,39.9323082,0
2021-09-16T11:06:59Z,2.98741108,39.93171823,0
2021-09-16T11:07:32Z,2.98610173,39.93165207,0
2021-09-16T11:09:59Z,2.98056563,39.93062297,0
2021-09-16T11:11:05Z,2.9781037,39.93002158,0
2021-09-16T11:12:05Z,2.97589407,39.92964608,0
2021-09-16T11:13:44Z,2.97225137,39.92858423,0
2021-09-16T11:18:44Z,2.96090713,39.92592266,0
2021-09-16T11:19:20Z,2.95957343,39.92549499,0
2021-09-16T11:19:32Z,2.95924518,39.92523705,0
2021-09-16T11:19:50Z,2.95863614,39.9249906,0
2021-09-16T11:24:35Z,2.94863094,39.92194207,0
2021-09-16T11:28:08Z,2.94126199,39.9192262,0
2021-09-16T11:29:02Z,2.93940486,39.91870172,0
2021-09-16T11:30:05Z,2.93718891,39.91792257,0
2021-09-16T11:30:41Z,2.93586646,39.91757485,0
2021-09-16T11:32:35Z,2.93164832,39.91608822,0
2021-09-16T11:33:32Z,2.92951487,39.91552252,0
2021-09-16T11:34:29Z,2.92735037,39.91502589,0
2021-09-16T11:35:56Z,2.92405812,39.91467672,0
2021-09-16T11:38:05Z,2.91925931,39.91387827,0
2021-09-16T11:40:26Z,2.91378867,39.9133333,0
2021-09-16T11:40:41Z,2.91316552,39.91333178,0
2021-09-16T11:41:53Z,2.91115943,39.91394586,0
2021-09-16T11:42:38Z,2.90950092,39.91352329,0
2021-09-16T11:43:53Z,2.90657331,39.91259319,0
2021-09-16T11:45:56Z,2.90223368,39.91171474,0
2021-09-16T11:46:59Z,2.90005109,39.91113091,0
2021-09-16T11:47:47Z,2.89836896,39.9104614,0
2021-09-16T11:48:14Z,2.89737116,39.91016917,0
2021-09-16T11:48:59Z,2.89575102,39.90949887,0
2021-09-16T11:49:23Z,2.89479345,39.90923613,0
2021-09-16T11:50:23Z,2.89260606,39.90844383,0
2021-09-16T11:51:29Z,2.89023695,39.90740061,0
2021-09-16T11:52:53Z,2.88736652,39.9062841,0
2021-09-16T11:53:32Z,2.88613462,39.90569184,0
2021-09-16T11:55:35Z,2.8821354,39.90417428,0
2021-09-16T12:00:11Z,2.87299989,39.90031503,0
2021-09-16T12:04:41Z,2.86419528,39.89709977,0
2021-09-16T12:05:26Z,2.86275634,39.89675611,0
2021-09-16T12:09:44Z,2.85419986,39.89376081,0
2021-09-16T12:11:02Z,2.85155809,39.89307733,0
2021-09-16T12:12:32Z,2.84852371,39.89211426,0
2021-09-16T12:16:20Z,2.84085815,39.88998573,0
2021-09-16T12:17:32Z,2.83853423,39.88924294,0
2021-09-16T12:18:11Z,2.83714051,39.88891833,0
2021-09-16T12:18:50Z,2.83594423,39.88881709,0
2021-09-16T12:19:47Z,2.83415468,39.88758913,0
2021-09-16T12:21:17Z,2.83133566,39.88585117,0
2021-09-16T12:22:05Z,2.82977275,39.88527104,0
2021-09-16T12:22:38Z,2.82880964,39.88474664,0
2021-09-16T12:23:17Z,2.82756729,39.88434381,0
2021-09-16T12:25:08Z,2.82411896,39.88264368,0
2021-09-16T12:26:17Z,2.82205012,39.8818288,0
2021-09-16T12:26:53Z,2.82104161,39.88127824,0
2021-09-16T12:27:47Z,2.8193329,39.88067428,0
2021-09-16T12:29:14Z,2.81668202,39.87928503,0
2021-09-16T12:30:23Z,2.8146186,39.87805434,0
2021-09-16T12:31:17Z,2.81291687,39.87723163,0
2021-09-16T12:32:26Z,2.81099066,39.87598161,0
2021-09-16T12:33:41Z,2.8086426,39.87487486,0
2021-09-16T12:36:08Z,2.80450624,39.87234035,0
2021-09-16T12:38:05Z,2.80088948,39.87098127,0
2021-09-16T12:39:23Z,2.79870282,39.86977178,0
2021-09-16T12:39:59Z,2.79777104,39.86915334,0
2021-09-16T12:41:17Z,2.79522645,39.86790134,0
2021-09-16T12:41:56Z,2.79395903,39.86742911,0
2021-09-16T12:42:44Z,2.79236685,39.86698182,0
2021-09-16T12:43:59Z,2.7898151,39.86659293,0
2021-09-16T12:47:11Z,2.78310949,39.86522366,0
2021-09-16T12:48:23Z,2.7808727,39.86414351,0
2021-09-16T12:49:35Z,2.7785227,39.86316396,0
2021-09-16T12:51:08Z,2.77558876,39.8617393,0
2021-09-16T12:52:05Z,2.773528,39.86114678,0
2021-09-16T12:54:02Z,2.76947655,39.8597333,0
2021-09-16T12:56:11Z,2.76524192,39.85752097,0
2021-09-16T13:00:05Z,2.75766094,39.8533155,0
2021-09-16T13:00:59Z,2.7557707,39.85254572,0
2021-09-16T13:01:50Z,2.75400332,39.85169045,0
2021-09-16T13:04:29Z,2.74877106,39.8489429,0
2021-09-16T13:11:56Z,2.73384,39.84074698,0
2021-09-16T13:18:08Z,2.72140349,39.8340676,0
2021-09-16T13:21:41Z,2.71509327,39.82942014,0
2021-09-16T13:22:35Z,2.71347074,39.82834123,0
2021-09-16T13:23:05Z,2.71264572,39.82762323,0
2021-09-16T13:25:41Z,2.70798479,39.82426615,0
2021-09-16T13:26:59Z,2.70555968,39.82304235,0
2021-09-16T13:28:50Z,2.70449241,39.82261758,0
2021-09-16T13:30:17Z,2.70411196,39.8223513,0
2021-09-16T13:32:02Z,2.70383477,39.82203126,0
2021-09-16T13:37:26Z,2.7032076,39.82086708,0
2021-09-16T13:39:05Z,2.7027936,39.8204972,0
2021-09-16T13:45:32Z,2.70162127,39.81899581,0
2021-09-16T13:46:53Z,2.70147734,39.81865159,0
2021-09-16T13:50:02Z,2.70079552,39.81769988,0
2021-09-16T13:50:53Z,2.69905525,39.81721679,0
2021-09-16T13:51:20Z,2.69806768,39.81679384,0
2021-09-16T13:51:59Z,2.69669714,39.81611795,0
2021-09-16T13:52:50Z,2.69498728,39.81512329,0
2021-09-16T13:54:44Z,2.69124004,39.81277762,0
2021-09-16T13:59:02Z,2.68316857,39.80738869,0
2021-09-16T14:03:23Z,2.67482785,39.80207949,0
2021-09-16T14:05:53Z,2.66970379,39.79933904,0
2021-09-16T14:06:17Z,2.66890118,39.79900035,0
2021-09-16T14:08:05Z,2.66525086,39.79694492,0
2021-09-16T14:11:05Z,2.65905271,39.79366335,0
2021-09-16T14:18:08Z,2.64429918,39.78604104,0
2021-09-16T14:23:59Z,2.63194178,39.77951451,0
2021-09-16T14:25:05Z,2.6296555,39.77821914,0
2021-09-16T14:26:41Z,2.62615251,39.77647406,0
2021-09-16T14:27:08Z,2.62522765,39.77591843,0
2021-09-16T14:31:20Z,2.61606868,39.77122266,0
2021-09-16T14:32:47Z,2.61298435,39.76953783,0
2021-09-16T14:33:26Z,2.61152859,39.76889126,0
2021-09-16T14:33:38Z,2.61107127,39.76854094,0
2021-09-16T14:34:17Z,2.60967112,39.76772587,0
2021-09-16T14:34:53Z,2.6084463,39.76702962,0
2021-09-16T14:35:11Z,2.60784052,39.76677528,0
2021-09-16T14:35:41Z,2.60685168,39.76606099,0
2021-09-16T14:35:59Z,2.60612494,39.76578563,0
2021-09-16T14:36:17Z,2.6056013,39.76535178,0
2021-09-16T14:36:29Z,2.60510362,39.76519946,0
2021-09-16T14:36:44Z,2.60460078,39.76480088,0
2021-09-16T14:36:59Z,2.60397799,39.76454206,0
2021-09-16T14:38:08Z,2.60150217,39.76309481,0
2021-09-16T14:38:20Z,2.60108874,39.76292979,0
2021-09-16T14:39:50Z,2.59785457,39.76102401,0
2021-09-16T14:46:11Z,2.58487154,39.75377941,0
2021-09-16T14:49:59Z,2.57724976,39.74962684,0
2021-09-16T14:52:35Z,2.57202423,39.74690252,0
2021-09-16T14:56:08Z,2.56510165,39.74310324,0
2021-09-16T15:12:29Z,2.53220622,39.72553405,0
2021-09-16T15:13:59Z,2.52909669,39.72399925,0
2021-09-16T15:17:59Z,2.52092418,39.71957997,0
2021-09-16T15:22:26Z,2.51169809,39.71472425,0
2021-09-16T15:24:23Z,2.50759962,39.71271254,0
2021-09-16T15:24:56Z,2.50652095,39.7120735,0
2021-09-16T15:27:38Z,2.50086653,39.70910959,0
2021-09-16T15:31:59Z,2.49171329,39.7044657,0
2021-09-16T15:36:29Z,2.48263847,39.6993457,0
2021-09-16T15:41:26Z,2.47295876,39.69355034,0
2021-09-16T15:47:56Z,2.46037395,39.68629124,0
2021-09-16T15:50:41Z,2.45495141,39.68332703,0
2021-09-16T16:01:32Z,2.43434213,39.67175472,0
2021-09-16T16:01:47Z,2.43388314,39.6715663,0
2021-09-16T16:02:05Z,2.43334335,39.67118584,0
2021-09-16T16:03:38Z,2.43048542,39.66955838,0
2021-09-16T16:07:05Z,2.42391428,39.66593186,0
2021-09-16T16:12:11Z,2.41419936,39.66041511,0
2021-09-16T16:13:44Z,2.41126428,39.65869954,0
2021-09-16T16:15:05Z,2.40904048,39.65689744,0
2021-09-16T16:20:35Z,2.40018911,39.64941448,0
2021-09-16T16:28:11Z,2.38771132,39.63909622,0
2021-09-16T16:32:50Z,2.38018643,39.6326841,0
2021-09-16T16:36:02Z,2.37476999,39.62841275,0
2021-09-16T16:38:53Z,2.36998556,39.62443527,0
2021-09-16T16:42:26Z,2.36378532,39.61957707,0
2021-09-16T16:45:29Z,2.35880001,39.6149099,0
2021-09-16T16:48:02Z,2.35479098,39.61089863,0
2021-09-16T16:48:35Z,2.35397903,39.6099443,0
2021-09-16T16:48:53Z,2.35367215,39.60940305,0
2021-09-16T16:49:11Z,2.35324086,39.6088914,0
2021-09-16T16:50:11Z,2.35223433,39.60707604,0
2021-09-16T16:50:53Z,2.35181454,39.60583854,0
2021-09-16T16:51:20Z,2.35163941,39.60504496,0
2021-09-16T16:51:50Z,2.35130517,39.60418887,0
2021-09-16T16:52:20Z,2.35066378,39.60340776,0
2021-09-16T16:53:47Z,2.34901053,39.60105366,0
2021-09-16T16:55:26Z,2.34751527,39.59825396,0
2021-09-16T16:56:11Z,2.34678483,39.59710703,0
2021-09-16T16:56:38Z,2.34648118,39.5964314,0
2021-09-16T16:58:11Z,2.34496578,39.59400924,0
2021-09-16T16:58:47Z,2.34448226,39.59302381,0
2021-09-16T17:00:17Z,2.34370544,39.59048004,0
2021-09-16T17:01:59Z,2.34312399,39.58741983,0
2021-09-16T17:04:17Z,2.3426075,39.58320036,0
2021-09-16T17:04:35Z,2.34261455,39.58266654,0
2021-09-16T17:04:53Z,2.34244356,39.58210825,0
2021-09-16T17:05:53Z,2.34218232,39.58026247,0
2021-09-16T17:07:35Z,2.34187332,39.57713111,0
2021-09-16T17:10:35Z,2.34191028,39.57153194,0
2021-09-16T17:12:35Z,2.3423725,39.56786014,0
2021-09-16T17:13:32Z,2.34275443,39.56617826,0
2021-09-16T17:13:56Z,2.34306547,39.56551102,0
2021-09-16T17:18:56Z,2.3486403,39.55745124,0
2021-09-16T17:19:35Z,2.34930723,39.55638482,0
2021-09-16T17:20:23Z,2.35038715,39.55514144,0
2021-09-16T17:20:53Z,2.35115187,39.55441824,0
2021-09-16T17:23:41Z,2.35559396,39.55049038,0
2021-09-16T17:27:32Z,2.36262374,39.54595267,0
2021-09-16T17:29:35Z,2.36651015,39.54379295,0
2021-09-16T17:30:38Z,2.36854966,39.54282666,0
2021-09-16T17:31:38Z,2.37053787,39.54208611,0
2021-09-16T17:32:29Z,2.37231248,39.54177814,0
2021-09-16T17:32:47Z,2.3729275,39.54186081,0
2021-09-16T17:33:20Z,2.37395594,39.54230478,0
2021-09-16T17:34:05Z,2.37550379,39.54262634,0
2021-09-16T17:34:32Z,2.37630283,39.54296027,0
2021-09-16T17:35:02Z,2.37709129,39.54306477,0
2021-09-16T17:35:11Z,2.37730456,39.54297822,0
2021-09-16T17:35:47Z,2.37801593,39.54231874,0
2021-09-16T17:36:29Z,2.37889753,39.54206836,0
2021-09-16T17:36:47Z,2.37892946,39.54183229,0
2021-09-16T17:36:59Z,2.37879836,39.5417111,0
2021-09-16T17:37:11Z,2.37860135,39.54168023,0
2021-09-16T17:37:20Z,2.37845724,39.54176044,0
2021-09-16T17:37:29Z,2.37853163,39.54189776,0
2021-09-16T17:37:59Z,2.37923882,39.54193051,0
2021-09-16T17:38:17Z,2.37978084,39.5420456,0
2021-09-16T17:39:05Z,2.38104306,39.54256883,0
2021-09-16T17:40:20Z,2.38243067,39.54327971,0
2021-09-16T17:40:41Z,2.38264097,39.54328233,0
2021-09-16T17:41:35Z,2.38290895,39.54311272,0
2021-09-16T17:43:47Z,2.38301804,39.54277366,0
2021-09-16T17:44:17Z,2.38297483,39.5426835,0
2021-09-16T17:46:32Z,2.38303761,39.54269137,0

2021-09-17T08:59:35Z,2.38310116,39.5426485,0
2021-09-17T09:05:41Z,2.38304152,39.54274325,0
2021-09-17T09:07:20Z,2.38200686,39.54270237,0
2021-09-17T09:09:23Z,2.37851183,39.54243248,0
2021-09-17T09:10:35Z,2.37606554,39.54257563,0
2021-09-17T09:11:56Z,2.37304643,39.54245983,0
2021-09-17T09:12:32Z,2.37179411,39.5420331,0
2021-09-17T09:13:05Z,2.37062607,39.54174172,0
2021-09-17T09:14:14Z,2.36831309,39.54084147,0
2021-09-17T09:15:53Z,2.36531323,39.53912574,0
2021-09-17T09:16:59Z,2.36357293,39.53778589,0
2021-09-17T09:17:35Z,2.36280917,39.53697102,0
2021-09-17T09:18:02Z,2.36226357,39.53628351,0
2021-09-17T09:19:59Z,2.36052387,39.53328576,0
2021-09-17T09:20:08Z,2.36054689,39.53304653,0
2021-09-17T09:21:44Z,2.36140825,39.53048665,0
2021-09-17T09:22:44Z,2.36230596,39.52896164,0
2021-09-17T09:25:47Z,2.36592961,39.52468494,0
2021-09-17T09:27:05Z,2.36776905,39.52305557,0
2021-09-17T09:27:38Z,2.36863333,39.52241591,0
2021-09-17T09:30:47Z,2.37492556,39.52038279,0
2021-09-17T09:32:29Z,2.37829469,39.51916776,0
2021-09-17T09:33:53Z,2.3812293,39.5185015,0
2021-09-17T09:34:02Z,2.38154068,39.51852598,0
2021-09-17T09:34:20Z,2.38223576,39.51831358,0
2021-09-17T09:34:44Z,2.38312782,39.51820292,0
2021-09-17T09:36:29Z,2.38697573,39.51851414,0
2021-09-17T09:37:02Z,2.38812921,39.51884046,0
2021-09-17T09:38:47Z,2.39159101,39.52022011,0
2021-09-17T09:43:32Z,2.40106268,39.52413757,0
2021-09-17T09:45:20Z,2.40492805,39.52508524,0
2021-09-17T09:45:44Z,2.40554732,39.52544895,0
2021-09-17T09:46:14Z,2.40631162,39.5260695,0
2021-09-17T09:47:02Z,2.40732868,39.52739915,0
2021-09-17T09:47:41Z,2.40795509,39.52854786,0
2021-09-17T09:48:32Z,2.4085079,39.53009651,0
2021-09-17T09:48:50Z,2.40855076,39.53066301,0
2021-09-17T09:49:05Z,2.40851887,39.53111111,0
2021-09-17T09:49:41Z,2.40829894,39.53198006,0
2021-09-17T09:50:41Z,2.40768263,39.53357204,0
2021-09-17T09:51:29Z,2.40718794,39.53460354,0
2021-09-17T09:51:41Z,2.40730926,39.53468347,0
2021-09-17T09:51:59Z,2.40741745,39.53459202,0
2021-09-17T09:52:32Z,2.40712789,39.53462782,0
2021-09-17T09:53:35Z,2.40681402,39.53533727,0
2021-09-17T09:55:50Z,2.40624153,39.53589603,0
2021-09-17T09:57:02Z,2.40631926,39.53580371,0
2021-09-17T10:01:23Z,2.40630084,39.53589405,0
2021-09-17T10:04:26Z,2.40622613,39.5358549,0
2021-09-17T10:14:29Z,2.40633299,39.53588971,0
2021-09-17T10:24:20Z,2.40623964,39.53582226,0
2021-09-17T10:29:56Z,2.40632072,39.5358484,0
2021-09-17T10:35:14Z,2.40624547,39.53585766,0
2021-09-17T10:41:59Z,2.40629651,39.53590608,0
2021-09-17T10:54:44Z,2.40628241,39.5358117,0
2021-09-17T10:58:59Z,2.40636102,39.53582389,0
2021-09-17T11:01:11Z,2.40626657,39.53589285,0
2021-09-17T11:08:02Z,2.4063206,39.53584716,0
2021-09-17T11:09:47Z,2.40633967,39.53589961,0
2021-09-17T11:39:47Z,2.40623364,39.5358413,0
2021-09-17T12:10:20Z,2.40634367,39.53592004,0
2021-09-17T12:28:32Z,2.40623941,39.53586179,0
2021-09-17T12:29:47Z,2.4064782,39.53568396,0
2021-09-17T12:31:17Z,2.40726686,39.53432722,0
2021-09-17T12:32:17Z,2.40809294,39.53349796,0
2021-09-17T12:34:05Z,2.41042644,39.53082316,0
2021-09-17T12:36:08Z,2.41279953,39.52766085,0
2021-09-17T12:37:44Z,2.41440541,39.52508434,0
2021-09-17T12:41:11Z,2.41800927,39.51976573,0
2021-09-17T12:43:05Z,2.42001032,39.51696563,0
2021-09-17T12:43:11Z,2.42015129,39.51689886,0
2021-09-17T12:43:17Z,2.42021458,39.51699696,0
2021-09-17T12:43:23Z,2.42010118,39.51705136,0
2021-09-17T12:43:29Z,2.42001207,39.51696821,0
2021-09-17T12:43:41Z,2.42011984,39.51669673,0
2021-09-17T12:45:56Z,2.42250651,39.51328875,0
2021-09-17T12:47:56Z,2.42485409,39.51018415,0
2021-09-17T12:50:59Z,2.42847022,39.50583352,0
2021-09-17T12:52:41Z,2.43022208,39.50328695,0
2021-09-17T12:58:08Z,2.43728238,39.49574184,0
2021-09-17T13:01:14Z,2.44132649,39.49087104,0
2021-09-17T13:04:14Z,2.44516493,39.48609294,0
2021-09-17T13:10:29Z,2.45399459,39.47667944,0
2021-09-17T13:11:44Z,2.45577164,39.47481385,0
2021-09-17T13:13:53Z,2.45910969,39.47171971,0
2021-09-17T13:14:35Z,2.45998127,39.47065897,0
2021-09-17T13:19:05Z,2.46711014,39.4643383,0
2021-09-17T13:20:14Z,2.46884727,39.46250028,0
2021-09-17T13:20:44Z,2.46933293,39.46166772,0
2021-09-17T13:20:56Z,2.46961076,39.46138043,0
2021-09-17T13:21:17Z,2.47029645,39.46104294,0
2021-09-17T13:22:08Z,2.47224403,39.46059062,0
2021-09-17T13:27:35Z,2.48567939,39.45833999,0
2021-09-17T13:35:50Z,2.50643994,39.45632109,0
2021-09-17T13:41:02Z,2.51950495,39.4547734,0
2021-09-17T13:41:05Z,2.51951902,39.45483704,0
2021-09-17T13:41:11Z,2.5193844,39.45489947,0
2021-09-17T13:41:14Z,2.5193115,39.45486048,0
2021-09-17T13:41:20Z,2.51934847,39.45474786,0
2021-09-17T13:41:29Z,2.51964623,39.45473479,0
2021-09-17T13:42:35Z,2.52238992,39.45502816,0
2021-09-17T13:43:05Z,2.52343548,39.4555964,0
2021-09-17T13:54:08Z,2.54263947,39.47234581,0
2021-09-17T13:59:26Z,2.55184697,39.48022553,0
2021-09-17T13:59:53Z,2.55242855,39.48099026,0
2021-09-17T14:01:23Z,2.55377664,39.4837461,0
2021-09-17T14:02:08Z,2.55463892,39.48504862,0
2021-09-17T14:03:14Z,2.55632662,39.48676332,0
2021-09-17T14:04:59Z,2.55882994,39.48962693,0
2021-09-17T14:06:53Z,2.56183771,39.49256175,0
2021-09-17T14:11:23Z,2.57009369,39.49890629,0
2021-09-17T14:16:05Z,2.57869911,39.50570501,0
2021-09-17T14:18:41Z,2.58337021,39.50951649,0
2021-09-17T14:19:56Z,2.58553859,39.51144255,0
2021-09-17T14:21:08Z,2.58777315,39.51322347,0
2021-09-17T14:21:38Z,2.58874765,39.51394298,0
2021-09-17T14:26:44Z,2.59938191,39.52050385,0
2021-09-17T14:31:44Z,2.61002756,39.52694327,0
2021-09-17T14:34:08Z,2.61522267,39.52999398,0
2021-09-17T14:35:47Z,2.61867918,39.53216405,0
2021-09-17T14:36:47Z,2.62086115,39.53339955,0
2021-09-17T14:39:38Z,2.62669828,39.53725167,0
2021-09-17T14:43:23Z,2.63421108,39.5424651,0
2021-09-17T14:43:56Z,2.63549572,39.54299355,0
2021-09-17T14:44:20Z,2.63641694,39.54349187,0
2021-09-17T14:45:02Z,2.63782726,39.54444539,0
2021-09-17T14:46:29Z,2.64061268,39.54659097,0
2021-09-17T14:48:02Z,2.64303043,39.54922411,0
2021-09-17T14:48:35Z,2.64372012,39.5502489,0
2021-09-17T14:49:05Z,2.64424558,39.55121282,0
2021-09-17T14:49:14Z,2.6442418,39.5515199,0
2021-09-17T14:49:35Z,2.64404665,39.55224572,0
2021-09-17T14:50:35Z,2.64307029,39.55414653,0
2021-09-17T14:50:50Z,2.64273521,39.55456556,0
2021-09-17T14:51:26Z,2.64156802,39.55523306,0
2021-09-17T14:53:02Z,2.63842125,39.55675569,0
2021-09-17T14:54:26Z,2.63561253,39.55788685,0
2021-09-17T14:55:05Z,2.63447313,39.55854606,0
2021-09-17T14:55:32Z,2.6338208,39.55913242,0
2021-09-17T14:56:02Z,2.63333418,39.55987007,0
2021-09-17T14:56:44Z,2.63279077,39.56096067,0
2021-09-17T14:57:05Z,2.63270655,39.56150074,0
2021-09-17T14:57:23Z,2.63278071,39.56188509,0
2021-09-17T14:57:47Z,2.63311239,39.56242027,0
2021-09-17T14:58:50Z,2.63439026,39.56366472,0
2021-09-17T14:59:17Z,2.63482703,39.56421986,0
2021-09-17T14:59:29Z,2.63480639,39.56447052,0
2021-09-17T14:59:50Z,2.63456971,39.56468845,0
2021-09-17T15:00:02Z,2.63439435,39.56467939,0
2021-09-17T15:00:20Z,2.63420496,39.56450642,0
2021-09-17T15:00:29Z,2.63419037,39.56439811,0
2021-09-17T15:00:44Z,2.6344002,39.56434155,0
2021-09-17T15:01:26Z,2.63466653,39.56453548,0
2021-09-17T15:01:44Z,2.63455359,39.56468391,0
2021-09-17T15:02:11Z,2.63424662,39.56474069,0
2021-09-17T15:05:35Z,2.63435114,39.56480445,0
2021-09-17T15:10:05Z,2.63428135,39.56481444,0
2021-09-17T15:12:44Z,2.63428624,39.5646527,0
2021-09-17T15:13:14Z,2.63460246,39.56444122,0
2021-09-17T15:14:29Z,2.63579594,39.56435299,0
2021-09-17T15:15:14Z,2.63656755,39.56441537,0
2021-09-17T15:15:44Z,2.63715491,39.56461974,0
2021-09-17T15:15:59Z,2.6373081,39.56484584,0
2021-09-17T15:16:08Z,2.63727457,39.56500419,0
2021-09-17T15:16:20Z,2.63710349,39.56516658,0
2021-09-17T15:16:44Z,2.63667374,39.56530215,0
2021-09-17T15:16:59Z,2.63644508,39.56525588,0
2021-09-17T15:17:11Z,2.63634391,39.56512522,0
2021-09-17T15:17:35Z,2.63644645,39.56487224,0
2021-09-17T15:18:14Z,2.63698885,39.56464101,0
2021-09-17T15:18:56Z,2.63752097,39.56469175,0
2021-09-17T15:19:32Z,2.63742089,39.56465265,0
2021-09-17T15:20:02Z,2.63746622,39.56484645,0
2021-09-17T15:20:47Z,2.63676896,39.56520714,0
2021-09-17T15:21:17Z,2.63626897,39.56532384,0
2021-09-17T15:22:50Z,2.63562453,39.56535623,0
2021-09-17T15:23:14Z,2.63566923,39.56529198,0
2021-09-17T15:23:56Z,2.63671251,39.56516096,0
2021-09-17T15:24:11Z,2.63726616,39.5651797,0
2021-09-17T15:24:32Z,2.63802928,39.56533615,0
2021-09-17T15:25:20Z,2.63969618,39.56588326,0
2021-09-17T15:26:05Z,2.64101116,39.56669642,0
2021-09-17T15:26:26Z,2.64149161,39.56686452,0
2021-09-17T15:27:02Z,2.64201217,39.56678027,0
2021-09-17T15:27:23Z,2.64206709,39.56665627,0
2021-09-17T15:28:11Z,2.64196661,39.56656549,0
2021-09-17T15:29:35Z,2.64197408,39.56646485,0
2021-09-17T15:30:35Z,2.64214097,39.56661716,0
2021-09-17T15:31:38Z,2.64132342,39.56700058,0
2021-09-17T15:31:53Z,2.64117175,39.56719931,0
2021-09-17T15:32:20Z,2.64113921,39.56746998,0
2021-09-17T15:32:47Z,2.64142168,39.56750473,0
2021-09-17T15:33:32Z,2.64181083,39.56780158,0
2021-09-17T15:39:23Z,2.64217732,39.56771563,0