,11.56384,48.13121,0
,11.56371,48.13124,0
,11.56366,48.13123,0
,11.56364,48.13121,0
,11.56326,48.13158,0
,11.56312,48.1317,0
,11.56323,48.13176,0
,11.56384,48.13204,0
,11.5649,48.1326,0
,11.56505,48.13269,0
,11.56575,48.13302,0
,11.56612,48.13315,0
,11.56631,48.13314,0
,11.56639,48.13315,0
,11.56644,48.13316,0
,11.56654,48.13316,0
,11.56668,48.13314,0
,11.56683,48.13308,0
,11.56703,48.13279,0
,11.56711,48.13271,0
,11.56717,48.13268,0
,11.56728,48.13264,0
,11.5674,48.13262,0
,11.56753,48.13261,0
,11.56811,48.13261,0
,11.56824,48.13259,0
,11.56839,48.13255,0
,11.5686,48.13246,0
,11.56876,48.13236,0
,11.56886,48.13228,0
,11.56888,48.13228,0
,11.56889,48.13227,0
,11.56896,48.13226,0
,11.56996,48.1319,0
,11.57001,48.13189,0
,11.57004,48.13187,0
,11.57014,48.13185,0
,11.57023,48.1318,0
,11.57037,48.1318,0
,11.57051,48.13182,0
,11.57055,48.13182,0
,11.57081,48.13187,0
,11.57085,48.13189,0
,11.57091,48.13191,0
,11.57127,48.13162,0
,11.57168,48.13125,0
,11.57266,48.13052,0
,11.57266,48.13051,0
,11.57271,48.13048,0
,11.5741,48.12945,0
,11.57415,48.12942,0
,11.57419,48.12938,0
,11.57488,48.12887,0
,11.57499,48.1288,0
,11.57499,48.12879,0
,11.57542,48.12848,0
,11.57543,48.12844,0
,11.57545,48.12841,0
,11.57634,48.12774,0
,11.57636,48.12773,0
,11.57641,48.12768,0
,11.57693,48.1273,0
,11.57694,48.12728,0
,11.57756,48.12683,0
,11.57776,48.12666,0
,11.57777,48.12666,0
,11.57771,48.12662,0
,11.5777,48.1266,0
,11.57768,48.12659,0
,11.57768,48.12652,0
,11.57769,48.12651,0
,11.57769,48.12648,0
,11.57771,48.12645,0
,11.57781,48.12635,0
,11.57764,48.12623,0
,11.57762,48.12623,0
,11.57733,48.12607,0
,11.57719,48.12597,0
,11.57711,48.12586,0
,11.57705,48.12588,0
,11.57683,48.12592,0
,11.57663,48.12593,0
,11.5764,48.12597,0
,11.5766,48.12607,0
,11.5773,48.12646,0
,11.57731,48.12646,0
,11.57738,48.12651,0
,11.57743,48.12657,0
,11.57761,48.12666,0
,11.57764,48.12667,0
,11.57791,48.12682,0
,11.57796,48.12686,0
,11.57813,48.12695,0
,11.57822,48.12698,0
,11.57831,48.12702,0
,11.57834,48.12702,0
,11.5785,48.12706,0
,11.57858,48.12709,0
,11.57883,48.12723,0
,11.57902,48.12732,0
,11.57905,48.12734,0
,11.57924,48.12739,0
,11.57926,48.1274,0
,11.57953,48.12743,0
,11.57959,48.12745,0
,11.57966,48.12746,0
,11.57973,48.12749,0
,11.58006,48.12753,0
,11.5801,48.12755,0
,11.58016,48.12757,0
,11.58022,48.1276,0
,11.58025,48.12762,0
,11.58029,48.12766,0
,11.58031,48.12769,0
,11.58055,48.12784,0
,11.58065,48.12792,0
,11.58102,48.12808,0
,11.58114,48.1281,0
,11.58136,48.12809,0
,11.58165,48.12805,0
,11.58168,48.12805,0
,11.5817,48.12804,0
,11.58262,48.12801,0
,11.58289,48.12803,0
,11.5832,48.1281,0
,11.58347,48.12819,0
,11.58358,48.12825,0
,11.5839,48.12839,0
,11.58421,48.1286,0
,11.585,48.12931,0
,11.585,48.12932,0
,11.58519,48.12948,0
,11.58532,48.12941,0
,11.58618,48.13017,0
,11.58648,48.13041,0
,11.58669,48.13056,0
,11.58683,48.13068,0
,11.58722,48.13097,0
,11.5872,48.13101,0
,11.58719,48.13105,0
,11.58721,48.1311,0
,11.58722,48.13114,0
,11.58726,48.13121,0
,11.58742,48.13142,0
,11.58758,48.13177,0
,11.58761,48.13182,0
,11.58772,48.13195,0
,11.58809,48.1325,0
,11.58826,48.13272,0
,11.5883,48.13274,0
,11.58864,48.13281,0
,11.58867,48.13281,0
,11.58875,48.13284,0
,11.58879,48.13293,0
,11.58917,48.13351,0
,11.58923,48.13359,0
,11.58934,48.13368,0
,11.58962,48.134,0
,11.58969,48.13405,0
,11.58979,48.13417,0
,11.58988,48.1342,0
,11.59002,48.13423,0
,11.59005,48.13423,0
,11.59023,48.13428,0
,11.59029,48.13431,0
,11.59032,48.13431,0
,11.59061,48.13441,0
,11.5907,48.13459,0
,11.59074,48.13468,0
,11.59079,48.13475,0
,11.5909,48.13498,0
,11.59093,48.13503,0
,11.59104,48.1351,0
,11.59107,48.13513,0
,11.59109,48.13516,0
,11.59111,48.13522,0
,11.59112,48.13522,0
,11.59112,48.13523,0
,11.59113,48.13523,0
,11.59123,48.13526,0
,11.59124,48.13527,0
,11.59126,48.13528,0
,11.59126,48.13529,0
,11.59135,48.13536,0
,11.59141,48.13543,0
,11.59141,48.13544,0
,11.59154,48.13559,0
,11.59155,48.13562,0
,11.59194,48.13606,0
,11.59218,48.13627,0
,11.59234,48.13638,0
,11.59252,48.13649,0
,11.59258,48.13652,0
,11.5926,48.13654,0
,11.59261,48.13654,0
,11.59265,48.13659,0
,11.59265,48.1366,0
,11.59267,48.13663,0
,11.59272,48.1368,0
,11.59276,48.13689,0
,11.59276,48.1369,0
,11.59286,48.13696,0
,11.5929,48.13704,0
,11.59306,48.1371,0
,11.59313,48.1371,0
,11.59312,48.13723,0
,11.59309,48.13739,0
,11.5931,48.13749,0
,11.59314,48.13757,0
,11.59318,48.13761,0
,11.59326,48.13765,0
,11.59326,48.13767,0
,11.5933,48.13783,0
,11.59349,48.13821,0
,11.5935,48.13821,0
,11.59352,48.13826,0
,11.59367,48.13849,0
,11.59371,48.13854,0
,11.59372,48.13856,0
,11.59384,48.1387,0
,11.59389,48.13877,0
,11.59408,48.13897,0
,11.5941,48.139,0
,11.59411,48.139,0
,11.5942,48.13907,0
,11.59423,48.13908,0
,11.59427,48.13916,0
,11.59433,48.13923,0
,11.59452,48.13941,0
,11.59464,48.13955,0
,11.59488,48.13978,0
,11.59523,48.14055,0
,11.59529,48.1407,0
,11.5953,48.14071,0
,11.59553,48.14114,0
,11.5957,48.14138,0
,11.59574,48.14145,0
,11.59576,48.14155,0
,11.5958,48.14165,0
,11.59581,48.1417,0
,11.59585,48.14174,0
,11.59589,48.14181,0
,11.5959,48.14189,0
,11.59593,48.14196,0
,11.59594,48.14202,0
,11.59594,48.14207,0
,11.59611,48.14249,0
,11.59612,48.14257,0
,11.59614,48.14261,0
,11.59614,48.14262,0
,11.59616,48.14265,0
,11.5962,48.14266,0
,11.59625,48.14269,0
,11.59637,48.14279,0
,11.5964,48.14283,0
,11.59651,48.1431,0
,11.59657,48.1433,0
,11.59659,48.14334,0
,11.59661,48.14346,0
,11.59661,48.14348,0
,11.59665,48.14364,0
,11.59671,48.14394,0
,11.59674,48.144,0
,11.59677,48.14429,0
,11.59698,48.14525,0
,11.59701,48.14545,0
,11.59704,48.14553,0
,11.59712,48.14585,0
,11.59736,48.14662,0
,11.59751,48.147,0
,11.59768,48.14737,0
,11.59808,48.14794,0
,11.5982,48.14809,0
,11.59875,48.14862,0
,11.59877,48.14875,0
,11.59879,48.14879,0
,11.59882,48.14882,0
,11.59894,48.14897,0
,11.59904,48.14907,0
,11.59918,48.14915,0
,11.59942,48.14927,0
,11.59947,48.14929,0
,11.60011,48.14991,0
,11.60015,48.14996,0
,11.60024,48.15004,0
,11.60069,48.1505,0
,11.60074,48.15053,0
,11.60077,48.15054,0
,11.6007,48.15061,0
,11.6007,48.15063,0
,11.60117,48.15114,0
,11.60117,48.15115,0
,11.60159,48.1516,0
,11.6016,48.15162,0
,11.60271,48.1528,0
,11.60302,48.15315,0
,11.60322,48.15335,0
,11.60355,48.15364,0
,11.60367,48.15377,0
,11.60364,48.15379,0
,11.6037,48.15386,0
,11.60371,48.15388,0
,11.6039,48.15409,0
,11.60392,48.1541,0
,11.60476,48.15502,0
,11.60496,48.15522,0
,11.60551,48.15586,0
,11.60574,48.15609,0
,11.60583,48.15621,0
,11.60615,48.15656,0
,11.60615,48.15657,0
,11.60618,48.15659,0
,11.60624,48.15667,0
,11.60629,48.15672,0
,11.6063,48.15672,0
,11.60639,48.15682,0
,11.60677,48.15713,0
,11.60677,48.15714,0
,11.60698,48.1573,0
,11.60743,48.15756,0
,11.60747,48.15762,0
,11.6075,48.15765,0
,11.60785,48.15833,0
,11.60793,48.15845,0
,11.60837,48.15896,0
,11.60839,48.15897,0
,11.6085,48.1591,0
,11.60866,48.15926,0
,11.60867,48.15928,0
,11.60907,48.15973,0
,11.60909,48.15974,0
,11.60917,48.15982,0
,11.60961,48.16034,0
,11.60972,48.16044,0
,11.61004,48.16078,0
,11.61094,48.16182,0
,11.61235,48.16336,0
,11.61239,48.16342,0
,11.6128,48.16388,0
,11.6128,48.16389,0
,11.61295,48.16404,0
,11.61392,48.16511,0
,11.61392,48.16512,0
,11.61424,48.16544,0
,11.61532,48.16666,0
,11.61548,48.16686,0
,11.61557,48.16693,0
,11.61564,48.167,0
,11.61565,48.16702,0
,11.61614,48.16755,0
,11.61627,48.16764,0
,11.61636,48.16774,0
,11.61644,48.16779,0
,11.61651,48.16782,0
,11.61664,48.16786,0
,11.61674,48.16788,0
,11.61688,48.168,0
,11.61694,48.16808,0
,11.61694,48.16809,0
,11.61695,48.16811,0
,11.6169,48.16829,0
,11.61683,48.16847,0
,11.61679,48.1686,0
,11.61678,48.16861,0
,11.61678,48.16864,0
,11.6168,48.16869,0
,11.61686,48.16874,0
,11.61692,48.16882,0
,11.61693,48.16884,0
,11.61696,48.16884,0
,11.61696,48.16885,0
,11.61698,48.16885,0
,11.61699,48.16884,0
,11.61728,48.16878,0
,11.61733,48.16877,0
,11.61747,48.16877,0
,11.61751,48.16881,0
,11.618,48.1696,0
,11.61801,48.16963,0
,11.61825,48.16995,0
,11.61848,48.17025,0
,11.61879,48.17056,0
,11.61892,48.17072,0
,11.61895,48.17074,0
,11.61918,48.17102,0
,11.61921,48.17105,0
,11.61958,48.17133,0
,11.61984,48.17157,0
,11.61998,48.17172,0
,11.61999,48.17172,0
,11.62011,48.17188,0
,11.62015,48.17197,0
,11.62015,48.17201,0
,11.62016,48.17205,0
,11.62017,48.17206,0
,11.62024,48.17219,0
,11.62039,48.17235,0
,11.62041,48.17238,0
,11.62069,48.17269,0
,11.6207,48.17269,0
,11.62091,48.1729,0
,11.62118,48.17313,0
,11.6213,48.17322,0
,11.62135,48.17325,0
,11.62161,48.17347,0
,11.62179,48.17365,0
,11.62188,48.17379,0
,11.6219,48.17384,0
,11.62192,48.17403,0
,11.62237,48.17453,0
,11.62239,48.17456,0
,11.62249,48.17462,0
,11.62283,48.17475,0
,11.62303,48.17484,0
,11.62318,48.17495,0
,11.6233,48.17506,0
,11.6233,48.17507,0
,11.62351,48.17529,0
,11.62381,48.17554,0
,11.62414,48.17575,0
,11.6243,48.17573,0
,11.62435,48.17573,0
,11.62445,48.1757,0
,11.62468,48.17566,0
,11.625,48.17564,0
,11.62521,48.17564,0
,11.62541,48.17568,0
,11.62549,48.17572,0
,11.62551,48.17574,0
,11.62552,48.17576,0
,11.62556,48.17581,0
,11.62567,48.17602,0
,11.62568,48.17603,0
,11.6258,48.17634,0
,11.62582,48.17642,0
,11.62584,48.17656,0
,11.62593,48.17695,0
,11.62586,48.17698,0
,11.6258,48.17699,0
,11.62556,48.17711,0
,11.62507,48.17741,0
,11.62498,48.17748,0
,11.62494,48.17752,0
,11.62492,48.17756,0
,11.62494,48.17763,0
,11.62506,48.17775,0
,11.62522,48.17798,0
,11.62535,48.1781,0
,11.62531,48.17812,0
,11.6253,48.17814,0
,11.6253,48.17818,0
,11.62532,48.17821,0
,11.62562,48.17846,0
,11.62578,48.17861,0
,11.62578,48.17864,0
,11.62576,48.17875,0
,11.62578,48.17878,0
,11.62578,48.17879,0
,11.62585,48.17885,0
,11.62595,48.17892,0
,11.62606,48.17903,0
,11.62614,48.17917,0
,11.62622,48.17926,0
,11.62641,48.17944,0
,11.62643,48.17948,0
,11.62643,48.1795,0
,11.62646,48.17955,0
,11.6266,48.17968,0
,11.62672,48.17989,0
,11.6268,48.17995,0
,11.62681,48.17995,0
,11.62704,48.18018,0
,11.62735,48.18045,0
,11.62756,48.18075,0
,11.62782,48.18101,0
,11.62806,48.18131,0
,11.62824,48.18145,0
,11.62829,48.18158,0
,11.62833,48.18163,0
,11.62847,48.18177,0
,11.62856,48.18183,0
,11.62858,48.18185,0
,11.62858,48.18186,0
,11.62862,48.18191,0
,11.62864,48.18196,0
,11.62884,48.18217,0
,11.62889,48.1822,0
,11.62902,48.1823,0
,11.62911,48.18243,0
,11.62915,48.18251,0
,11.62917,48.18261,0
,11.62924,48.1827,0
,11.62931,48.18276,0
,11.62935,48.18278,0
,11.62948,48.18293,0
,11.62951,48.18295,0
,11.62958,48.18306,0
,11.62963,48.18312,0
,11.62984,48.18333,0
,11.62997,48.1835,0
,11.63001,48.18352,0
,11.63015,48.18364,0
,11.63031,48.18376,0
,11.63045,48.18391,0
,11.6305,48.18395,0
,11.63058,48.18405,0
,11.63063,48.18415,0
,11.63071,48.18423,0
,11.63073,48.18428,0
,11.63071,48.18429,0
,11.6307,48.18431,0
,11.63069,48.18432,0
,11.63069,48.18434,0
,11.6307,48.18439,0
,11.63072,48.1844,0
,11.63123,48.1851,0
,11.63151,48.18537,0
,11.63152,48.1854,0
,11.63157,48.18546,0
,11.63159,48.18552,0
,11.63163,48.18559,0
,11.6318,48.18579,0
,11.63194,48.18598,0
,11.63207,48.18613,0
,11.63239,48.18656,0
,11.6325,48.18668,0
,11.633,48.18743,0
,11.63314,48.18758,0
,11.63325,48.18777,0
,11.63362,48.18826,0
,11.63379,48.18858,0
,11.63389,48.18881,0
,11.63394,48.18895,0
,11.63414,48.18925,0
,11.63417,48.18931,0
,11.63434,48.18957,0
,11.6346,48.18986,0
,11.63467,48.18997,0
,11.63486,48.19041,0
,11.63522,48.19108,0
,11.63523,48.19108,0
,11.63529,48.19117,0
,11.63533,48.19126,0
,11.63535,48.19129,0
,11.63543,48.19136,0
,11.63546,48.1914,0
,11.63547,48.19145,0
,11.63564,48.19171,0
,11.63564,48.19172,0
,11.63572,48.19184,0
,11.63572,48.19188,0
,11.63574,48.19191,0
,11.63576,48.19197,0
,11.63579,48.19201,0
,11.63589,48.19224,0
,11.63596,48.19238,0
,11.63598,48.19241,0
,11.63598,48.19243,0
,11.63611,48.19267,0
,11.63611,48.19273,0
,11.63612,48.19273,0
,11.63612,48.19275,0
,11.63613,48.19275,0
,11.63617,48.19279,0
,11.6362,48.19284,0
,11.6362,48.19285,0
,11.63622,48.19286,0
,11.63622,48.19287,0
,11.63623,48.19287,0
,11.63625,48.19289,0
,11.63627,48.19296,0
,11.63627,48.19297,0
,11.63642,48.19313,0
,11.63642,48.19316,0
,11.63643,48.19317,0
,11.63644,48.19319,0
,11.63648,48.19322,0
,11.6366,48.19336,0
,11.6366,48.19339,0
,11.63668,48.19362,0
,11.63674,48.19374,0
,11.63675,48.1938,0
,11.63685,48.19396,0
,11.63695,48.19418,0
,11.63704,48.19428,0
,11.63711,48.19438,0
,11.63714,48.19441,0
,11.63723,48.19455,0
,11.63733,48.19467,0
,11.6374,48.19478,0
,11.63749,48.19486,0
,11.6376,48.19494,0
,11.63763,48.19497,0
,11.6377,48.1951,0
,11.63775,48.19517,0
,11.63776,48.19517,0
,11.63799,48.19562,0
,11.638,48.19568,0
,11.63802,48.19571,0
,11.63803,48.19576,0
,11.63808,48.19587,0
,11.63813,48.19597,0
,11.63815,48.19603,0
,11.63822,48.19615,0
,11.63826,48.19619,0
,11.63841,48.19643,0
,11.63848,48.19652,0
,11.63865,48.19683,0
,11.63894,48.19726,0
,11.63909,48.19756,0
,11.63909,48.19757,0
,11.6392,48.19773,0
,11.63924,48.19781,0
,11.63934,48.19791,0
,11.6394,48.198,0
,11.63946,48.19805,0
,11.63948,48.1981,0
,11.63964,48.19818,0
,11.63962,48.19821,0
,11.63963,48.19826,0
,11.63964,48.19827,0
,11.63985,48.19862,0
,11.63985,48.19864,0
,11.63989,48.19874,0
,11.63994,48.19898,0
,11.63994,48.19931,0
,11.63998,48.19947,0
,11.63998,48.19948,0
,11.64,48.19951,0
,11.64003,48.19958,0
,11.6402,48.19987,0
,11.64031,48.19999,0
,11.64033,48.20006,0
,11.64033,48.2001,0
,11.64035,48.20017,0
,11.64032,48.20031,0
,11.64026,48.20048,0
,11.64023,48.20054,0
,11.64022,48.20064,0
,11.64024,48.20183,0
,11.64037,48.20269,0
,11.64048,48.20317,0
,11.64057,48.20342,0
,11.64072,48.20364,0
,11.64081,48.20374,0
,11.64082,48.20376,0
,11.64107,48.20406,0
,11.6412,48.20418,0
,11.64124,48.2042,0
,11.64127,48.20423,0
,11.64128,48.20423,0
,11.64134,48.20431,0
,11.64148,48.20445,0
,11.6416,48.20462,0
,11.64187,48.20496,0
,11.64205,48.20509,0
,11.64207,48.20511,0
,11.64232,48.20527,0
,11.64261,48.20548,0
,11.64266,48.20552,0
,11.64313,48.20576,0
,11.64328,48.20585,0
,11.64381,48.20608,0
,11.64416,48.20621,0
,11.64429,48.20627,0
,11.64435,48.20631,0
,11.64465,48.20646,0
,11.64477,48.20651,0
,11.64517,48.20671,0
,11.64523,48.20673,0
,11.6453,48.20677,0
,11.64544,48.20683,0
,11.64545,48.20683,0
,11.64556,48.2069,0
,11.64563,48.20694,0
,11.6457,48.20697,0
,11.64584,48.20705,0
,11.64597,48.2071,0
,11.6463,48.20726,0
,11.64631,48.20726,0
,11.64644,48.20733,0
,11.64649,48.20735,0
,11.64652,48.20738,0
,11.64663,48.20744,0
,11.64667,48.20748,0
,11.64671,48.20751,0
,11.64679,48.20755,0
,11.6469,48.20763,0
,11.64698,48.20767,0
,11.64704,48.20771,0
,11.64708,48.20772,0
,11.64718,48.20778,0
,11.64739,48.20788,0
,11.64755,48.20797,0
,11.64785,48.20819,0
,11.648,48.20828,0
,11.64833,48.20851,0
,11.64855,48.20869,0
,11.6486,48.20871,0
,11.64915,48.20922,0
,11.64916,48.20922,0
,11.6493,48.20934,0
,11.64957,48.2096,0
,11.65004,48.21022,0
,11.65009,48.2103,0
,11.65018,48.21041,0
,11.65037,48.21061,0
,11.65042,48.21065,0
,11.65085,48.21113,0
,11.65094,48.21128,0
,11.651,48.21151,0
,11.65106,48.21166,0
,11.6515,48.21242,0
,11.65172,48.21275,0
,11.65178,48.21286,0
,11.65193,48.21335,0
,11.65197,48.21345,0
,11.65199,48.21363,0
,11.652,48.21365,0
,11.652,48.2138,0
,11.65196,48.21401,0
,11.65197,48.21421,0
,11.65206,48.21498,0
,11.65205,48.21508,0
,11.65196,48.21549,0
,11.65189,48.21591,0
,11.65183,48.21695,0
,11.6518,48.21719,0
,11.6518,48.21739,0
,11.65182,48.21748,0
,11.65189,48.21767,0
,11.65205,48.21844,0
,11.65209,48.21855,0
,11.65209,48.21856,0
,11.6523,48.21894,0
,11.65235,48.21906,0
,11.65235,48.21909,0
,11.6524,48.2193,0
,11.65243,48.21939,0
,11.65246,48.21944,0
,11.65258,48.21959,0
,11.65272,48.21974,0
,11.65289,48.2199,0
,11.6531,48.22006,0
,11.65326,48.22016,0
,11.65332,48.22021,0
,11.65368,48.22046,0
,11.65422,48.22079,0
,11.65435,48.22085,0
,11.655,48.22108,0
,11.65693,48.22148,0
,11.65818,48.22182,0
,11.65911,48.22215,0
,11.6597,48.22252,0
,11.66028,48.22283,0
,11.66072,48.22315,0
,11.66137,48.22384,0
,11.66176,48.22439,0
,11.66189,48.22468,0
,11.66204,48.22508,0
,11.66216,48.22562,0
,11.66217,48.22562,0
,11.66228,48.22594,0
,11.66281,48.22711,0
,11.66283,48.22736,0
,11.66281,48.22811,0
,11.66315,48.22884,0
,11.6634,48.22954,0
,11.66352,48.22968,0
,11.66385,48.22999,0
,11.66423,48.23028,0
,11.66432,48.23037,0
,11.66486,48.23072,0
,11.66521,48.231,0
,11.6653,48.23105,0
,11.66575,48.23125,0
,11.66614,48.23139,0
,11.66652,48.23146,0
,11.66681,48.23148,0
,11.6671,48.23153,0
,11.66752,48.23167,0
,11.66755,48.23169,0
,11.66827,48.23206,0
,11.66842,48.23212,0
,11.66855,48.23215,0
,11.66863,48.23218,0
,11.66899,48.23236,0
,11.66939,48.2326,0
,11.6694,48.2326,0
,11.66945,48.23262,0
,11.66952,48.23262,0
,11.66966,48.23257,0
,11.67072,48.23339,0
,11.67117,48.23377,0
,11.67218,48.23485,0
,11.67252,48.23533,0
,11.67271,48.23566,0
,11.67271,48.23567,0
,11.67293,48.23615,0
,11.67308,48.2366,0
,11.67316,48.2368,0
,11.67325,48.23715,0
,11.67326,48.23717,0
,11.67334,48.23781,0
,11.67336,48.23788,0
,11.67335,48.23797,0
,11.67337,48.23806,0
,11.67341,48.23814,0
,11.67355,48.23831,0
,11.67373,48.23844,0
,11.67378,48.23851,0
,11.67378,48.23853,0
,11.67392,48.23901,0
,11.67404,48.23936,0
,11.67409,48.23954,0
,11.6741,48.23955,0
,11.67411,48.23959,0
,11.67414,48.23997,0
,11.67418,48.24014,0
,11.67432,48.24092,0
,11.67437,48.24112,0
,11.67449,48.24144,0
,11.67482,48.24206,0
,11.6758,48.24377,0
,11.67589,48.24388,0
,11.6759,48.2439,0
,11.67603,48.24405,0
,11.67622,48.24423,0
,11.67643,48.24438,0
,11.67698,48.24469,0
,11.67767,48.24516,0
,11.67794,48.24532,0
,11.6781,48.24544,0
,11.67812,48.24546,0
,11.67832,48.24558,0
,11.67917,48.24602,0
,11.67933,48.24612,0
,11.67959,48.24625,0
,11.68013,48.24657,0
,11.68051,48.24676,0
,11.68139,48.24735,0
,11.68185,48.24773,0
,11.68216,48.24794,0
,11.68226,48.24802,0
,11.68273,48.24846,0
,11.68285,48.24856,0
,11.68299,48.24875,0
,11.68339,48.24924,0
,11.68341,48.24928,0
,11.68361,48.24955,0
,11.68367,48.24969,0
,11.68422,48.25073,0
,11.68435,48.25103,0
,11.68442,48.25116,0
,11.68462,48.25189,0
,11.68463,48.25199,0
,11.68467,48.25221,0
,11.68474,48.25242,0
,11.68476,48.25285,0
,11.68474,48.25352,0
,11.68463,48.25406,0
,11.68452,48.25475,0
,11.68415,48.25565,0
,11.68399,48.25598,0
,11.68353,48.25676,0
,11.68316,48.25733,0
,11.68201,48.25896,0
,11.68197,48.259,0
,11.68184,48.25916,0
,11.68183,48.25918,0
,11.68163,48.25942,0
,11.68159,48.25948,0
,11.68125,48.25989,0
,11.68115,48.25998,0
,11.68104,48.2601,0
,11.68087,48.26034,0
,11.68058,48.26089,0
,11.68035,48.26155,0
,11.68036,48.26182,0
,11.68037,48.2619,0
,11.68037,48.26196,0
,11.68048,48.26244,0
,11.68049,48.26269,0
,11.68057,48.26313,0
,11.68079,48.26374,0
,11.68081,48.26406,0
,11.68082,48.26407,0
,11.68086,48.26434,0
,11.68092,48.26459,0
,11.68105,48.26487,0
,11.68144,48.26532,0
,11.68173,48.26571,0
,11.68241,48.26647,0
,11.68432,48.26788,0
,11.68466,48.26816,0
,11.68496,48.26839,0
,11.68532,48.26866,0
,11.6874,48.27036,0
,11.6888,48.27141,0
,11.68896,48.27156,0
,11.68919,48.27175,0
,11.68926,48.27178,0
,11.68963,48.27217,0
,11.68984,48.27237,0
,11.68986,48.27238,0
,11.69003,48.27252,0
,11.69036,48.27267,0
,11.69039,48.27269,0
,11.69049,48.27282,0
,11.69055,48.27297,0
,11.69073,48.27325,0
,11.69075,48.2733,0
,11.691,48.27358,0
,11.6917,48.27453,0
,11.6917,48.27454,0
,11.6919,48.27486,0
,11.6919,48.27487,0
,11.69229,48.27555,0
,11.6926,48.27623,0
,11.6927,48.27658,0
,11.69281,48.2773,0
,11.69281,48.27784,0
,11.69272,48.27873,0
,11.69272,48.27878,0
,11.69268,48.27897,0
,11.69272,48.27925,0
,11.69267,48.27933,0
,11.69263,48.27942,0
,11.6926,48.27946,0
,11.69257,48.27956,0
,11.69255,48.27974,0
,11.69254,48.27995,0
,11.69246,48.28076,0
,11.6924,48.28175,0
,11.69242,48.28247,0
,11.69245,48.28287,0
,11.69253,48.28336,0
,11.69268,48.28371,0
,11.69291,48.28419,0
,11.69328,48.28483,0
,11.69347,48.2851,0
,11.6942,48.286,0
,11.6942,48.28601,0
,11.69434,48.28614,0
,11.6944,48.28621,0
,11.6945,48.28627,0
,11.69481,48.28652,0
,11.69496,48.28666,0
,11.69522,48.28696,0
,11.69527,48.28703,0
,11.69542,48.28728,0
,11.69602,48.28792,0
,11.69653,48.28842,0
,11.69657,48.28845,0
,11.69756,48.28937,0
,11.69786,48.28961,0
,11.69793,48.28968,0
,11.69807,48.28985,0
,11.69821,48.29006,0
,11.69875,48.29105,0
,11.69876,48.29106,0
,11.69913,48.29185,0
,11.69922,48.29207,0
,11.69922,48.29209,0
,11.69927,48.29227,0
,11.69933,48.29257,0
,11.69938,48.2929,0
,11.69938,48.29299,0
,11.69943,48.29346,0
,11.69945,48.2938,0
,11.69942,48.29432,0
,11.69946,48.29544,0
,11.69944,48.29566,0
,11.69944,48.29579,0
,11.69938,48.29678,0
,11.69936,48.29693,0
,11.69936,48.29698,0
,11.69938,48.29703,0
,11.69951,48.29721,0
,11.69963,48.2976,0
,11.69965,48.2977,0
,11.69965,48.29774,0
,11.69966,48.29781,0
,11.69965,48.29791,0
,11.69966,48.29825,0
,11.69978,48.29908,0
,11.69987,48.29944,0
,11.69986,48.29959,0
,11.69983,48.29974,0
,11.69984,48.29982,0
,11.69984,48.2999,0
,11.69989,48.30007,0
,11.69997,48.30024,0
,11.70011,48.30048,0
,11.7002,48.3006,0
,11.70126,48.30279,0
,11.70146,48.30332,0
,11.70154,48.30358,0
,11.70159,48.30386,0
,11.70161,48.30404,0
,11.70164,48.30419,0
,11.70168,48.30466,0
,11.70168,48.30494,0
,11.70162,48.3058,0
,11.70161,48.30584,0
,11.70159,48.30602,0
,11.70155,48.30618,0
,11.70143,48.30655,0
,11.70141,48.30659,0
,11.70112,48.30758,0
,11.70112,48.30772,0
,11.70111,48.30784,0
,11.70056,48.30899,0
,11.70053,48.30925,0
,11.70051,48.30932,0
,11.70046,48.3094,0
,11.70012,48.3098,0
,11.70006,48.30991,0
,11.70003,48.31,0
,11.70001,48.31009,0
,11.70013,48.31217,0
,11.70015,48.31229,0
,11.70023,48.3125,0
,11.70028,48.31255,0
,11.70032,48.31262,0
,11.70033,48.31266,0
,11.70041,48.31286,0
,11.70044,48.31302,0
,11.70052,48.31317,0
,11.70067,48.31326,0
,11.70074,48.31328,0
,11.70074,48.31356,0
,11.70078,48.314,0
,11.70078,48.31406,0
,11.70072,48.31436,0
,11.70071,48.31436,0
,11.70063,48.31473,0
,11.70049,48.31513,0
,11.70063,48.31544,0
,11.7007,48.31553,0
,11.70071,48.31559,0
,11.70073,48.31565,0
,11.70069,48.31575,0
,11.70068,48.31576,0
,11.70064,48.31589,0
,11.70054,48.3161,0
,11.70049,48.31629,0
,11.70031,48.3166,0
,11.70028,48.31687,0
,11.7003,48.31703,0
,11.70027,48.31716,0
,11.70018,48.31726,0
,11.70011,48.3173,0
,11.69994,48.31738,0
,11.69992,48.31741,0
,11.69979,48.31754,0
,11.69979,48.31755,0
,11.69977,48.31757,0
,11.69967,48.31779,0
,11.69961,48.3181,0
,11.69961,48.31828,0
,11.69959,48.31845,0
,11.69958,48.31846,0
,11.69953,48.31888,0
,11.69948,48.31907,0
,11.69948,48.31922,0
,11.69952,48.31949,0
,11.69959,48.31963,0
,11.69964,48.31981,0
,11.69975,48.32002,0
,11.69981,48.32011,0
,11.69994,48.32024,0
,11.70014,48.32038,0
,11.70024,48.32047,0
,11.70033,48.32058,0
,11.70038,48.32072,0
,11.70042,48.3209,0
,11.70038,48.32117,0
,11.70038,48.32127,0
,11.70039,48.32133,0
,11.7011,48.32192,0
,11.70142,48.32216,0
,11.70193,48.32267,0
,11.70219,48.32286,0
,11.70333,48.3234,0
,11.70446,48.32389,0
,11.70446,48.3239,0
,11.70528,48.32438,0
,11.70653,48.32533,0
,11.70659,48.32539,0
,11.70709,48.32614,0
,11.70749,48.32681,0
,11.7076,48.32705,0
,11.70766,48.32722,0
,11.70771,48.32733,0
,11.70772,48.32737,0
,11.70777,48.32747,0
,11.70789,48.32767,0
,11.70791,48.32769,0
,11.70798,48.3278,0
,11.70817,48.32804,0
,11.70844,48.32831,0
,11.70862,48.32857,0
,11.70895,48.32892,0
,11.70936,48.32927,0
,11.70977,48.32956,0
,11.71003,48.32966,0
,11.71016,48.32969,0
,11.71026,48.32973,0
,11.71041,48.32981,0
,11.71062,48.32999,0
,11.71092,48.33018,0
,11.71138,48.33041,0
,11.71162,48.33056,0
,11.7126,48.33127,0
,11.71277,48.33143,0
,11.71281,48.33145,0
,11.71292,48.33157,0
,11.71309,48.3318,0
,11.7133,48.33202,0
,11.71342,48.33213,0
,11.71348,48.33217,0
,11.71363,48.33232,0
,11.71381,48.33271,0
,11.7139,48.33284,0
,11.71395,48.33293,0
,11.714,48.333,0
,11.71407,48.33313,0
,11.71413,48.33321,0
,11.71421,48.33335,0
,11.7145,48.33378,0
,11.7145,48.33379,0
,11.71457,48.33397,0
,11.71458,48.33398,0
,11.71463,48.33415,0
,11.71468,48.33448,0
,11.71469,48.3345,0
,11.71471,48.33459,0
,11.71479,48.33482,0
,11.71491,48.335,0
,11.71494,48.33506,0
,11.71495,48.33512,0
,11.71495,48.33537,0
,11.71497,48.33575,0
,11.71494,48.33591,0
,11.71494,48.33595,0
,11.7149,48.3361,0
,11.71488,48.33621,0
,11.71489,48.33627,0
,11.71489,48.3363,0
,11.71494,48.33643,0
,11.71497,48.33648,0
,11.71502,48.3366,0
,11.71504,48.33669,0
,11.71498,48.33699,0
,11.7148,48.33748,0
,11.71471,48.338,0
,11.7147,48.33803,0
,11.71467,48.33821,0
,11.71466,48.33823,0
,11.71463,48.33838,0
,11.71447,48.33885,0
,11.71419,48.33943,0
,11.71417,48.3395,0
,11.71414,48.33974,0
,11.71409,48.33994,0
,11.71398,48.34022,0
,11.71391,48.34036,0
,11.71384,48.34046,0
,11.71378,48.34052,0
,11.71376,48.34055,0
,11.71364,48.34065,0
,11.71356,48.34073,0
,11.71354,48.34076,0
,11.71354,48.34081,0
,11.71355,48.34083,0
,11.71355,48.34084,0
,11.71361,48.34092,0
,11.71364,48.341,0
,11.71358,48.34103,0
,11.71354,48.34106,0
,11.7135,48.3411,0
,11.71345,48.34125,0
,11.71328,48.3419,0
,11.7133,48.34254,0
,11.71331,48.34258,0
,11.71331,48.3426,0
,11.71332,48.34262,0
,11.71353,48.34284,0
,11.71354,48.34286,0
,11.71356,48.34295,0
,11.71361,48.343,0
,11.71362,48.34302,0
,11.71362,48.34305,0
,11.7136,48.3431,0
,11.7136,48.34312,0
,11.71349,48.34331,0
,11.7135,48.34346,0
,11.71355,48.34364,0
,11.71377,48.34397,0
,11.71384,48.34406,0
,11.71396,48.34428,0
,11.7142,48.34458,0
,11.71486,48.34522,0
,11.71544,48.34563,0
,11.71586,48.34589,0
,11.71654,48.34637,0
,11.71723,48.34693,0
,11.71775,48.34746,0
,11.71793,48.34768,0
,11.71803,48.34782,0
,11.71803,48.34783,0
,11.71823,48.34815,0
,11.71824,48.34815,0
,11.71852,48.34866,0
,11.71856,48.34882,0
,11.71856,48.34892,0
,11.71853,48.34919,0
,11.7185,48.34933,0
,11.7185,48.34938,0
,11.71848,48.3495,0
,11.71862,48.35009,0
,11.7187,48.35028,0
,11.71879,48.35043,0
,11.71892,48.35059,0
,11.71945,48.35114,0
,11.71984,48.35148,0
,11.72017,48.35171,0
,11.72022,48.35173,0
,11.72064,48.35196,0
,11.72112,48.35215,0
,11.72146,48.35224,0
,11.72187,48.35232,0
,11.72191,48.35232,0
,11.7227,48.35241,0
,11.72377,48.35261,0
,11.72432,48.35279,0
,11.72503,48.35312,0
,11.72535,48.3533,0
,11.726,48.35363,0
,11.72636,48.35396,0
,11.72672,48.35434,0
,11.72699,48.3547,0
,11.72704,48.35475,0
,11.72717,48.35498,0
,11.72724,48.35514,0
,11.72748,48.35605,0
,11.7275,48.35616,0
,11.72753,48.35645,0
,11.72754,48.35649,0
,11.72753,48.35678,0
,11.72752,48.35681,0
,11.72749,48.357,0
,11.72723,48.35779,0
,11.7271,48.35803,0
,11.72709,48.35806,0
,11.72671,48.3585,0
,11.7266,48.35861,0
,11.72648,48.35875,0
,11.72614,48.35932,0
,11.72603,48.35948,0
,11.72593,48.35965,0
,11.72592,48.35965,0
,11.72587,48.35982,0
,11.72585,48.35992,0
,11.72578,48.36006,0
,11.72574,48.36017,0
,11.72573,48.36018,0
,11.72553,48.3605,0
,11.7253,48.3608,0
,11.72516,48.36096,0
,11.72515,48.36098,0
,11.72502,48.36114,0
,11.72485,48.36143,0
,11.72482,48.36147,0
,11.72479,48.36162,0
,11.72479,48.3617,0
,11.72484,48.36201,0
,11.72487,48.36216,0
,11.72487,48.36235,0
,11.72489,48.36263,0
,11.72491,48.36271,0
,11.72511,48.36322,0
,11.72514,48.36332,0
,11.72524,48.36349,0
,11.72533,48.36357,0
,11.72546,48.36366,0
,11.72567,48.36386,0
,11.72567,48.36391,0
,11.72579,48.36409,0
,11.72591,48.36421,0
,11.72627,48.36453,0
,11.72714,48.36525,0
,11.7272,48.36528,0
,11.72747,48.36546,0
,11.72781,48.36564,0
,11.72801,48.36576,0
,11.72872,48.36609,0
,11.72891,48.36616,0
,11.72902,48.36621,0
,11.73088,48.36689,0
,11.73208,48.36741,0
,11.73229,48.36752,0
,11.73236,48.36757,0
,11.73251,48.36765,0
,11.73257,48.36769,0
,11.73299,48.36791,0
,11.733,48.36791,0
,11.73329,48.36807,0
,11.73381,48.36839,0
,11.73458,48.36909,0
,11.73471,48.36926,0
,11.73471,48.36928,0
,11.73476,48.3694,0
,11.73486,48.36957,0
,11.73503,48.36982,0
,11.73509,48.36995,0
,11.73513,48.37001,0
,11.73539,48.37033,0
,11.73556,48.37069,0
,11.73588,48.37147,0
,11.73595,48.37183,0
,11.73594,48.37219,0
,11.73599,48.37263,0
,11.73598,48.37273,0
,11.73597,48.37399,0
,11.73588,48.37521,0
,11.73588,48.37568,0
,11.73591,48.37593,0
,11.73592,48.37596,0
,11.73594,48.37607,0
,11.73601,48.37624,0
,11.73605,48.37631,0
,11.7361,48.37638,0
,11.73616,48.37662,0
,11.7362,48.37672,0
,11.73636,48.377,0
,11.73642,48.37722,0
,11.73649,48.37737,0
,11.73665,48.37752,0
,11.7368,48.37768,0
,11.73689,48.37789,0
,11.73699,48.37807,0
,11.73717,48.37832,0
,11.73751,48.37871,0
,11.73788,48.37908,0
,11.73912,48.38021,0
,11.73935,48.38048,0
,11.73942,48.38054,0
,11.73951,48.38059,0
,11.73972,48.38073,0
,11.74034,48.38124,0
,11.74047,48.38136,0
,11.74065,48.38149,0
,11.741,48.38177,0
,11.74179,48.38237,0
,11.74188,48.38245,0
,11.74196,48.38254,0
,11.74204,48.3826,0
,11.74224,48.38278,0
,11.74244,48.38306,0
,11.74253,48.38317,0
,11.74265,48.38328,0
,11.74271,48.38338,0
,11.74279,48.38356,0
,11.74326,48.38487,0
,11.74336,48.38507,0
,11.74356,48.3854,0
,11.74369,48.38556,0
,11.74389,48.38576,0
,11.74407,48.3859,0
,11.74449,48.38628,0
,11.74449,48.38629,0
,11.74549,48.38735,0
,11.74596,48.38788,0
,11.74623,48.38781,0
,11.74667,48.38774,0
,11.74701,48.38774,0
,11.74731,48.38776,0
,11.74775,48.38795,0
,11.74775,48.38841,0
,11.74779,48.38892,0
,11.7478,48.38898,0
,11.74789,48.38924,0
,11.74828,48.38991,0
,11.74833,48.39012,0
,11.74833,48.39032,0
,11.74836,48.39043,0
,11.74852,48.39063,0
,11.74852,48.39065,0
,11.74858,48.39094,0
,11.74859,48.39117,0
,11.74861,48.39135,0
,11.74862,48.3916,0
,11.74864,48.39171,0
,11.74867,48.39207,0
,11.74879,48.3927,0
,11.74879,48.39278,0
,11.74878,48.39284,0
,11.74878,48.39289,0
,11.74892,48.39341,0
,11.74898,48.39378,0
,11.74913,48.3942,0
,11.74935,48.39472,0
,11.74958,48.39512,0
,11.74979,48.39544,0
,11.75047,48.39616,0
,11.75085,48.3964,0
,11.75087,48.39642,0
,11.75114,48.39654,0
,11.75136,48.39658,0
,11.75158,48.39659,0
,11.75169,48.39654,0
,11.7518,48.39641,0
,11.75187,48.39641,0
,11.75193,48.39642,0
,11.75208,48.39647,0
,11.75226,48.39655,0
,11.75211,48.39671,0
,11.75135,48.39767,0
,11.75129,48.39773,0
,11.75122,48.39782,0
,11.75132,48.39791,0
,11.75137,48.39794,0
,11.75174,48.39807,0
,11.75187,48.39813,0
,11.753,48.39875,0
,11.75343,48.39896,0
,11.75362,48.39901,0
,11.75369,48.39902,0
,11.75374,48.39904,0
,11.75384,48.39905,0
,11.75392,48.39906,0
,11.75406,48.3991,0
,11.75415,48.39915,0
,11.75423,48.39922,0
,11.75434,48.39919,0
,11.75444,48.39918,0
,11.75459,48.3992,0
,11.7551,48.39937,0
,11.75538,48.39952,0
,11.75879,48.40096,0
,11.75946,48.40136,0
,11.7595,48.40141,0
,11.76005,48.40181,0
,11.76071,48.40238,0
,11.76118,48.40282,0
,11.7612,48.40283,0
,11.76229,48.40381,0
,11.76263,48.40408,0
,11.76264,48.40408,0
,11.76321,48.40447,0
,11.76368,48.40474,0
,11.76407,48.40493,0
,11.76473,48.40521,0
,11.76555,48.40551,0
,11.76613,48.4057,0
,11.76733,48.40601,0
,11.7674,48.40602,0
,11.76759,48.40607,0
,11.76855,48.40624,0
,11.76973,48.40632,0
,11.77037,48.40633,0
,11.77335,48.40618,0
,11.77341,48.40617,0
,11.77395,48.40613,0
,11.77405,48.40613,0
,11.7752,48.40595,0
,11.77617,48.40572,0
,11.77819,48.40512,0
,11.7802,48.40443,0
,11.78021,48.40442,0
,11.7841,48.40321,0
,11.78467,48.40309,0
,11.78468,48.40308,0
,11.78571,48.40288,0
,11.78574,48.40288,0
,11.78623,48.40278,0
,11.78626,48.40278,0
,11.78648,48.40275,0
,11.78839,48.40266,0
,11.7888,48.40266,0
,11.78974,48.40271,0
,11.79028,48.40276,0
,11.7913,48.40289,0
,11.79145,48.40292,0
,11.79154,48.40295,0
,11.79188,48.4029,0
,11.79193,48.4029,0
,11.79196,48.40291,0
,11.79201,48.40291,0
,11.79224,48.40295,0
,11.79226,48.40295,0
,11.79233,48.40297,0
,11.79249,48.40299,0
,11.79252,48.403,0
,11.79259,48.40305,0
,11.79274,48.40316,0
,11.79292,48.40316,0
,11.79301,48.40317,0
,11.79309,48.40317,0
,11.79571,48.40358,0
,11.79641,48.40372,0
,11.79695,48.4038,0
,11.79698,48.4038,0
,11.79798,48.40402,0
,11.79911,48.40431,0
,11.80206,48.40525,0
,11.80331,48.40557,0
,11.80371,48.40564,0
,11.80442,48.40582,0
,11.80476,48.40587,0
,11.80534,48.4059,0
,11.80628,48.406,0
,11.80709,48.40603,0
,11.80796,48.40612,0
,11.80799,48.40613,0
,11.8085,48.40616,0
,11.80892,48.40621,0
,11.81003,48.40628,0
,11.81228,48.40632,0
,11.8136,48.40626,0
,11.81621,48.40626,0
,11.81705,48.4063,0
,11.81789,48.40643,0
,11.81877,48.40648,0
,11.82029,48.4067,0
,11.82037,48.40672,0
,11.82055,48.40673,0
,11.82151,48.40684,0
,11.82255,48.4069,0
,11.82299,48.4069,0
,11.8233,48.40692,0
,11.82503,48.40689,0
,11.82708,48.40668,0
,11.82757,48.40666,0
,11.82795,48.40671,0
,11.8284,48.40684,0
,11.82865,48.40687,0
,11.82931,48.40681,0
,11.82965,48.40688,0
,11.83078,48.40745,0
,11.83106,48.40756,0
,11.83195,48.4076,0
,11.83236,48.40766,0
,11.83296,48.40796,0
,11.8335,48.40831,0
,11.83547,48.40932,0
,11.83551,48.40935,0
,11.83575,48.40943,0
,11.8359,48.40942,0
,11.836,48.40943,0
,11.83617,48.40948,0
,11.83822,48.41058,0
,11.83987,48.41114,0
,11.8403,48.41124,0
,11.84065,48.41136,0
,11.84257,48.41183,0
,11.84386,48.4121,0
,11.84485,48.41234,0
,11.84488,48.41234,0
,11.84502,48.41237,0
,11.84609,48.41274,0
,11.84765,48.41334,0
,11.84865,48.41376,0
,11.84908,48.41398,0
,11.84951,48.41414,0
,11.8502,48.41448,0
,11.85442,48.41701,0
,11.85468,48.41715,0
,11.85578,48.4176,0
,11.85618,48.41774,0
,11.85726,48.41805,0
,11.85804,48.41824,0
,11.85987,48.41852,0
,11.86046,48.41856,0
,11.86135,48.41854,0
,11.86227,48.41849,0
,11.8623,48.41848,0
,11.86386,48.41836,0
,11.8648,48.41832,0
,11.86519,48.41824,0
,11.86643,48.4182,0
,11.86767,48.41804,0
,11.87216,48.41771,0
,11.87306,48.41771,0
,11.87317,48.4177,0
,11.87364,48.41771,0
,11.87381,48.41785,0
,11.87397,48.41802,0
,11.874,48.41811,0
,11.87395,48.41819,0
,11.87277,48.41905,0
,11.87272,48.41908,0
,11.87153,48.41998,0
,11.8711,48.42034,0
,11.87107,48.42041,0
,11.87109,48.42045,0
,11.87119,48.42054,0
,11.87139,48.42068,0
,11.87146,48.42075,0
,11.87157,48.42084,0
,11.87162,48.42094,0
,11.87165,48.42112,0
,11.87169,48.42119,0
,11.87172,48.42126,0
,11.87185,48.42144,0
,11.87189,48.42154,0
,11.87186,48.42183,0
,11.87184,48.42189,0
,11.87189,48.42197,0
,11.87202,48.42222,0
,11.87227,48.42286,0
,11.87245,48.4232,0
,11.87253,48.42337,0
,11.87257,48.42345,0
,11.87264,48.42351,0
,11.87307,48.42369,0
,11.8732,48.42378,0
,11.87327,48.42384,0
,11.87332,48.42394,0
,11.87334,48.42403,0
,11.87344,48.42425,0
,11.87353,48.4244,0
,11.87372,48.42457,0
,11.87416,48.42443,0
,11.87494,48.42428,0
,11.87516,48.42421,0
,11.87525,48.42416,0
,11.87531,48.42421,0
,11.87567,48.42426,0
,11.87668,48.42448,0
,11.87673,48.42451,0
,11.87689,48.42458,0
,11.87797,48.42524,0
,11.87877,48.42569,0
,11.8797,48.42626,0
,11.88014,48.4265,0
,11.88027,48.42659,0
,11.88075,48.42701,0
,11.88108,48.42721,0
,11.88131,48.42732,0
,11.88182,48.42761,0
,11.88201,48.4277,0
,11.88221,48.42782,0
,11.88236,48.42779,0
,11.88252,48.42779,0
,11.88276,48.42785,0
,11.88389,48.42834,0
,11.88403,48.42839,0
,11.8841,48.42831,0
,11.88428,48.42807,0
,11.88495,48.42731,0
,11.88504,48.42723,0
,11.88514,48.42716,0
,11.88551,48.42694,0
,11.88554,48.42691,0
,11.88572,48.42678,0
,11.88625,48.42627,0
,11.88714,48.42671,0
,11.88781,48.42699,0
,11.88873,48.42731,0
,11.88903,48.42738,0
,11.88919,48.42743,0
,11.89023,48.42765,0
,11.89137,48.4278,0
,11.89251,48.42787,0
,11.89383,48.42788,0
,11.89456,48.42792,0
,11.89528,48.42802,0
,11.89598,48.42815,0
,11.89653,48.42829,0
,11.89709,48.42847,0
,11.89743,48.42861,0
,11.89807,48.42883,0
,11.89859,48.42911,0
,11.89884,48.4293,0
,11.89885,48.4293,0
,11.89915,48.42952,0
,11.89959,48.42993,0
,11.9,48.4305,0
,11.90015,48.43073,0
,11.90129,48.43196,0
,11.90149,48.43214,0
,11.90172,48.4323,0
,11.90195,48.43243,0
,11.90225,48.43267,0
,11.90234,48.4328,0
,11.90264,48.433,0
,11.90324,48.43331,0
,11.90339,48.43336,0
,11.90356,48.43343,0
,11.90403,48.43357,0
,11.90527,48.43384,0
,11.90595,48.43394,0
,11.90621,48.43397,0
,11.90675,48.434,0
,11.90829,48.43398,0
,11.90838,48.43397,0
,11.90847,48.43397,0
,11.90907,48.43388,0
,11.90939,48.43377,0
,11.90991,48.43367,0
,11.91073,48.43342,0
,11.91122,48.43321,0
,11.91203,48.43295,0
,11.91248,48.43283,0
,11.91311,48.43269,0
,11.91373,48.43262,0
,11.91473,48.43255,0
,11.91533,48.43253,0
,11.91569,48.43254,0
,11.91603,48.4326,0
,11.91641,48.43272,0
,11.91734,48.43318,0
,11.9174,48.43322,0
,11.91942,48.43424,0
,11.92036,48.43512,0
,11.92083,48.4357,0
,11.92166,48.43662,0
,11.92218,48.43726,0
,11.92376,48.43893,0
,11.92554,48.44043,0
,11.92723,48.44165,0
,11.92587,48.44227,0
,11.92597,48.44233,0
,11.92619,48.44249,0
,11.92657,48.44282,0
,11.92664,48.44289,0
,11.92674,48.44296,0
,11.92763,48.44368,0
,11.92814,48.44406,0
,11.92884,48.44451,0
,11.92921,48.44467,0
,11.92989,48.44485,0
,11.93181,48.44511,0
,11.93234,48.4452,0
,11.93285,48.44532,0
,11.93373,48.44569,0
,11.93416,48.44593,0
,11.9344,48.44609,0
,11.93469,48.44626,0
,11.93498,48.44645,0
,11.93549,48.44692,0
,11.93569,48.44716,0
,11.93586,48.4474,0
,11.93614,48.44798,0
,11.93617,48.44806,0
,11.9365,48.44925,0
,11.93694,48.45024,0
,11.93703,48.45041,0
,11.93712,48.45062,0
,11.93712,48.45068,0
,11.93707,48.45076,0
,11.93693,48.45089,0
,11.93723,48.45095,0
,11.9374,48.45101,0
,11.93766,48.45127,0
,11.93774,48.45129,0
,11.93782,48.45129,0
,11.9379,48.45125,0
,11.93827,48.45089,0
,11.93851,48.45074,0
,11.93868,48.45069,0
,11.93895,48.45057,0
,11.93904,48.45055,0
,11.93912,48.45049,0
,11.93929,48.45048,0
,11.93964,48.45058,0
,11.93981,48.45064,0
,11.9407,48.45076,0
,11.94085,48.45073,0
,11.94102,48.45068,0
,11.94136,48.45067,0
,11.94184,48.45057,0
,11.94193,48.45108,0
,11.94209,48.45152,0
,11.94236,48.45194,0
,11.94259,48.45223,0
,11.94293,48.45257,0
,11.94321,48.45288,0
,11.94327,48.45296,0
,11.9437,48.4533,0
,11.9437,48.45331,0
,11.94381,48.45339,0
,11.94399,48.45357,0
,11.9442,48.45375,0
,11.94465,48.454,0
,11.94516,48.45434,0
,11.9458,48.45464,0
,11.94583,48.45465,0
,11.94592,48.4547,0
,11.94596,48.45473,0
,11.94601,48.45475,0
,11.94624,48.45488,0
,11.94645,48.45502,0
,11.94681,48.45529,0
,11.94732,48.45571,0
,11.94746,48.45585,0
,11.94748,48.45586,0
,11.94763,48.456,0
,11.94764,48.456,0
,11.94781,48.45612,0
,11.94791,48.45622,0
,11.94796,48.45625,0
,11.94798,48.45628,0
,11.94802,48.45632,0
,11.94808,48.45644,0
,11.94813,48.45712,0
,11.94812,48.45743,0
,11.94804,48.45786,0
,11.94797,48.45805,0
,11.94796,48.45809,0
,11.94784,48.45826,0
,11.94751,48.4586,0
,11.94723,48.45876,0
,11.9472,48.45878,0
,11.94653,48.45908,0
,11.94592,48.45932,0
,11.94512,48.45973,0
,11.94513,48.4598,0
,11.94513,48.45983,0
,11.94512,48.45988,0
,11.9451,48.45992,0
,11.94509,48.45996,0
,11.94506,48.45999,0
,11.94504,48.46006,0
,11.94475,48.46057,0
,11.94471,48.4607,0
,11.94471,48.46101,0
,11.94473,48.46143,0
,11.94472,48.46149,0
,11.94465,48.46171,0
,11.94448,48.46211,0
,11.94433,48.4624,0
,11.9442,48.46274,0
,11.94403,48.46339,0
,11.94399,48.46345,0
,11.94344,48.46413,0
,11.94315,48.46446,0
,11.94345,48.46455,0
,11.94334,48.4647,0
,11.9433,48.46473,0
,11.94327,48.46477,0
,11.94328,48.46479,0
,11.94331,48.46482,0
,11.94337,48.46484,0
,11.94345,48.46488,0
,11.94343,48.4649,0
,11.94333,48.46496,0
,11.94436,48.46528,0
,11.94495,48.46543,0
,11.94518,48.46547,0
,11.94537,48.46548,0
,11.94632,48.46531,0
,11.94663,48.46524,0
,11.94666,48.46524,0
,11.94833,48.46489,0
,11.94838,48.46494,0
,11.94842,48.46497,0
,11.94852,48.46516,0
,11.94853,48.4652,0
,11.94856,48.46527,0
,11.94861,48.46534,0
,11.94868,48.46544,0
,11.94875,48.46549,0
,11.94878,48.46552,0
,11.94883,48.46555,0
,11.94885,48.46557,0
,11.949,48.46564,0
,11.94919,48.46572,0
,11.94937,48.46578,0
,11.94945,48.46582,0
,11.9499,48.4661,0
,11.94998,48.46617,0
,11.95025,48.46649,0
,11.95034,48.46657,0
,11.95038,48.46664,0
,11.95044,48.46671,0
,11.95065,48.46689,0
,11.95086,48.46705,0
,11.9531,48.46892,0
,11.95316,48.46898,0
,11.95368,48.4694,0
,11.95392,48.46956,0
,11.95448,48.47002,0
,11.95462,48.47011,0
,11.95471,48.47018,0
,11.95499,48.4703,0
,11.95596,48.47064,0
,11.95618,48.47073,0
,11.95635,48.4708,0
,11.9564,48.47083,0
,11.95662,48.47093,0
,11.95664,48.47095,0
,11.95667,48.47097,0
,11.95669,48.47099,0
,11.95673,48.47105,0
,11.95675,48.4711,0
,11.95677,48.47123,0
,11.95676,48.47127,0
,11.95675,48.47139,0
,11.9567,48.47155,0
,11.95663,48.47165,0
,11.95663,48.4717,0
,11.95665,48.47178,0
,11.95661,48.47192,0
,11.9566,48.47221,0
,11.95672,48.47223,0
,11.95734,48.47239,0
,11.95783,48.47256,0
,11.95824,48.47273,0
,11.95857,48.47292,0
,11.95902,48.47322,0
,11.95911,48.47331,0
,11.9593,48.47344,0
,11.95941,48.47347,0
,11.95942,48.47346,0
,11.95961,48.47358,0
,11.95986,48.47369,0
,11.96005,48.4738,0
,11.96074,48.47425,0
,11.96201,48.47519,0
,11.96315,48.47614,0
,11.96381,48.47674,0
,11.9642,48.477,0
,11.96414,48.4771,0
,11.96423,48.47716,0
,11.96434,48.47728,0
,11.96585,48.47863,0
,11.96659,48.47934,0
,11.96817,48.48071,0
,11.97071,48.483,0
,11.97199,48.48421,0
,11.97218,48.48437,0
,11.97236,48.48448,0
,11.97288,48.48473,0
,11.97301,48.48481,0
,11.97396,48.48556,0
,11.97428,48.48577,0
,11.97443,48.48585,0
,11.97462,48.48593,0
,11.97465,48.48595,0
,11.97468,48.48598,0
,11.97469,48.48601,0
,11.9747,48.48617,0
,11.97473,48.48629,0
,11.97474,48.48636,0
,11.97478,48.48639,0
,11.97482,48.48641,0
,11.97484,48.48641,0
,11.97496,48.48644,0
,11.97502,48.48643,0
,11.97508,48.48643,0
,11.97521,48.48639,0
,11.97524,48.48639,0
,11.97548,48.48631,0
,11.97549,48.48631,0
,11.97562,48.48625,0
,11.97568,48.48623,0
,11.97605,48.48623,0
,11.97619,48.48631,0
,11.97624,48.48636,0
,11.97627,48.48656,0
,11.97626,48.48793,0
,11.9763,48.48809,0
,11.97634,48.48815,0
,11.97637,48.48821,0
,11.97648,48.48836,0
,11.97911,48.49088,0
,11.97912,48.49088,0
,11.97942,48.49117,0
,11.97943,48.49117,0
,11.97947,48.49121,0
,11.97966,48.49135,0
,11.9798,48.49138,0
,11.97989,48.49138,0
,11.9809,48.49124,0
,11.98091,48.49123,0
,11.9819,48.49113,0
,11.98225,48.49113,0
,11.98312,48.49122,0
,11.98323,48.49121,0
,11.98334,48.49121,0
,11.98347,48.49118,0
,11.98358,48.49114,0
,11.98378,48.49105,0
,11.98419,48.4908,0
,11.9842,48.4908,0
,11.9842,48.49079,0
,11.98441,48.49068,0
,11.98441,48.49067,0
,11.98461,48.4906,0
,11.98475,48.49057,0
,11.9849,48.49055,0
,11.98504,48.49055,0
,11.98515,48.49057,0
,11.98517,48.49058,0
,11.98579,48.49075,0
,11.98657,48.49092,0
,11.98671,48.49093,0
,11.98709,48.49099,0
,11.99221,48.49247,0
,11.99224,48.49247,0
,11.99308,48.4927,0
,11.99377,48.49284,0
,11.99546,48.49326,0
,11.99554,48.49329,0
,11.99594,48.49339,0
,11.99632,48.49351,0
,11.997,48.49379,0
,11.9972,48.49386,0
,11.99729,48.49388,0
,11.99754,48.49391,0
,11.99763,48.4939,0
,11.99783,48.49398,0
,11.99788,48.49401,0
,11.99806,48.49407,0
,11.99833,48.49414,0
,11.99855,48.49416,0
,11.99898,48.49406,0
,11.9992,48.49405,0
,11.99941,48.49409,0
,11.99945,48.49409,0
,12.00041,48.49436,0
,12.00043,48.49436,0
,12.00142,48.49462,0
,12.00154,48.49466,0
,12.00167,48.49469,0
,12.0023,48.4949,0
,12.00241,48.49492,0
,12.00242,48.49493,0
,12.00385,48.49521,0
,12.00406,48.49524,0
,12.00417,48.49527,0
,12.00421,48.49527,0
,12.01168,48.49697,0
,12.01233,48.49716,0
,12.0174,48.49906,0
,12.01778,48.49922,0
,12.01817,48.49942,0
,12.01998,48.50003,0
,12.02034,48.50013,0
,12.02134,48.50034,0
,12.02224,48.5005,0
,12.02263,48.50055,0
,12.02627,48.50088,0
,12.02628,48.50089,0
,12.02743,48.50103,0
,12.02849,48.50127,0
,12.02887,48.50138,0
,12.02972,48.5017,0
,12.03041,48.50203,0
,12.03156,48.50266,0
,12.03554,48.50498,0
,12.03614,48.50525,0
,12.03716,48.50567,0
,12.03767,48.50585,0
,12.03802,48.50595,0
,12.03894,48.50617,0
,12.03955,48.50628,0
,12.04045,48.5064,0
,12.0412,48.50645,0
,12.04234,48.50649,0
,12.05518,48.50653,0
,12.05525,48.50654,0
,12.05666,48.50652,0
,12.05739,48.50647,0
,12.05795,48.50641,0
,12.05798,48.5064,0
,12.06272,48.50568,0
,12.06357,48.5056,0
,12.06487,48.50554,0
,12.06559,48.50555,0
,12.06698,48.50568,0
,12.06773,48.50578,0
,12.06887,48.50601,0
,12.06987,48.50628,0
,12.07082,48.5066,0
,12.0722,48.5072,0
,12.07275,48.5075,0
,12.07282,48.50755,0
,12.07333,48.50786,0
,12.07378,48.50818,0
,12.07431,48.50859,0
,12.07537,48.50949,0
,12.07585,48.50985,0
,12.076,48.50995,0
,12.07609,48.5099,0
,12.07616,48.50985,0
,12.07629,48.50978,0
,12.07629,48.50977,0
,12.07651,48.50964,0
,12.07654,48.50963,0
,12.0774,48.50977,0
,12.07745,48.50977,0
,12.07751,48.50972,0
,12.07763,48.5093,0
,12.07796,48.5092,0
,12.07799,48.50917,0
,12.07799,48.50911,0
,12.07801,48.50908,0
,12.07802,48.50905,0
,12.07815,48.50887,0
,12.07822,48.50877,0
,12.0783,48.50868,0
,12.07832,48.50865,0
,12.07859,48.50836,0
,12.07862,48.50834,0
,12.07879,48.50815,0
,12.07881,48.50814,0
,12.07895,48.50797,0
,12.07902,48.5079,0
,12.07905,48.50786,0
,12.07919,48.50773,0
,12.07925,48.50766,0
,12.07938,48.50756,0
,12.07955,48.50748,0
,12.07983,48.50748,0
,12.07997,48.5075,0
,12.0801,48.50754,0
,12.08021,48.5076,0
,12.08029,48.50767,0
,12.08032,48.50771,0
,12.08035,48.5078,0
,12.08038,48.50794,0
,12.08038,48.50802,0
,12.0804,48.50811,0
,12.08038,48.50819,0
,12.08038,48.50829,0
,12.08041,48.50837,0
,12.08047,48.50844,0
,12.08049,48.50845,0
,12.08056,48.5085,0
,12.08147,48.50885,0
,12.08227,48.50912,0
,12.08315,48.50938,0
,12.0832,48.50938,0
,12.08476,48.50918,0
,12.08533,48.50912,0
,12.08591,48.50915,0
,12.08746,48.50934,0
,12.08812,48.50948,0
,12.08876,48.50967,0
,12.0899,48.51015,0
,12.09145,48.51087,0
,12.09161,48.51099,0
,12.09186,48.51114,0
,12.09197,48.51118,0
,12.09242,48.51138,0
,12.09242,48.51139,0
,12.09395,48.51203,0
,12.09433,48.51217,0
,12.09454,48.51228,0
,12.09471,48.51236,0
,12.09511,48.51242,0
,12.09526,48.51242,0
,12.09547,48.51232,0
,12.09574,48.51217,0
,12.09576,48.51229,0
,12.0958,48.51234,0
,12.0958,48.51235,0
,12.09587,48.51244,0
,12.09592,48.51249,0
,12.09599,48.51254,0
,12.09613,48.51262,0
,12.09624,48.51265,0
,12.09639,48.51268,0
,12.09663,48.51275,0
,12.097,48.51288,0
,12.09763,48.51304,0
,12.09764,48.51304,0
,12.09989,48.51366,0
,12.10029,48.5138,0
,12.1007,48.51391,0
,12.10071,48.51391,0
,12.10071,48.5139,0
,12.10077,48.5139,0
,12.10103,48.51394,0
,12.10122,48.51398,0
,12.10182,48.51412,0
,12.10297,48.51447,0
,12.10306,48.51449,0
,12.10413,48.51481,0
,12.10532,48.5152,0
,12.10905,48.51656,0
,12.1094,48.51667,0
,12.11008,48.51685,0
,12.11069,48.51698,0
,12.11094,48.51706,0
,12.11109,48.51712,0
,12.11168,48.51728,0
,12.11182,48.51733,0
,12.1143,48.51792,0
,12.11487,48.518,0
,12.11519,48.51807,0
,12.11558,48.5182,0
,12.1157,48.51826,0
,12.11579,48.51832,0
,12.11619,48.51864,0
,12.11694,48.51886,0
,12.11707,48.51891,0
,12.11718,48.51894,0
,12.11723,48.51896,0
,12.11816,48.51916,0
,12.11821,48.51918,0
,12.11831,48.51922,0
,12.11918,48.51979,0
,12.11919,48.51979,0
,12.11924,48.51983,0
,12.11979,48.52015,0
,12.1198,48.52015,0
,12.12016,48.52035,0
,12.12021,48.52039,0
,12.12062,48.52061,0
,12.1214,48.52099,0
,12.12224,48.52145,0
,12.12226,48.52147,0
,12.12299,48.52196,0
,12.12325,48.5221,0
,12.12366,48.52228,0
,12.12367,48.52228,0
,12.12414,48.52245,0
,12.12415,48.52246,0
,12.12485,48.52271,0
,12.12486,48.52272,0
,12.12535,48.52289,0
,12.12545,48.52294,0
,12.12574,48.52306,0
,12.1262,48.52333,0
,12.12676,48.5239,0
,12.12704,48.52416,0
,12.12755,48.5245,0
,12.12782,48.52463,0
,12.12858,48.52491,0
,12.12859,48.52492,0
,12.12926,48.52514,0
,12.13153,48.52575,0
,12.13154,48.52576,0
,12.1319,48.52586,0
,12.13269,48.52618,0
,12.13434,48.52672,0
,12.13481,48.52683,0
,12.13526,48.52688,0
,12.13814,48.52687,0
,12.13833,48.52686,0
,12.13872,48.52691,0
,12.13894,48.52699,0
,12.13941,48.52722,0
,12.1399,48.52749,0
,12.14002,48.5276,0
,12.14005,48.52762,0
,12.14023,48.52789,0
,12.14034,48.52802,0
,12.14053,48.5282,0
,12.1406,48.52825,0
,12.14068,48.52832,0
,12.14076,48.52837,0
,12.1408,48.52838,0
,12.14082,48.5284,0
,12.14086,48.52842,0
,12.141,48.52836,0
,12.14126,48.52828,0
,12.14147,48.52824,0
,12.14166,48.52822,0
,12.14215,48.52826,0
,12.14231,48.52832,0
,12.14242,48.52833,0
,12.14241,48.52834,0
,12.14236,48.52848,0
,12.14234,48.52851,0
,12.14232,48.52852,0
,12.14229,48.52855,0
,12.1421,48.52864,0
,12.14191,48.52894,0
,12.14275,48.52921,0
,12.14286,48.52927,0
,12.14288,48.52929,0
,12.14289,48.52931,0
,12.14286,48.52937,0
,12.14277,48.52947,0
,12.14188,48.52919,0
,12.14193,48.52934,0
,12.14193,48.52935,0
,12.14203,48.52946,0
,12.14208,48.52953,0
,12.14254,48.52996,0
,12.14254,48.52997,0
,12.14266,48.53008,0
,12.14269,48.53012,0
,12.14519,48.53244,0
,12.14538,48.53267,0
,12.14674,48.53418,0
,12.14698,48.53441,0
,12.14698,48.53442,0
,12.1478,48.5351,0
,12.14793,48.53524,0
,12.14809,48.53535,0
,12.14823,48.53539,0
,12.14858,48.53559,0
,12.14891,48.53577,0
,12.14896,48.53582,0
,12.14929,48.53609,0
,12.14955,48.53624,0
,12.14985,48.53648,0
,12.1499,48.53651,0
,12.1499,48.53652,0
,12.15014,48.53669,0
,12.15043,48.53692,0
,12.15043,48.53693,0
,12.15055,48.53709,0
,12.15077,48.53742,0
,12.15105,48.53793,0
,12.15139,48.53842,0
,12.1515,48.53853,0
,12.15155,48.53856,0
,12.1517,48.53871,0
,12.15175,48.53875,0
,12.15191,48.53884,0
,12.15197,48.53889,0
,12.15205,48.53894,0
,12.15235,48.53905,0
,12.15266,48.53915,0
,12.15361,48.53941,0
,12.15367,48.53942,0
,12.154,48.53951,0
,12.15414,48.53957,0
,12.15416,48.53957,0
,12.15487,48.53984,0
,12.15501,48.53977,0
,12.15511,48.53983,0
,12.15529,48.53988,0
,12.15526,48.53993,0
,12.15593,48.54025,0
,12.15601,48.54031,0
,12.15606,48.54036,0
,12.15609,48.54037,0
,12.15615,48.54041,0
,12.15619,48.54043,0
,12.15622,48.54043,0
,12.15642,48.54049,0
,12.15981,48.54181,0
,12.16099,48.54225,0
,12.16168,48.54246,0
,12.16182,48.54248,0
,12.16188,48.54248,0
,12.16195,48.54246,0
,12.16297,48.54275,0
,12.16561,48.54347,0
,12.16573,48.54352,0
,12.16828,48.54422,0
,12.16811,48.54452,0
,12.16812,48.54454,0
,12.16814,48.54456,0
,12.17359,48.54652,0
,12.17387,48.54669,0
,12.17571,48.54738,0
,12.17621,48.54759,0
,12.17621,48.5476,0
,12.17652,48.54774,0
,12.1771,48.54804,0
,12.17755,48.54836,0
,12.17766,48.5484,0
,12.17778,48.54846,0
,12.17792,48.54851,0
,12.17814,48.54865,0
,12.17834,48.54881,0
,12.17841,48.54888,0
,12.17856,48.54906,0
,12.17857,48.54908,0
,12.17879,48.54929,0
,12.17972,48.55006,0
,12.18008,48.5505,0
,12.18025,48.55064,0
,12.18034,48.55074,0
,12.18098,48.55198,0
,12.18115,48.55244,0
,12.18131,48.55305,0
,12.18164,48.55449,0
,12.18176,48.5545,0
,12.18182,48.5545,0
,12.18181,48.55461,0
,12.18185,48.55492,0
,12.18227,48.5566,0
,12.18233,48.55689,0
,12.18242,48.55723,0
,12.18247,48.55731,0
,12.18252,48.55737,0
,12.1826,48.55743,0
,12.1832,48.55775,0
,12.18334,48.55787,0
,12.18349,48.55802,0
,12.18351,48.55805,0
,12.1837,48.55862,0
,12.18385,48.55884,0
,12.18388,48.55887,0
,12.18391,48.55893,0
,12.18395,48.55912,0
,12.18395,48.55926,0
,12.18396,48.55931,0
,12.18398,48.55935,0
,12.18404,48.55944,0
,12.18418,48.55957,0
,12.18477,48.56006,0
,12.1849,48.56015,0
,12.18504,48.56022,0
,12.18525,48.5604,0
,12.18563,48.5608,0
,12.18573,48.56092,0
,12.18805,48.56342,0
,12.18843,48.5638,0
,12.18879,48.56408,0
,12.18892,48.56414,0
,12.18908,48.56423,0
,12.1901,48.56472,0
,12.19076,48.56492,0
,12.19143,48.56505,0
,12.19201,48.56513,0
,12.1922,48.56513,0
,12.19239,48.5651,0
,12.19241,48.5651,0
,12.19245,48.56509,0
,12.1934,48.56478,0
,12.19342,48.56478,0
,12.19343,48.56477,0
,12.19373,48.5647,0
,12.19386,48.5647,0
,12.1939,48.56472,0
,12.19401,48.56476,0
,12.19403,48.56478,0
,12.19406,48.5648,0
,12.19437,48.5651,0
,12.19478,48.56541,0
,12.1948,48.56541,0
,12.19553,48.56579,0
,12.19564,48.56586,0
,12.19601,48.56613,0
,12.19602,48.56613,0
,12.19669,48.56662,0
,12.197,48.56679,0
,12.1971,48.56683,0
,12.1972,48.56686,0
,12.19722,48.56686,0
,12.19739,48.56689,0
,12.19744,48.56689,0
,12.19746,48.5669,0
,12.19769,48.56688,0
,12.19824,48.56678,0
,12.19844,48.56678,0
,12.19871,48.56684,0
,12.19907,48.56701,0
,12.1992,48.5671,0
,12.19938,48.56719,0
,12.20071,48.56805,0
,12.20199,48.56916,0
,12.20205,48.56923,0
,12.20229,48.56952,0
,12.20306,48.57026,0
,12.20317,48.57033,0
,12.2033,48.57039,0
,12.20354,48.57044,0
,12.20355,48.57045,0
,12.2046,48.57063,0
,12.20496,48.57092,0
,12.20748,48.57135,0
,12.20759,48.57138,0
,12.20789,48.57143,0
,12.20824,48.57151,0
,12.20855,48.5716,0
,12.2086,48.57161,0
,12.2091,48.57178,0
,12.20914,48.5718,0
,12.20957,48.57196,0
,12.20958,48.57197,0
,12.20978,48.57206,0
,12.20987,48.57211,0
,12.21073,48.57262,0
,12.21086,48.57269,0
,12.21097,48.57274,0
,12.21151,48.57293,0
,12.21242,48.57313,0
,12.21278,48.57324,0
,12.21324,48.57342,0
,12.21375,48.57368,0
,12.21388,48.57371,0
,12.21422,48.57393,0
,12.21533,48.57482,0
,12.21537,48.57486,0
,12.21584,48.57523,0
,12.21661,48.57577,0
,12.2171,48.57618,0
,12.21746,48.57662,0
,12.21772,48.57703,0
,12.21778,48.57716,0
,12.21789,48.57747,0
,12.21794,48.57769,0
,12.21795,48.57791,0
,12.21797,48.57805,0
,12.21797,48.57849,0
,12.218,48.57866,0
,12.21804,48.57875,0
,12.21817,48.57897,0
,12.21841,48.57928,0
,12.21871,48.57973,0
,12.21883,48.57989,0
,12.21896,48.5801,0
,12.21897,48.58011,0
,12.21922,48.58075,0
,12.21927,48.58093,0
,12.21939,48.58128,0
,12.21944,48.58146,0
,12.21951,48.58166,0
,12.21956,48.58186,0
,12.21961,48.58201,0
,12.21978,48.58186,0
,12.21989,48.58187,0
,12.22006,48.58187,0
,12.22054,48.58183,0
,12.22136,48.58168,0
,12.22137,48.58174,0
,12.2215,48.58218,0
,12.2215,48.5822,0
,12.22141,48.58235,0
,12.22133,48.58242,0
,12.22162,48.58258,0
,12.22201,48.58274,0
,12.22256,48.58293,0
,12.22376,48.58324,0
,12.22508,48.58346,0
,12.2277,48.5839,0
,12.22863,48.58412,0
,12.22919,48.58431,0
,12.23821,48.58879,0
,12.23826,48.58871,0
,12.23947,48.58931,0
,12.24225,48.59079,0
,12.24255,48.59087,0
,12.243,48.59111,0
,12.24311,48.59118,0
,12.24341,48.59127,0
,12.24428,48.59169,0
,12.24507,48.59196,0
,12.24721,48.59259,0
,12.24908,48.59309,0
,12.24951,48.59314,0
,12.25271,48.5934,0
,12.25492,48.59366,0
,12.25574,48.59367,0
,12.25974,48.59398,0
,12.26732,48.59445,0
,12.2695,48.59451,0
,12.27196,48.59443,0
,12.27252,48.59433,0
,12.27329,48.59416,0
,12.2738,48.59399,0
,12.27403,48.59393,0
,12.27466,48.59388,0
,12.27695,48.59402,0
,12.27756,48.59396,0
,12.27773,48.59391,0
,12.27794,48.59383,0
,12.27797,48.5938,0
,12.27811,48.5937,0
,12.27844,48.59356,0
,12.27865,48.5935,0
,12.27915,48.59331,0
,12.27972,48.59316,0
,12.2802,48.59307,0
,12.28137,48.59295,0
,12.28221,48.59292,0
,12.28289,48.59293,0
,12.28326,48.59298,0
,12.28361,48.59307,0
,12.28372,48.59309,0
,12.28442,48.59339,0
,12.28458,48.59324,0
,12.28462,48.59319,0
,12.28489,48.59292,0
,12.2852,48.59317,0
,12.28551,48.59336,0
,12.28569,48.59343,0
,12.28608,48.59361,0
,12.28659,48.59382,0
,12.2881,48.59428,0
,12.28879,48.59445,0
,12.29287,48.59511,0
,12.29323,48.59519,0
,12.29383,48.59538,0
,12.29416,48.59552,0
,12.29467,48.59584,0
,12.2949,48.59604,0
,12.29513,48.59627,0
,12.29526,48.59645,0
,12.29543,48.59679,0
,12.29568,48.59741,0
,12.29575,48.59752,0
,12.29578,48.59758,0
,12.296,48.59784,0
,12.29634,48.5981,0
,12.29679,48.59833,0
,12.29726,48.59848,0
,12.29728,48.59849,0
,12.29854,48.5988,0
,12.29902,48.59894,0
,12.29932,48.59906,0
,12.29985,48.59933,0
,12.3002,48.59956,0
,12.30036,48.59968,0
,12.3005,48.59981,0
,12.30067,48.60001,0
,12.30082,48.60022,0
,12.30117,48.60065,0
,12.30156,48.60103,0
,12.30211,48.60143,0
,12.30243,48.60161,0
,12.30356,48.60214,0
,12.30467,48.60258,0
,12.30569,48.60288,0
,12.30637,48.60304,0
,12.3065,48.60306,0
,12.30657,48.60308,0
,12.30703,48.60315,0
,12.30717,48.60316,0
,12.30729,48.60318,0
,12.30881,48.60329,0
,12.30892,48.60329,0
,12.31109,48.60344,0
,12.31188,48.60354,0
,12.31191,48.60354,0
,12.31241,48.60363,0
,12.31362,48.60388,0
,12.31376,48.6039,0
,12.31393,48.60391,0
,12.31395,48.60392,0
,12.31408,48.60392,0
,12.31411,48.60393,0
,12.31459,48.60392,0
,12.31505,48.60385,0
,12.31516,48.60382,0
,12.31518,48.60382,0
,12.31542,48.60375,0
,12.31543,48.60374,0
,12.31598,48.60352,0
,12.31617,48.60347,0
,12.31641,48.60344,0
,12.31641,48.60342,0
,12.31642,48.60342,0
,12.31642,48.60341,0
,12.31644,48.6034,0
,12.31644,48.60339,0
,12.31646,48.60339,0
,12.31646,48.60338,0
,12.31649,48.60338,0
,12.31649,48.60337,0
,12.31656,48.60337,0
,12.31657,48.60338,0
,12.3166,48.60338,0
,12.3166,48.60339,0
,12.31662,48.60339,0
,12.31662,48.6034,0
,12.31663,48.6034,0
,12.31663,48.60341,0
,12.31664,48.60341,0
,12.31664,48.60342,0
,12.31665,48.60342,0
,12.31665,48.60344,0
,12.31666,48.60345,0
,12.31666,48.60346,0
,12.31665,48.60346,0
,12.31665,48.60349,0
,12.31664,48.60349,0
,12.31664,48.6035,0
,12.31663,48.6035,0
,12.31663,48.60351,0
,12.31659,48.60353,0
,12.31656,48.60353,0
,12.31656,48.60354,0
,12.31652,48.60354,0
,12.31646,48.60418,0
,12.3164,48.60454,0
,12.31627,48.60508,0
,12.3162,48.60528,0
,12.31618,48.60546,0
,12.31618,48.60564,0
,12.31622,48.60591,0
,12.31662,48.60694,0
,12.31666,48.60701,0
,12.31677,48.60737,0
,12.31679,48.60737,0
,12.31679,48.60738,0
,12.3168,48.60738,0
,12.31681,48.6074,0
,12.31682,48.6074,0
,12.31682,48.60742,0
,12.31681,48.60742,0
,12.31681,48.60744,0
,12.3168,48.60744,0
,12.3168,48.60745,0
,12.31679,48.60745,0
,12.31679,48.60749,0
,12.3168,48.60756,0
,12.31679,48.6076,0
,12.31687,48.60811,0
,12.3171,48.60894,0
,12.31746,48.6098,0
,12.31747,48.60988,0
,12.31747,48.60998,0
,12.31746,48.61007,0
,12.31742,48.61018,0
,12.31727,48.61047,0
,12.31721,48.61056,0
,12.3171,48.61077,0
,12.31692,48.61107,0
,12.31708,48.6111,0
,12.31743,48.61113,0
,12.31839,48.61114,0
,12.31954,48.61111,0
,12.31994,48.61107,0
,12.32056,48.61098,0
,12.32081,48.61098,0
,12.32101,48.61101,0
,12.32126,48.61107,0
,12.32146,48.61114,0
,12.32151,48.61115,0
,12.32165,48.61121,0
,12.32192,48.61135,0
,12.32198,48.61137,0
,12.32204,48.6114,0
,12.3227,48.6115,0
,12.32271,48.61151,0
,12.32284,48.61154,0
,12.32298,48.61162,0
,12.32311,48.61175,0
,12.32324,48.61197,0
,12.32346,48.61241,0
,12.32351,48.6126,0
,12.32355,48.6129,0
,12.32354,48.61336,0
,12.32355,48.61347,0
,12.32359,48.6137,0
,12.32367,48.61393,0
,12.32389,48.61438,0
,12.32393,48.61452,0
,12.32393,48.61462,0
,12.32388,48.61477,0
,12.32366,48.61526,0
,12.32356,48.61554,0
,12.32337,48.61592,0
,12.32313,48.61626,0
,12.32303,48.61651,0
,12.32301,48.6166,0
,12.32301,48.61675,0
,12.32304,48.61684,0
,12.32304,48.61687,0
,12.32308,48.61696,0
,12.32316,48.61707,0
,12.32336,48.61729,0
,12.32362,48.61751,0
,12.32398,48.61778,0
,12.324,48.61781,0
,12.32403,48.61784,0
,12.32407,48.6179,0
,12.3241,48.61797,0
,12.32419,48.6183,0
,12.32424,48.61872,0
,12.32422,48.61892,0
,12.32418,48.61912,0
,12.32415,48.61918,0
,12.32412,48.61927,0
,12.32397,48.61956,0
,12.32382,48.61975,0
,12.32372,48.61986,0
,12.32371,48.61996,0
,12.32358,48.62024,0
,12.32356,48.62032,0
,12.32359,48.62038,0
,12.32363,48.62051,0
,12.32527,48.62068,0
,12.32606,48.62081,0
,12.32701,48.62103,0
,12.32749,48.62112,0
,12.32762,48.62112,0
,12.32848,48.62128,0
,12.32859,48.62132,0
,12.3298,48.6216,0
,12.33059,48.62186,0
,12.33124,48.62214,0
,12.33142,48.62224,0
,12.33175,48.62245,0
,12.33183,48.62252,0
,12.33246,48.62298,0
,12.33266,48.62308,0
,12.3329,48.62313,0
,12.33327,48.62314,0
,12.33344,48.62313,0
,12.33399,48.62303,0
,12.33419,48.62297,0
,12.3344,48.62288,0
,12.33463,48.62274,0
,12.33507,48.62239,0
,12.33518,48.62228,0
,12.33558,48.62203,0
,12.3357,48.62199,0
,12.3358,48.62197,0
,12.33583,48.62197,0
,12.33587,48.62198,0
,12.33602,48.62199,0
,12.33624,48.62209,0
,12.33638,48.62219,0
,12.33662,48.62243,0
,12.33678,48.62262,0
,12.33691,48.62273,0
,12.33707,48.62283,0
,12.33723,48.62288,0
,12.33746,48.62293,0
,12.33762,48.62294,0
,12.33801,48.62301,0
,12.33905,48.62326,0
,12.34193,48.62364,0
,12.34227,48.62367,0
,12.3451,48.62367,0
,12.34605,48.6237,0
,12.34701,48.62376,0
,12.34762,48.62385,0
,12.34776,48.62385,0
,12.3487,48.62412,0
,12.34926,48.62434,0
,12.34996,48.6247,0
,12.35036,48.62496,0
,12.35037,48.62496,0
,12.35048,48.62504,0
,12.35097,48.6255,0
,12.35131,48.62589,0
,12.35162,48.6262,0
,12.35212,48.62679,0
,12.35266,48.62738,0
,12.35269,48.62744,0
,12.35345,48.62823,0
,12.35407,48.62881,0
,12.35436,48.62905,0
,12.35484,48.6294,0
,12.35538,48.62975,0
,12.35633,48.63024,0
,12.35679,48.63045,0
,12.35737,48.63067,0
,12.35785,48.63082,0
,12.35837,48.63096,0
,12.35905,48.63111,0
,12.35961,48.63121,0
,12.36053,48.63133,0
,12.36165,48.63142,0
,12.36247,48.63143,0
,12.36364,48.63139,0
,12.36493,48.63122,0
,12.36594,48.631,0
,12.36663,48.63081,0
,12.3678,48.63041,0
,12.36952,48.62977,0
,12.37041,48.62947,0
,12.37139,48.6292,0
,12.37264,48.62894,0
,12.37416,48.62873,0
,12.37543,48.62867,0
,12.37639,48.62866,0
,12.37781,48.62877,0
,12.37795,48.62876,0
,12.37858,48.6288,0
,12.37865,48.62875,0
,12.3787,48.62873,0
,12.3788,48.62873,0
,12.37882,48.62874,0
,12.37884,48.62874,0
,12.37889,48.62878,0
,12.37891,48.62879,0
,12.37893,48.62882,0
,12.37893,48.62889,0
,12.37891,48.62893,0
,12.37888,48.62896,0
,12.37881,48.62898,0
,12.37879,48.62898,0
,12.37875,48.62921,0
,12.37871,48.62927,0
,12.37869,48.6294,0
,12.37864,48.62956,0
,12.3783,48.63041,0
,12.3782,48.63077,0
,12.37811,48.63164,0
,12.37804,48.63204,0
,12.37797,48.63228,0
,12.37796,48.63229,0
,12.37794,48.63235,0
,12.37788,48.63247,0
,12.37772,48.63273,0
,12.37703,48.63364,0
,12.37685,48.6339,0
,12.37667,48.63413,0
,12.37649,48.63445,0
,12.37547,48.63681,0
,12.37545,48.63687,0
,12.3746,48.63886,0
,12.37425,48.63955,0
,12.37406,48.63985,0
,12.37404,48.6399,0
,12.37392,48.64007,0
,12.37379,48.6403,0
,12.3729,48.64168,0
,12.37212,48.64299,0
,12.37193,48.64337,0
,12.37048,48.64659,0
,12.36981,48.64798,0
,12.36964,48.64837,0
,12.36909,48.64949,0
,12.36655,48.65394,0
,12.36581,48.65501,0
,12.36582,48.65506,0
,12.36575,48.65519,0
,12.36578,48.65523,0
,12.36579,48.65528,0
,12.36578,48.65532,0
,12.36594,48.65545,0
,12.36594,48.65547,0
,12.36612,48.65556,0
,12.36636,48.65566,0
,12.36684,48.65583,0
,12.36738,48.65596,0
,12.3678,48.65599,0
,12.36838,48.65596,0
,12.36857,48.65599,0
,12.36865,48.65601,0
,12.36871,48.65604,0
,12.36882,48.65612,0
,12.36901,48.65622,0
,12.36901,48.65636,0
,12.36908,48.65657,0
,12.3691,48.65661,0
,12.36912,48.65697,0
,12.36904,48.65723,0
,12.369,48.65743,0
,12.36901,48.65749,0
,12.36905,48.65756,0
,12.36927,48.65777,0
,12.36939,48.65798,0
,12.36951,48.65831,0
,12.36946,48.65934,0
,12.36943,48.65945,0
,12.36939,48.65954,0
,12.36927,48.65975,0
,12.36918,48.65997,0
,12.36913,48.66023,0
,12.36912,48.66044,0
,12.36915,48.6607,0
,12.36916,48.66071,0
,12.36921,48.66089,0
,12.3693,48.66107,0
,12.36972,48.66174,0
,12.36981,48.6619,0
,12.36987,48.66205,0
,12.36987,48.66222,0
,12.36985,48.66234,0
,12.36977,48.66245,0
,12.37083,48.6624,0
,12.37102,48.66237,0
,12.37146,48.66226,0
,12.37188,48.66209,0
,12.37212,48.66203,0
,12.37238,48.662,0
,12.3731,48.66199,0
,12.37344,48.66201,0
,12.37377,48.66205,0
,12.37411,48.66214,0
,12.37424,48.6622,0
,12.37451,48.6623,0
,12.37513,48.66261,0
,12.37681,48.66356,0
,12.37715,48.6638,0
,12.37717,48.66381,0
,12.37869,48.66514,0
,12.379,48.66548,0
,12.37926,48.66583,0
,12.37936,48.666,0
,12.37949,48.66616,0
,12.37954,48.66621,0
,12.37971,48.66635,0
,12.37977,48.66639,0
,12.38,48.6665,0
,12.38028,48.66661,0
,12.38063,48.66672,0
,12.38115,48.66684,0
,12.38378,48.66735,0
,12.38646,48.66811,0
,12.38683,48.66825,0
,12.38728,48.66846,0
,12.38817,48.669,0
,12.38849,48.66926,0
,12.38864,48.66943,0
,12.38879,48.66964,0
,12.38914,48.67049,0
,12.38934,48.67091,0
,12.38939,48.67106,0
,12.38959,48.67153,0
,12.38963,48.6716,0
,12.39007,48.67264,0
,12.39015,48.6728,0
,12.39047,48.67355,0
,12.39062,48.67385,0
,12.39069,48.67399,0
,12.39077,48.67411,0
,12.39079,48.67415,0
,12.3909,48.67427,0
,12.39103,48.67439,0
,12.3911,48.67447,0
,12.39121,48.67456,0
,12.39168,48.67487,0
,12.39185,48.67496,0
,12.39189,48.67499,0
,12.39216,48.67513,0
,12.39284,48.67555,0
,12.3931,48.67577,0
,12.39333,48.676,0
,12.39355,48.67626,0
,12.39356,48.67628,0
,12.39405,48.67696,0
,12.3946,48.67758,0
,12.39597,48.67933,0
,12.39599,48.67937,0
,12.39657,48.68014,0
,12.39675,48.68041,0
,12.3968,48.68054,0
,12.39691,48.68077,0
,12.39733,48.6819,0
,12.39751,48.68224,0
,12.39766,48.68246,0
,12.3978,48.68262,0
,12.39797,48.68279,0
,12.39816,48.68294,0
,12.39842,48.6831,0
,12.39864,48.68321,0
,12.39977,48.68366,0
,12.40022,48.68388,0
,12.40023,48.68388,0
,12.40052,48.68405,0
,12.40087,48.68428,0
,12.40145,48.68479,0
,12.40154,48.68488,0
,12.40237,48.68547,0
,12.40267,48.68566,0
,12.40383,48.68656,0
,12.40472,48.6873,0
,12.40476,48.68734,0
,12.40481,48.68737,0
,12.40931,48.69105,0
,12.40961,48.69125,0
,12.40989,48.6914,0
,12.41012,48.6915,0
,12.41081,48.69176,0
,12.41674,48.69381,0
,12.41705,48.69397,0
,12.41727,48.6941,0
,12.41746,48.69425,0
,12.41781,48.69462,0
,12.41797,48.69485,0
,12.41802,48.69495,0
,12.41816,48.6953,0
,12.41822,48.69563,0
,12.41824,48.69587,0
,12.41816,48.70141,0
,12.41818,48.70162,0
,12.41826,48.70198,0
,12.41826,48.70201,0
,12.41832,48.70216,0
,12.41838,48.70232,0
,12.41839,48.70233,0
,12.41856,48.70262,0
,12.41867,48.70278,0
,12.41878,48.70291,0
,12.41897,48.70309,0
,12.4192,48.70327,0
,12.41943,48.70342,0
,12.41987,48.70363,0
,12.41988,48.70363,0
,12.42079,48.70393,0
,12.42178,48.70422,0
,12.42185,48.70423,0
,12.42268,48.70447,0
,12.42315,48.70466,0
,12.42348,48.70483,0
,12.42371,48.70497,0
,12.42384,48.70507,0
,12.42416,48.70535,0
,12.42446,48.70565,0
,12.42493,48.70606,0
,12.42695,48.70798,0
,12.42735,48.7084,0
,12.42763,48.7088,0
,12.42776,48.70913,0
,12.42828,48.71158,0
,12.4283,48.71163,0
,12.42839,48.71226,0
,12.42832,48.71268,0
,12.42824,48.71289,0
,12.42814,48.7131,0
,12.42807,48.71329,0
,12.42806,48.71334,0
,12.42806,48.71341,0
,12.42808,48.71351,0
,12.42813,48.71361,0
,12.42823,48.71371,0
,12.42833,48.71377,0
,12.42841,48.7138,0
,12.42852,48.71382,0
,12.42864,48.71383,0
,12.42893,48.71378,0
,12.42908,48.71392,0
,12.42926,48.71405,0
,12.42943,48.71414,0
,12.43021,48.71451,0
,12.43059,48.71474,0
,12.43062,48.71475,0
,12.43067,48.71479,0
,12.43068,48.71479,0
,12.43081,48.7149,0
,12.43197,48.71561,0
,12.43262,48.71595,0
,12.43294,48.71609,0
,12.4332,48.71618,0
,12.43483,48.71697,0
,12.43605,48.71761,0
,12.43645,48.71779,0
,12.4376,48.71821,0
,12.43776,48.71828,0
,12.43803,48.71843,0
,12.43828,48.71865,0
,12.43895,48.7193,0
,12.4391,48.71941,0
,12.43967,48.71976,0
,12.43999,48.71992,0
,12.44046,48.72019,0
,12.44283,48.72119,0
,12.44334,48.72145,0
,12.44417,48.72194,0
,12.44474,48.72236,0
,12.44479,48.72241,0
,12.44524,48.72279,0
,12.44535,48.72284,0
,12.4461,48.72349,0
,12.44611,48.72358,0
,12.44822,48.72554,0
,12.44872,48.72595,0
,12.44897,48.72613,0
,12.44941,48.72641,0
,12.44979,48.72662,0
,12.45062,48.72703,0
,12.45112,48.72729,0
,12.4515,48.72751,0
,12.45205,48.72787,0
,12.45271,48.72834,0
,12.45284,48.72841,0
,12.45388,48.72909,0
,12.45395,48.72905,0
,12.45414,48.72897,0
,12.4542,48.72891,0
,12.45427,48.72895,0
,12.45443,48.72901,0
,12.45448,48.72904,0
,12.45452,48.72908,0
,12.45456,48.72914,0
,12.45461,48.72926,0
,12.45471,48.72938,0
,12.45476,48.72942,0
,12.45492,48.72951,0
,12.4558,48.73001,0
,12.45568,48.73012,0
,12.4561,48.73035,0
,12.45645,48.73057,0
,12.45689,48.73089,0
,12.45771,48.73164,0
,12.45775,48.7317,0
,12.45841,48.73227,0
,12.45903,48.73268,0
,12.45904,48.73269,0
,12.45918,48.73276,0
,12.45955,48.73298,0
,12.46002,48.73323,0
,12.46018,48.73334,0
,12.46034,48.73343,0
,12.46477,48.7366,0
,12.46538,48.73711,0
,12.46541,48.73715,0
,12.46548,48.7372,0
,12.46685,48.73863,0
,12.4673,48.73904,0
,12.46771,48.73937,0
,12.46821,48.7397,0
,12.46879,48.73999,0
,12.4698,48.74045,0
,12.47219,48.74136,0
,12.47367,48.74211,0
,12.47413,48.7423,0
,12.47485,48.74251,0
,12.47518,48.74263,0
,12.47568,48.74285,0
,12.47581,48.74292,0
,12.47609,48.7431,0
,12.47626,48.74324,0
,12.47645,48.74345,0
,12.47706,48.74405,0
,12.47735,48.74428,0
,12.47764,48.74448,0
,12.47846,48.74494,0
,12.47898,48.7452,0
,12.47974,48.74566,0
,12.47993,48.74579,0
,12.48037,48.74615,0
,12.48069,48.74647,0
,12.48089,48.7467,0
,12.48102,48.74689,0
,12.48113,48.74709,0
,12.48133,48.7474,0
,12.48155,48.74787,0
,12.48175,48.74837,0
,12.48216,48.74957,0
,12.48258,48.75065,0
,12.48273,48.75096,0
,12.48292,48.7513,0
,12.48305,48.7515,0
,12.48314,48.75161,0
,12.48334,48.75191,0
,12.48365,48.7523,0
,12.48389,48.75257,0
,12.48419,48.75287,0
,12.48455,48.75318,0
,12.48462,48.75325,0
,12.48496,48.75353,0
,12.48543,48.75388,0
,12.48561,48.75396,0
,12.486,48.75422,0
,12.48646,48.75449,0
,12.48733,48.75493,0
,12.48893,48.75566,0
,12.48904,48.75573,0
,12.48944,48.75588,0
,12.49006,48.75615,0
,12.49245,48.7571,0
,12.4945,48.75807,0
,12.4955,48.75867,0
,12.49616,48.75914,0
,12.49669,48.75961,0
,12.49678,48.75968,0
,12.49762,48.76049,0
,12.49789,48.76079,0
,12.49886,48.76176,0
,12.49888,48.76179,0
,12.49913,48.76207,0
,12.50199,48.76496,0
,12.50281,48.76572,0
,12.50441,48.76704,0
,12.50619,48.76817,0
,12.50755,48.76909,0
,12.50823,48.76959,0
,12.51028,48.77127,0
,12.51093,48.77175,0
,12.51122,48.77192,0
,12.51159,48.77211,0
,12.51332,48.7729,0
,12.51346,48.77291,0
,12.51371,48.77294,0
,12.51375,48.77296,0
,12.5138,48.77297,0
,12.51391,48.77303,0
,12.51462,48.77353,0
,12.51502,48.77386,0
,12.51519,48.77398,0
,12.51544,48.77411,0
,12.51573,48.77423,0
,12.51618,48.77439,0
,12.5168,48.77473,0
,12.51692,48.77481,0
,12.5171,48.77495,0
,12.5173,48.77513,0
,12.51763,48.77539,0
,12.51921,48.77675,0
,12.51937,48.77687,0
,12.51955,48.77697,0
,12.51972,48.77705,0
,12.52086,48.77746,0
,12.52204,48.77777,0
,12.52381,48.77835,0
,12.52427,48.77853,0
,12.52583,48.77922,0
,12.52631,48.77948,0
,12.52678,48.77981,0
,12.52699,48.78001,0
,12.52714,48.78019,0
,12.52721,48.7803,0
,12.52723,48.78032,0
,12.52728,48.78039,0
,12.52784,48.78148,0
,12.52786,48.78151,0
,12.52841,48.78266,0
,12.52866,48.78313,0
,12.52914,48.78412,0
,12.52921,48.78423,0
,12.5293,48.78441,0
,12.52937,48.78447,0
,12.52948,48.78464,0
,12.52951,48.7847,0
,12.52973,48.78495,0
,12.5301,48.78528,0
,12.53052,48.78558,0
,12.53286,48.78723,0
,12.5329,48.78728,0
,12.53356,48.78775,0
,12.53587,48.78955,0
,12.53655,48.78992,0
,12.53757,48.7904,0
,12.53786,48.79056,0
,12.53793,48.79062,0
,12.53795,48.79063,0
,12.53797,48.79066,0
,12.53822,48.79088,0
,12.53881,48.79164,0
,12.53904,48.7919,0
,12.53986,48.7926,0
,12.5399,48.79265,0
,12.54016,48.79288,0
,12.54086,48.79342,0
,12.54148,48.79384,0
,12.54185,48.79403,0
,12.54229,48.79419,0
,12.54263,48.79428,0
,12.54403,48.79472,0
,12.54536,48.79524,0
,12.54695,48.79592,0
,12.54858,48.79684,0
,12.54904,48.79713,0
,12.5493,48.79733,0
,12.55004,48.79797,0
,12.5506,48.79842,0
,12.5509,48.7986,0
,12.55127,48.79878,0
,12.55245,48.79919,0
,12.55249,48.79921,0
,12.55288,48.79935,0
,12.55317,48.79947,0
,12.55366,48.79973,0
,12.5539,48.79989,0
,12.55402,48.79999,0
,12.55426,48.80023,0
,12.55582,48.80225,0
,12.55594,48.80239,0
,12.55608,48.80253,0
,12.55628,48.8027,0
,12.55658,48.80292,0
,12.55687,48.80309,0
,12.55731,48.80329,0
,12.5586,48.80381,0
,12.55977,48.80434,0
,12.56011,48.80454,0
,12.56047,48.8048,0
,12.56158,48.80583,0
,12.56158,48.80584,0
,12.56363,48.80775,0
,12.5657,48.80939,0
,12.56581,48.8095,0
,12.56588,48.80966,0
,12.566,48.80966,0
,12.56704,48.80978,0
,12.56726,48.80982,0
,12.56768,48.80993,0
,12.56798,48.81006,0
,12.56817,48.81017,0
,12.56829,48.81024,0
,12.56842,48.8103,0
,12.56882,48.81043,0
,12.56988,48.81062,0
,12.56998,48.81063,0
,12.57029,48.81075,0
,12.57021,48.81093,0
,12.57023,48.811,0
,12.57027,48.81108,0
,12.57036,48.81115,0
,12.57042,48.81118,0
,12.57053,48.81125,0
,12.57062,48.81135,0
,12.57067,48.81146,0
,12.5707,48.8116,0
,12.57066,48.81184,0
,12.57068,48.81197,0
,12.57068,48.81204,0
,12.5707,48.81224,0
,12.57073,48.81254,0
,12.57087,48.81335,0
,12.57099,48.81362,0
,12.57103,48.81374,0
,12.57117,48.81376,0
,12.57159,48.81385,0
,12.5719,48.81395,0
,12.57221,48.81408,0
,12.57474,48.81549,0
,12.57511,48.81572,0
,12.57661,48.81678,0
,12.57723,48.81717,0
,12.57735,48.81723,0
,12.57752,48.8173,0
,12.57805,48.81748,0
,12.58085,48.81832,0
,12.58326,48.81896,0
,12.58338,48.819,0
,12.58345,48.81901,0
,12.58445,48.8193,0
,12.58519,48.81957,0
,12.58587,48.81986,0
,12.58639,48.82014,0
,12.58711,48.82058,0
,12.58732,48.82076,0
,12.58796,48.82146,0
,12.58925,48.82269,0
,12.58951,48.82292,0
,12.58998,48.82327,0
,12.59113,48.82406,0
,12.59213,48.82481,0
,12.59298,48.82551,0
,12.59403,48.82648,0
,12.59483,48.82716,0
,12.5957,48.82778,0
,12.59619,48.82808,0
,12.59664,48.82833,0
,12.59861,48.82924,0
,12.59894,48.82941,0
,12.59953,48.82975,0
,12.6002,48.83024,0
,12.6013,48.83128,0
,12.60212,48.83196,0
,12.60256,48.83236,0
,12.60267,48.83249,0
,12.60291,48.83273,0
,12.60302,48.83286,0
,12.60324,48.83316,0
,12.60342,48.83346,0
,12.60347,48.83353,0
,12.60377,48.83389,0
,12.60401,48.83409,0
,12.60449,48.83443,0
,12.60479,48.83471,0
,12.60497,48.83486,0
,12.60589,48.8357,0
,12.60622,48.83598,0
,12.60668,48.83632,0
,12.60675,48.83639,0
,12.60757,48.83697,0
,12.60761,48.83701,0
,12.60761,48.83704,0
,12.60757,48.8371,0
,12.6071,48.83736,0
,12.60707,48.83739,0
,12.60703,48.83742,0
,12.607,48.83747,0
,12.607,48.8375,0
,12.60701,48.83755,0
,12.60704,48.8376,0
,12.60709,48.83766,0
,12.60727,48.83779,0
,12.60752,48.83791,0
,12.60815,48.8381,0
,12.60838,48.83819,0
,12.60851,48.83827,0
,12.60963,48.83907,0
,12.61019,48.83942,0
,12.61069,48.8397,0
,12.61109,48.83988,0
,12.61435,48.84106,0
,12.61466,48.8412,0
,12.6149,48.84133,0
,12.61575,48.84186,0
,12.61594,48.84196,0
,12.61625,48.84208,0
,12.61662,48.84227,0
,12.6168,48.84241,0
,12.61698,48.84258,0
,12.61742,48.84304,0
,12.61751,48.84317,0
,12.61754,48.8432,0
,12.6177,48.8435,0
,12.61782,48.84377,0
,12.61794,48.84394,0
,12.61857,48.84469,0
,12.619,48.84504,0
,12.61904,48.84508,0
,12.61909,48.84511,0
,12.61915,48.84515,0
,12.61928,48.84521,0
,12.6193,48.84523,0
,12.61951,48.84532,0
,12.61976,48.84547,0
,12.61984,48.84549,0
,12.62001,48.84558,0
,12.62007,48.8456,0
,12.6201,48.8456,0
,12.62014,48.84561,0
,12.62018,48.84559,0
,12.62022,48.84559,0
,12.62023,48.84558,0
,12.62026,48.84558,0
,12.62026,48.84559,0
,12.62031,48.84559,0
,12.62032,48.8456,0
,12.62037,48.84562,0
,12.62041,48.84566,0
,12.62042,48.84571,0
,12.62042,48.84572,0
,12.62041,48.84572,0
,12.62041,48.84574,0
,12.6204,48.84575,0
,12.6204,48.84582,0
,12.62041,48.84583,0
,12.62041,48.84584,0
,12.62049,48.8459,0
,12.62051,48.84595,0
,12.62104,48.84627,0
,12.62135,48.84648,0
,12.62179,48.84681,0
,12.62232,48.84724,0
,12.62253,48.84745,0
,12.62259,48.84753,0
,12.6227,48.84774,0
,12.62276,48.84789,0
,12.62283,48.84823,0
,12.62284,48.84836,0
,12.62286,48.84846,0
,12.62292,48.84862,0
,12.62298,48.84875,0
,12.62306,48.84888,0
,12.62323,48.8491,0
,12.62342,48.84931,0
,12.62388,48.84974,0
,12.62413,48.84995,0
,12.62427,48.85009,0
,12.62472,48.85045,0
,12.62478,48.85052,0
,12.62485,48.85062,0
,12.62518,48.85124,0
,12.62534,48.8517,0
,12.62545,48.85212,0
,12.62566,48.85315,0
,12.62547,48.85323,0
,12.62493,48.85339,0
,12.62471,48.85348,0
,12.62454,48.85361,0
,12.62451,48.85364,0
,12.6245,48.85367,0
,12.6245,48.85372,0
,12.62454,48.85384,0
,12.62532,48.8548,0
,12.62541,48.85494,0
,12.62542,48.85497,0
,12.62545,48.85502,0
,12.62549,48.85512,0
,12.62561,48.85536,0
,12.62573,48.85563,0
,12.62581,48.85587,0
,12.6259,48.85702,0
,12.6259,48.85728,0
,12.62589,48.85742,0
,12.62594,48.85808,0
,12.62594,48.85818,0
,12.62602,48.85908,0
,12.62619,48.85997,0
,12.62655,48.86153,0
,12.62655,48.86157,0
,12.62669,48.86229,0
,12.62671,48.86265,0
,12.62689,48.8639,0
,12.62695,48.86406,0
,12.62706,48.86426,0
,12.62716,48.86439,0
,12.62733,48.86457,0
,12.62746,48.86467,0
,12.6278,48.86499,0
,12.62796,48.86519,0
,12.62801,48.86528,0
,12.62807,48.86546,0
,12.62833,48.86548,0
,12.62844,48.86556,0
,12.6286,48.86571,0
,12.62926,48.86649,0
,12.62923,48.86668,0
,12.62923,48.86678,0
,12.62934,48.86695,0
,12.62938,48.86703,0
,12.62941,48.86705,0
,12.62942,48.86707,0
,12.62943,48.86707,0
,12.62943,48.86708,0
,12.62947,48.86709,0
,12.6295,48.86709,0
,12.62976,48.86702,0
,12.6298,48.86702,0
,12.62981,48.86703,0
,12.62983,48.86704,0
,12.62983,48.86705,0
,12.62986,48.86708,0
,12.63049,48.86834,0
,12.63043,48.86836,0
,12.63037,48.86841,0
,12.63037,48.86845,0
,12.63049,48.86872,0
,12.63072,48.86933,0
,12.6308,48.86969,0
,12.63081,48.86989,0
,12.63079,48.87,0
,12.63077,48.87034,0
,12.63075,48.87044,0
,12.63063,48.87139,0
,12.63061,48.87189,0
,12.63064,48.87191,0
,12.63065,48.87193,0
,12.63066,48.87197,0
,12.63066,48.87201,0
,12.63068,48.87207,0
,12.63073,48.87217,0
,12.63075,48.87218,0
,12.63077,48.87218,0
,12.63077,48.87219,0
,12.63079,48.8722,0
,12.6308,48.8722,0
,12.6308,48.87221,0
,12.63081,48.87222,0
,12.63082,48.87222,0
,12.63084,48.87226,0
,12.63084,48.87231,0
,12.63083,48.87233,0
,12.63081,48.87235,0
,12.63081,48.87236,0
,12.6308,48.87237,0
,12.63076,48.87239,0
,12.63075,48.8724,0
,12.63073,48.8724,0
,12.63069,48.87242,0
,12.63063,48.87242,0
,12.63039,48.87264,0
,12.63037,48.87274,0
,12.63039,48.87285,0
,12.63043,48.87291,0
,12.6305,48.87297,0
,12.63078,48.87308,0
,12.63165,48.87328,0
,12.63186,48.87338,0
,12.63197,48.87348,0
,12.63218,48.87385,0
,12.63221,48.87389,0
,12.63231,48.87411,0
,12.63233,48.87418,0
,12.63277,48.87495,0
,12.63287,48.87515,0
,12.63294,48.87532,0
,12.63296,48.87539,0
,12.63355,48.87663,0
,12.63368,48.87687,0
,12.63419,48.87829,0
,12.63459,48.87912,0
,12.63489,48.87983,0
,12.63498,48.88023,0
,12.63498,48.88028,0
,12.63508,48.88049,0
,12.63518,48.88064,0
,12.63536,48.88082,0
,12.63544,48.88088,0
,12.6355,48.88094,0
,12.6357,48.88109,0
,12.63582,48.88114,0
,12.63662,48.88132,0
,12.63658,48.88145,0
,12.63648,48.88155,0
,12.63633,48.88164,0
,12.6361,48.88173,0
,12.63525,48.88197,0
,12.63523,48.88197,0
,12.63505,48.88204,0
,12.635,48.88209,0
,12.63499,48.88218,0
,12.6351,48.88241,0
,12.63556,48.88252,0
,12.63611,48.88268,0
,12.63614,48.88268,0
,12.63641,48.88278,0
,12.63705,48.88317,0
,12.63729,48.88334,0
,12.63764,48.88363,0
,12.63794,48.88393,0
,12.63814,48.88422,0
,12.63819,48.88434,0
,12.63825,48.88444,0
,12.63841,48.88476,0
,12.63849,48.88487,0
,12.63866,48.88522,0
,12.63879,48.88554,0
,12.63887,48.88591,0
,12.63891,48.88629,0
,12.63888,48.88648,0
,12.63884,48.88664,0
,12.63856,48.88727,0
,12.63851,48.88744,0
,12.63849,48.8876,0
,12.63853,48.88843,0
,12.63858,48.88876,0
,12.63864,48.88901,0
,12.63875,48.88936,0
,12.63897,48.8898,0
,12.63906,48.88994,0
,12.63923,48.89012,0
,12.63931,48.89017,0
,12.6394,48.8902,0
,12.63967,48.89026,0
,12.64009,48.8902,0
,12.64028,48.89016,0
,12.64059,48.89007,0
,12.64123,48.88995,0
,12.64138,48.88995,0
,12.64149,48.88997,0
,12.64169,48.89007,0
,12.64195,48.89025,0
,12.64225,48.89043,0
,12.64276,48.89068,0
,12.64305,48.8908,0
,12.64345,48.89091,0
,12.64348,48.89091,0
,12.64365,48.89098,0
,12.64387,48.89125,0
,12.64394,48.89136,0
,12.64398,48.89152,0
,12.644,48.89165,0
,12.644,48.89184,0
,12.64394,48.89204,0
,12.64377,48.89234,0
,12.64368,48.89254,0
,12.64365,48.89273,0
,12.64367,48.89303,0
,12.64377,48.89378,0
,12.64377,48.89383,0
,12.64391,48.89436,0
,12.64405,48.8948,0