,9.44544608,41.10773621,0
,9.44593643,41.10910754,0
,9.44641162,41.11095853,0
,9.44645612,41.11208121,0
,9.44662442,41.11306678,0
,9.44664328,41.11458072,0
,9.44683059,41.11592547,0
,9.44757623,41.11807913,0
,9.44843453,41.12006402,0
,9.44857707,41.12077554,0
,9.44937279,41.1231989,0
,9.45053489,41.12504034,0
,9.45307228,41.12978077,0
,9.45373827,41.13131669,0
,9.45476082,41.13331584,0
,9.45711019,41.13830745,0
,9.45750356,41.13896983,0
,9.45760461,41.13931745,0
,9.45881157,41.14186418,0
,9.46035468,41.1439248,0
,9.46257219,41.1465224,0
,9.4657193,41.14968566,0
,9.46987833,41.1536712,0
,9.47420197,41.15818943,0
,9.4741827,41.15900782,0
,9.47484376,41.16083019,0
,9.47460192,41.16105374,0
,9.4746732,41.16117603,0
,9.47460134,41.16134233,0
,9.47494009,41.16136497,0
,9.47543866,41.16163511,0
,9.47561785,41.16188935,0
,9.47595838,41.16200672,0
,9.47741681,41.16227441,0
,9.48152832,41.16325393,0
,9.49373253,41.16644846,0
,9.4941725,41.16669188,0
,9.49462753,41.16760686,0
,9.49496821,41.16909683,0
,9.495601,41.17049344,0
,9.49583473,41.17149846,0
,9.49639953,41.17627712,0
,9.49709977,41.18092221,0
,9.49753646,41.18484325,0
,9.49753764,41.18608488,0
,9.49720718,41.1915073,0
,9.49702464,41.19655408,0
,9.49706758,41.20125172,0
,9.49718563,41.20290824,0
,9.49712522,41.20324896,0
,9.49647948,41.20524173,0
,9.49627082,41.20569083,0
,9.49591137,41.20606938,0
,9.49535755,41.20652062,0
,9.49147074,41.20911396,0
,9.48492457,41.21309467,0
,9.48455685,41.21357987,0
,9.48440156,41.21405922,0
,9.48431167,41.2150284,0
,9.4840754,41.21609177,0
,9.48423701,41.21572485,0
,9.48393439,41.21572317,0
,9.4840891,41.21573336,0
,9.48400498,41.21566661,0
,9.48393608,41.21571025,0
,9.48407001,41.21570991,0
,9.48394554,41.21573672,0
,9.48406421,41.215681,0
,9.48395473,41.21572738,0
,9.48401804,41.21567265,0
,9.48404424,41.21572158,0
,9.48394712,41.2157145,0
,9.48404895,41.2156524,0
,9.48391564,41.21566392,0
,9.4840985,41.21568419,0
,9.48393312,41.21567152,0
,9.48407821,41.21566028,0
,9.48393932,41.21567266,0
,9.48406538,41.21563887,0
,9.48396096,41.21565141,0
,9.48405248,41.21565673,0
,9.48397907,41.21567229,0
,9.48407979,41.21577247,0
,9.48398022,41.21579223,0
,9.48401051,41.21613855,0
,9.48400591,41.21599635,0
,9.48408728,41.21594044,0
,9.48397301,41.21577287,0
,9.48427005,41.21484405,0
,9.48483347,41.21395771,0
,9.48549627,41.21365305,0
,9.48638546,41.21361941,0
,9.48843351,41.21415425,0
,9.48905203,41.21445441,0
,9.48960364,41.21491975,0
,9.49067365,41.21608896,0
,9.49160602,41.216916,0
,9.49184932,41.21730499,0
,9.49227593,41.22083779,0
,9.49223201,41.22125808,0
,9.49234095,41.22188011,0
,9.49228593,41.22273446,0
,9.49245999,41.22329216,0
,9.49235284,41.22428249,0
,9.49247284,41.22513874,0
,9.49237503,41.22584335,0
,9.49243351,41.2264821,0
,9.49225096,41.22947517,0
,9.49192359,41.23076377,0
,9.49187707,41.23139406,0
,9.49157807,41.2318777,0
,9.49147017,41.23250277,0
,9.49127697,41.2328774,0
,9.49119846,41.23334837,0
,9.48981359,41.23544899,0
,9.48775011,41.23761658,0
,9.48744306,41.23909122,0
,9.48676806,41.24014822,0
,9.48658048,41.24058872,0
,9.48581962,41.24162919,0
,9.48332392,41.24425447,0
,9.48288842,41.24487471,0
,9.48205648,41.24543887,0
,9.48155948,41.24604295,0
,9.48076672,41.24670665,0
,9.47997647,41.24707084,0
,9.47898482,41.24777079,0
,9.47745242,41.24838301,0
,9.4763487,41.24900924,0
,9.4736458,41.25144704,0
,9.47287412,41.25173806,0
,9.47223871,41.25211593,0
,9.47042962,41.25295884,0
,9.46452432,41.25529584,0
,9.46311941,41.25578753,0
,9.46231069,41.25586905,0
,9.46026156,41.25641735,0
,9.45592802,41.25820783,0
,9.45344779,41.25909395,0
,9.45217797,41.2597145,0
,9.45108498,41.25999235,0
,9.44843644,41.26088213,0
,9.44367789,41.26475934,0
,9.44210233,41.26580768,0
,9.44052917,41.26706469,0
,9.43838378,41.26852713,0
,9.43596512,41.27000128,0
,9.43529129,41.27030377,0
,9.43401703,41.27056451,0
,9.43288233,41.27065893,0
,9.43095091,41.2712886,0
,9.42894576,41.27179954,0
,9.42460529,41.27243716,0
,9.41940882,41.27235079,0
,9.41792723,41.27209602,0
,9.416406,41.27207752,0
,9.41518989,41.27196536,0
,9.41330043,41.27197008,0
,9.41139422,41.27170772,0
,9.4094678,41.27086485,0
,9.40739633,41.27019708,0
,9.40628025,41.27000853,0
,9.40378402,41.2699286,0
,9.40313571,41.2696678,0
,9.40247222,41.26923205,0
,9.40140134,41.26818912,0
,9.39819665,41.26539728,0
,9.39704622,41.26418401,0
,9.39578263,41.26307348,0
,9.3948958,41.26198586,0
,9.39389584,41.26122046,0
,9.39209616,41.25963984,0
,9.39079758,41.25824841,0
,9.38885533,41.25657414,0
,9.38647609,41.25398322,0
,9.38449578,41.25252324,0
,9.38198465,41.25017615,0
,9.3814416,41.24958132,0
,9.37936208,41.24770433,0
,9.3768281,41.24516066,0
,9.37522233,41.24381081,0
,9.37399071,41.24227107,0
,9.37304617,41.24140306,0
,9.37213802,41.24036312,0
,9.37016143,41.23850859,0
,9.36807377,41.2369603,0
,9.36645936,41.23559592,0
,9.36493618,41.23462291,0
,9.36369029,41.23334894,0
,9.36213798,41.23207381,0
,9.35949481,41.2306147,0
,9.35782354,41.22987666,0
,9.35519499,41.22776689,0
,9.35369715,41.22730381,0
,9.35203814,41.22612071,0
,9.35106547,41.22558434,0
,9.35030765,41.22529285,0
,9.34940822,41.22503095,0
,9.34882507,41.22497322,0
,9.3456697,41.22599354,0
,9.34440424,41.22763121,0
,9.34320011,41.22883052,0
,9.34332612,41.22847197,0
,9.34295054,41.22808365,0
,9.34292598,41.22791481,0
,9.34251745,41.22829153,0
,9.34223837,41.22841818,0
,9.34235085,41.22831103,0
,9.34228924,41.22828955,0
,9.34240868,41.22823863,0
,9.34237375,41.22829002,0
,9.34233147,41.22823487,0
,9.34249237,41.22835361,0
,9.34232359,41.22837906,0
,9.34234718,41.22848859,0
,9.34262788,41.22862054,0
,9.34274181,41.22855841,0
,9.34278213,41.22841507,0
,9.34256827,41.22764681,0
,9.34215724,41.22696245,0
,9.34142651,41.2264942,0
,9.34083978,41.22593628,0
,9.33968771,41.22522361,0
,9.33875441,41.22443915,0
,9.33756306,41.22379648,0
,9.3356826,41.22315085,0
,9.33519988,41.22311208,0
,9.33474504,41.2232336,0
,9.33429361,41.22361138,0
,9.33320952,41.22412357,0
,9.33228079,41.22530792,0
,9.3315013,41.2268057,0
,9.32796434,41.23926682,0
,9.32967895,41.24967874,0
,9.33041485,41.25263267,0
,9.33085253,41.25490381,0
,9.33049832,41.25865964,0
,9.33036306,41.25908296,0
,9.32992887,41.2622752,0
,9.3293379,41.26777614,0
,9.32868504,41.27100063,0
,9.32810756,41.27313783,0
,9.32780712,41.27512891,0
,9.32786481,41.27629641,0
,9.32816543,41.27804186,0
,9.32819927,41.27930712,0
,9.32860562,41.28298901,0
,9.32882855,41.2858216,0
,9.32925021,41.28886536,0
,9.3291564,41.29247414,0
,9.32931818,41.29343082,0
,9.32957538,41.29411248,0
,9.32988636,41.29469246,0
,9.33071421,41.29568979,0
,9.33175234,41.29668208,0
,9.33244338,41.29704009,0
,9.33250439,41.29726038,0
,9.33234638,41.29750283,0
,9.332271,41.29748918,0
,9.33229116,41.29732624,0
,9.33214943,41.29714214,0
,9.33115176,41.29608104,0
,9.33064687,41.29521782,0
,9.33048578,41.29460705,0
,9.33048509,41.29372059,0
,9.33067975,41.29277717,0
,9.3309242,41.29240337,0
,9.3314471,41.2920559,0
,9.33407081,41.29130583,0
,9.33525383,41.29108046,0
,9.33685652,41.290898,0
,9.34030958,41.29077068,0
,9.34724403,41.29092541,0
,9.35039453,41.29077006,0
,9.35337011,41.2908052,0
,9.3558457,41.29060172,0
,9.35906179,41.29003339,0
,9.35975472,41.28970899,0
,9.36049215,41.28903962,0
,9.36080123,41.28838891,0
,9.36080657,41.28803835,0
,9.3606928,41.28762126,0
,9.36056377,41.28747339,0
,9.35994803,41.2871971,0
,9.36022358,41.28727489,0

,9.3601051,41.2871905,0
,9.3603084,41.2872329,0
,9.3601977,41.2873059,0
,9.3600707,41.28721,0
,9.3605567,41.2874852,0
,9.3607211,41.2878417,0
,9.360658,41.2885962,0
,9.3604718,41.2890168,0
,9.3593345,41.2898175,0
,9.3568503,41.2909234,0
,9.3558196,41.2910651,0
,9.3546997,41.2909803,0
,9.3520899,41.2913528,0
,9.3509084,41.2913075,0
,9.3486287,41.2915081,0
,9.3453746,41.2916673,0
,9.3410852,41.2914994,0
,9.3377192,41.2917455,0
,9.3353936,41.2914408,0
,9.3338523,41.2916798,0
,9.3322944,41.291655,0
,9.3310653,41.2917432,0
,9.3284983,41.2924075,0
,9.3262239,41.2931697,0
,9.3217783,41.2942876,0
,9.3210755,41.2946587,0
,9.3195398,41.295012,0
,9.3188168,41.2952651,0
,9.3173018,41.2968067,0
,9.316544,41.2972451,0
,9.3137965,41.2980785,0
,9.3098041,41.2995921,0
,9.3089424,41.2998052,0
,9.3082683,41.3000967,0
,9.3075097,41.300224,0
,9.3071829,41.3003973,0
,9.3067287,41.300427,0
,9.3048834,41.3008312,0
,9.3005837,41.3026501,0
,9.3000923,41.3029335,0
,9.2977359,41.3037765,0
,9.296081,41.3047521,0
,9.2943261,41.3055734,0
,9.2931462,41.3059567,0
,9.2921427,41.3064342,0
,9.287103,41.307897,0
,9.2861474,41.3080066,0
,9.2798777,41.3098862,0
,9.2749687,41.3114512,0
,9.2734803,41.3118,0
,9.2714223,41.3124232,0
,9.2704645,41.3125765,0
,9.2688274,41.3130747,0
,9.2676765,41.3138499,0
,9.2668792,41.3144948,0
,9.2666155,41.3148187,0
,9.2655248,41.3157274,0
,9.2643107,41.3169613,0
,9.2639737,41.3171748,0
,9.2636305,41.3175355,0
,9.2618901,41.318726,0
,9.2607016,41.3196738,0
,9.2586099,41.3209047,0
,9.2578802,41.3215084,0
,9.2570163,41.3219715,0
,9.2568514,41.3221657,0
,9.2562048,41.322583,0
,9.253964,41.3236881,0
,9.2537048,41.3239003,0
,9.2523307,41.324597,0
,9.2518926,41.324766,0
,9.2512826,41.3248656,0
,9.2499496,41.3247165,0
,9.2493312,41.3247627,0
,9.2484451,41.3246283,0
,9.2472957,41.3241094,0
,9.2450936,41.324086,0
,9.2450327,41.3242854,0
,9.2446122,41.3248397,0
,9.2444598,41.3265736,0
,9.2436803,41.3297334,0
,9.2433258,41.3308443,0
,9.2432524,41.3308053,0
,9.2432993,41.3304621,0
,9.2431403,41.3296609,0
,9.2431103,41.3290095,0
,9.2428067,41.3278083,0
,9.242442,41.3254392,0
,9.2419735,41.3238532,0
,9.2415598,41.3214554,0
,9.2413089,41.3205259,0
,9.2412799,41.3198368,0
,9.2406047,41.3169555,0
,9.2405942,41.316465,0
,9.2404172,41.3160032,0
,9.2402902,41.315018,0
,9.2402044,41.3149246,0
,9.2403009,41.3152804,0
,9.2402798,41.3155543,0
,9.239925,41.317342,0
,9.2399213,41.3177969,0
,9.2396754,41.319153,0
,9.2395014,41.3193954,0
,9.2394022,41.3198274,0
,9.2391036,41.3202243,0
,9.2380583,41.3209977,0
,9.2345602,41.3210744,0
,9.2307411,41.3210527,0
,9.2291317,41.3216102,0
,9.228545,41.322072,0
,9.2283517,41.3225679,0
,9.2277461,41.3234851,0
,9.2269592,41.3245536,0
,9.2263734,41.3255236,0
,9.2245518,41.3279885,0
,9.2213888,41.3326323,0
,9.2209598,41.3333712,0
,9.2196366,41.3351211,0
,9.2145676,41.3423629,0
,9.2120178,41.34572,0
,9.2120152,41.3453354,0
,9.2124026,41.345135,0
,9.2123965,41.3446688,0
,9.2121071,41.3424465,0
,9.2113709,41.3388312,0
,9.2098909,41.332538,0
,9.2076645,41.3243901,0
,9.2061544,41.3184372,0
,9.2049811,41.3145445,0
,9.2041956,41.3122798,0
,9.2014737,41.3049044,0
,9.2001393,41.3009982,0
,9.2000006,41.3008143,0
,9.1998183,41.3011792,0
,9.1996204,41.3019636,0
,9.1992606,41.3025601,0
,9.1956498,41.3070599,0
,9.1893545,41.3154614,0
,9.1875034,41.3177241,0
,9.1849499,41.3211758,0
,9.1769739,41.3324786,0
,9.1681502,41.3446873,0
,9.1679843,41.3447042,0
,9.1679799,41.3440292,0
,9.168511,41.3404405,0
,9.1685057,41.3395341,0
,9.1682109,41.3372529,0
,9.1677046,41.3366214,0
,9.1665668,41.3355069,0
,9.1640285,41.3326673,0
,9.1616408,41.3304773,0
,9.1601788,41.3292939,0
,9.160006,41.329453,0
,9.1595839,41.3302987,0
,9.1586372,41.3311381,0
,9.1578766,41.331972,0
,9.1569926,41.3334263,0
,9.1511114,41.3423644,0
,9.1478283,41.348184,0
,9.1451855,41.3526004,0
,9.1440499,41.3547021,0
,9.1438662,41.3554092,0
,9.1436671,41.3568954,0
,9.143684,41.3587828,0
,9.143824,41.359746,0
,9.1435265,41.3644465,0
,9.143364,41.3700581,0
,9.1432453,41.3713296,0
,9.1431498,41.371497,0
,9.1429129,41.3715732,0
,9.1424714,41.371374,0
,9.1402935,41.370995,0
,9.1397122,41.3709256,0
,9.1396677,41.3710217,0
,9.1397846,41.3712625,0
,9.1404122,41.3718497,0
,9.1408932,41.3724367,0
,9.1437422,41.3772539,0
,9.1444699,41.3782976,0
,9.1448064,41.3791032,0
,9.1457028,41.3822583,0
,9.1459338,41.382661,0
,9.1465578,41.3831339,0
,9.1469479,41.3839261,0
,9.1472316,41.3852576,0
,9.14727,41.3862258,0
,9.1473742,41.3867791,0
,9.1476803,41.3876118,0
,9.1483497,41.3882476,0
,9.1492277,41.3887766,0
,9.1504228,41.3891571,0
,9.1517322,41.389376,0
,9.1564287,41.3893416,0
,9.1582755,41.3892001,0
,9.1583269,41.3891903,0
,9.1581729,41.3890763,0
,9.158361,41.389051,0
,9.1601081,41.3891515,0
,9.1602101,41.3890881,0
,9.1601669,41.389002,0
,9.1602753,41.3890452,0
,9.1599983,41.3891574,0
,9.1580751,41.3892411,0
,9.1548406,41.3895504,0
,9.1538162,41.3895684,0
,9.1528411,41.389706,0
,9.1517583,41.3900984,0
,9.1516822,41.3903735,0
,9.1517262,41.3905132,0
,9.1516179,41.3905375,0
,9.1515785,41.3903999,0
,9.1516993,41.3902215,0
,9.1521604,41.3899639,0
,9.1537083,41.3895373,0
,9.1544279,41.3894543,0
,9.1549185,41.3894721,0
,9.1552926,41.389609,0
,9.1556602,41.3899426,0
,9.1559015,41.3904295,0
,9.1560204,41.3904231,0
,9.1558275,41.3903789,0
,9.1557866,41.3902643,0
,9.1559255,41.3898829,0
,9.1563187,41.3896046,0
,9.1567229,41.3894581,0
,9.1581717,41.389224,0
,9.1604895,41.3891617,0
,9.1618967,41.3888297,0
,9.1633293,41.3886813,0
,9.1635305,41.3883311,0
,9.1636943,41.3883095,0

,9.16375279,41.38827606,0
,9.16372342,41.38821374,0
,9.16374324,41.38831234,0
,9.16368569,41.38829991,0
,9.16373965,41.38832076,0
,9.16357702,41.38835081,0
,9.1633526,41.3885656,0
,9.16300686,41.38871869,0
,9.16030169,41.38927199,0
,9.15845772,41.38926392,0
,9.1564698,41.38949778,0
,9.1549862,41.38955298,0
,9.15318884,41.38973321,0
,9.15195629,41.3896767,0
,9.14985619,41.38919154,0
,9.14833713,41.3885314,0
,9.14640417,41.38693558,0
,9.14544366,41.38631299,0
,9.14446939,41.38609566,0
,9.14367654,41.38612692,0
,9.14167384,41.386838,0
,9.1337672,41.38928887,0
,9.13105427,41.39021494,0
,9.12860431,41.39125883,0
,9.1265069,41.39265816,0
,9.12577232,41.39360917,0
,9.12557968,41.39436485,0
,9.12578793,41.39481239,0
,9.12702659,41.39627931,0
,9.12778933,41.39672879,0
,9.13016073,41.39759599,0
,9.13101716,41.39805258,0
,9.13131472,41.39837119,0
,9.13140089,41.39837797,0
,9.13093672,41.39825227,0
,9.1306433,41.39805982,0
,9.12988017,41.39814796,0
,9.12930527,41.39803183,0
,9.12697068,41.39705299,0
,9.12618523,41.39645272,0
,9.12559718,41.39569392,0
,9.12524868,41.39490615,0
,9.12526974,41.39454398,0
,9.12566551,41.39397564,0
,9.12725113,41.39282681,0
,9.12752982,41.39254495,0
,9.12846969,41.39209607,0
,9.12934916,41.39188193,0
,9.13013831,41.39192495,0
,9.13139999,41.39236077,0
,9.13239008,41.39289038,0
,9.13380133,41.39385717,0
,9.13364486,41.39375443,0
,9.1333625,41.3937717,0
,9.13333257,41.39358016,0
,9.13283049,41.39298074,0
,9.13278514,41.39256336,0
,9.13299671,41.39221332,0
,9.13454939,41.39111311,0
,9.13522434,41.3907838,0
,9.13598479,41.39054956,0
,9.13671081,41.38990581,0
,9.13841826,41.38869902,0
,9.13970134,41.38816052,0
,9.14064882,41.38790248,0
,9.14174621,41.38747708,0
,9.14235776,41.38703181,0
,9.14244379,41.38685114,0
,9.14230532,41.3868144,0
,9.14221252,41.38691166,0
,9.14229976,41.3871843,0
,9.14243854,41.38726979,0
,9.14259633,41.38725553,0
,9.14322014,41.38662229,0
,9.14395744,41.38622555,0
,9.14497852,41.38593439,0
,9.14673349,41.38560587,0
,9.14825088,41.38557661,0
,9.14844663,41.38538746,0
,9.14861308,41.38500966,0
,9.14903905,41.38477675,0
,9.15038293,41.38470989,0
,9.15222017,41.38502736,0
,9.153524,41.38510901,0
,9.15550546,41.38496455,0
,9.15730959,41.38499881,0
,9.15862288,41.38456173,0
,9.15924557,41.38444007,0
,9.16108274,41.38440041,0
,9.16264579,41.38422898,0
,9.16403186,41.38425086,0
,9.16496733,41.38411863,0
,9.16612677,41.38347002,0
,9.16681682,41.38278277,0
,9.16771942,41.38144661,0
,9.16809582,41.38062404,0
,9.16868012,41.3796951,0
,9.16908829,41.37858687,0
,9.16940107,41.37798074,0
,9.17169051,41.37494648,0
,9.1719015,41.37417878,0
,9.17211363,41.3737256,0
,9.17262839,41.37317946,0
,9.17264233,41.37246461,0
,9.17302358,41.37196381,0
,9.17312231,41.37148402,0
,9.1739173,41.37035463,0
,9.1745351,41.36921433,0
,9.17467917,41.36871677,0
,9.17494586,41.36825592,0
,9.17501965,41.36785524,0
,9.17544288,41.36669096,0
,9.17635588,41.36507687,0
,9.17640011,41.36475297,0
,9.17794916,41.36314748,0
,9.17993923,41.3613789,0
,9.18238107,41.35939627,0
,9.1846875,41.35766646,0
,9.18522268,41.35710415,0
,9.18888907,41.35407707,0
,9.19194359,41.35172997,0
,9.19642078,41.34851369,0
,9.19917294,41.34624615,0
,9.20056026,41.34528371,0
,9.20127079,41.34492768,0
,9.20223012,41.34415203,0
,9.20568149,41.34166772,0
,9.20717507,41.34076825,0
,9.20815792,41.34001081,0
,9.21191417,41.33761085,0
,9.21260515,41.33707613,0
,9.21441472,41.33603944,0
,9.22127221,41.33177475,0
,9.22193232,41.33125697,0
,9.22305776,41.33059562,0
,9.22402284,41.32988655,0
,9.22463127,41.32958252,0
,9.22618156,41.32857196,0
,9.22646911,41.32849459,0
,9.22707498,41.32852962,0
,9.22781368,41.32828954,0
,9.22852036,41.32821252,0
,9.23208113,41.32747696,0
,9.23282072,41.32744922,0
,9.23399558,41.32715556,0
,9.23599717,41.3269952,0
,9.23767938,41.32696246,0
,9.23865319,41.32688068,0
,9.23940776,41.32670633,0
,9.24090743,41.3266591,0
,9.2424902,41.32622995,0
,9.24454935,41.32586345,0
,9.24546192,41.32581173,0
,9.24643306,41.32562361,0
,9.24855021,41.32540522,0
,9.24921647,41.32524074,0
,9.24982428,41.32522277,0
,9.2504808,41.32503712,0
,9.25191229,41.32487518,0
,9.25249469,41.32471588,0
,9.2539218,41.32460035,0
,9.25449711,41.32446182,0
,9.25882722,41.32256164,0
,9.25991235,41.32228269,0
,9.26463823,41.32228158,0
,9.26585165,41.32205583,0
,9.26768338,41.32193397,0
,9.27057623,41.32132215,0
,9.27190497,41.3211216,0
,9.27356033,41.32110011,0
,9.27630774,41.32128438,0
,9.27796996,41.32126868,0
,9.28406716,41.32061928,0
,9.28602111,41.32054971,0
,9.28812516,41.32029724,0
,9.28861039,41.32014723,0
,9.29056119,41.31999775,0
,9.29246678,41.31947895,0
,9.29427279,41.31933611,0
,9.29564079,41.31900558,0
,9.29740235,41.31875973,0
,9.30240919,41.3183897,0
,9.303465,41.31821338,0
,9.30528441,41.31826557,0
,9.30599325,41.31819475,0
,9.30826388,41.31818914,0
,9.30989324,41.31844562,0
,9.31555415,41.31908395,0
,9.31792847,41.3194832,0
,9.31885371,41.3197352,0
,9.32089007,41.31993047,0
,9.32301047,41.3202831,0
,9.32459096,41.3203211,0
,9.32625076,41.32053891,0
,9.32804896,41.32060127,0
,9.32946754,41.3207906,0
,9.33209571,41.32099346,0
,9.33573935,41.32099591,0
,9.34272747,41.32119034,0
,9.34927528,41.32083383,0
,9.35238639,41.32041768,0
,9.35512774,41.32019125,0
,9.35661636,41.32020456,0
,9.3584596,41.31989114,0
,9.36139526,41.31952824,0
,9.36343259,41.31901394,0
,9.36503774,41.3187968,0
,9.36727683,41.31817523,0
,9.36801647,41.31805406,0
,9.36849435,41.31786426,0
,9.3704406,41.31783839,0
,9.37139923,41.31774182,0
,9.37338838,41.31696178,0
,9.37486679,41.31672003,0
,9.37639628,41.31636389,0
,9.37739666,41.31589798,0
,9.3804774,41.31489114,0
,9.38186572,41.31407651,0
,9.38232431,41.31343704,0
,9.38323735,41.31265471,0
,9.38408177,41.31132889,0
,9.38546118,41.30960293,0
,9.38568874,41.30914613,0
,9.3863025,41.30827293,0
,9.38726751,41.3071807,0
,9.3878678,41.30593857,0
,9.38846618,41.30494566,0
,9.38902643,41.30226802,0
,9.38910752,41.30029069,0
,9.38898633,41.29973023,0
,9.38882885,41.29942527,0
,9.38702379,41.29747075,0
,9.38502674,41.29576575,0
,9.38411561,41.29504144,0
,9.38214365,41.29379527,0
,9.37947734,41.29240372,0
,9.37866828,41.29208871,0
,9.37660057,41.29175222,0
,9.37522286,41.29181452,0
,9.3750394,41.29168732,0
,9.37514483,41.29156455,0
,9.37522378,41.29164252,0
,9.37502109,41.29185924,0
,9.37340831,41.29279701,0
,9.37336427,41.293008,0
,9.373632,41.29297571,0
,9.37334423,41.29288334,0
,9.37343703,41.29288635,0
,9.37358698,41.29298704,0
,9.37356987,41.2930864,0
,9.37345316,41.29307635,0
,9.37338266,41.29319981,0
,9.37339211,41.29311763,0
,9.37327485,41.29311127,0
,9.37345232,41.29311694,0
,9.37341716,41.29315755,0
,9.3734391,41.29308578,0
,9.37389329,41.29302843,0
,9.3738297,41.29297117,0

,9.37375612,41.29285828,0
,9.37379986,41.2928065,0
,9.37375765,41.29292324,0
,9.37358983,41.29291355,0
,9.37345628,41.29255661,0
,9.37350725,41.29133233,0
,9.37338316,41.29091047,0
,9.37200027,41.28806131,0
,9.37119508,41.28699901,0
,9.36999811,41.28565307,0
,9.36880086,41.28445639,0
,9.36776673,41.28320659,0
,9.36546589,41.28120166,0
,9.36313281,41.2794917,0
,9.36132334,41.27869517,0
,9.35932113,41.27816547,0
,9.35891314,41.27810334,0
,9.35818778,41.27833948,0
,9.35789726,41.27826904,0
,9.35769686,41.27790188,0
,9.35765252,41.27763183,0
,9.35799602,41.27731785,0
,9.35802357,41.27714854,0
,9.35782489,41.27694246,0
,9.35722803,41.27665934,0
,9.35708419,41.27599287,0
,9.35670797,41.27524192,0
,9.35643596,41.27489816,0
,9.35610388,41.27469402,0
,9.35538017,41.27452932,0
,9.35289247,41.27433672,0
,9.3513101,41.27442464,0
,9.35061648,41.27437923,0
,9.34681119,41.27379849,0
,9.34637587,41.27361222,0
,9.34617365,41.27330833,0
,9.34574837,41.27220236,0
,9.34373015,41.26779787,0
,9.34152404,41.26327956,0
,9.33925995,41.25974244,0
,9.3384458,41.25888265,0
,9.335803,41.2571697,0
,9.33472698,41.25620304,0
,9.32978115,41.2497858,0
,9.3272353,41.24591945,0
,9.32591161,41.2436157,0
,9.32445141,41.24131422,0
,9.32308709,41.23930353,0
,9.32185353,41.23780629,0
,9.31954383,41.23571528,0
,9.31877016,41.23488211,0
,9.31773392,41.23302393,0
,9.3171777,41.23163548,0
,9.31548813,41.22962061,0
,9.31520361,41.2291445,0
,9.31433563,41.22628096,0
,9.31371319,41.22325041,0
,9.31300161,41.21822688,0
,9.31088175,41.20126743,0
,9.31067355,41.2005311,0
,9.30961227,41.19877171,0
,9.30862401,41.19675688,0
,9.30849776,41.19616758,0
,9.30844243,41.19523203,0
,9.3087209,41.19392466,0
,9.30885448,41.19353749,0
,9.3092896,41.1929526,0
,9.31041813,41.19191289,0
,9.31117863,41.19143404,0
,9.31105068,41.19126072,0
,9.31105479,41.19104523,0
,9.31091827,41.19131773,0
,9.3110459,41.19113574,0
,9.31075124,41.19117888,0
,9.31092596,41.19141965,0
,9.30995234,41.19289769,0
,9.30980876,41.19334352,0
,9.30982477,41.19401115,0
,9.31014956,41.19520402,0
,9.310063,41.19648716,0
,9.31009194,41.19811932,0
,9.31043203,41.19880478,0
,9.31283133,41.20216216,0
,9.31396654,41.2032442,0
,9.31630874,41.2047343,0
,9.32124258,41.2066915,0
,9.32277727,41.20687313,0
,9.33090219,41.20875509,0
,9.33247732,41.2088176,0
,9.33436522,41.20840796,0
,9.33488731,41.20839326,0
,9.34409109,41.20909869,0
,9.35023707,41.20970552,0
,9.35236405,41.20978649,0
,9.35832326,41.20953641,0
,9.36393207,41.20854339,0
,9.37151913,41.20762411,0
,9.37345715,41.20731471,0
,9.3748453,41.20691504,0
,9.3763963,41.2068722,0
,9.3810882,41.20613355,0
,9.38147575,41.20618631,0
,9.38155048,41.20633228,0
,9.38059894,41.20710014,0
,9.38007516,41.20785155,0
,9.37982353,41.20863453,0
,9.37974667,41.20958055,0
,9.37886171,41.21125123,0
,9.37871901,41.21159196,0
,9.37873081,41.21179699,0
,9.37895262,41.21218241,0
,9.38003412,41.21313806,0
,9.38099273,41.21352575,0
,9.38178668,41.21368714,0
,9.3824431,41.21368036,0
,9.38282544,41.2135394,0
,9.3836023,41.21302627,0
,9.38353494,41.21311378,0
,9.38344377,41.21309374,0
,9.38347301,41.21313817,0
,9.3834027,41.21307088,0
,9.3834386,41.21311618,0

,9.38381834,41.21281469,0
,9.38377056,41.21278329,0
,9.38382204,41.21280918,0
,9.38334538,41.21328349,0
,9.38286309,41.21352762,0
,9.38177151,41.21359126,0
,9.38100116,41.21347811,0
,9.37981959,41.21309256,0
,9.37971342,41.21300073,0
,9.37959858,41.21262742,0
,9.37948455,41.21195162,0
,9.37947537,41.21119596,0
,9.37959534,41.21059883,0
,9.37981782,41.21010121,0
,9.3813686,41.20796768,0
,9.3825346,41.20716431,0
,9.3831865,41.20688427,0
,9.38674074,41.20607017,0
,9.39465677,41.20603139,0
,9.3977372,41.2064844,0
,9.40340201,41.20792293,0
,9.40539744,41.20864162,0
,9.40733771,41.20961756,0
,9.40769708,41.20998965,0
,9.40768904,41.21010929,0
,9.40752694,41.21022555,0
,9.40707424,41.21027105,0
,9.40596046,41.21015408,0
,9.40553425,41.21027348,0
,9.40470954,41.21149493,0
,9.40439082,41.21215877,0
,9.40449043,41.2122615,0
,9.40437889,41.21214738,0
,9.40439401,41.21197927,0
,9.40476135,41.21112067,0
,9.4052344,41.21031827,0
,9.40510926,41.21008054,0
,9.40489246,41.21006929,0
,9.40442002,41.21031527,0
,9.40455961,41.210315,0
,9.40452564,41.21038361,0
,9.40350591,41.21067344,0
,9.40290109,41.21120947,0
,9.40284266,41.21145996,0
,9.4033093,41.2115502,0
,9.40358082,41.21190119,0
,9.40350471,41.21252317,0
,9.40334771,41.21258268,0
,9.40331032,41.21272615,0
,9.40318419,41.21265522,0
,9.40329986,41.21272611,0
,9.40329081,41.21303456,0
,9.40372481,41.21315862,0
,9.40428022,41.212841,0
,9.40487496,41.2128079,0
,9.40607241,41.21298028,0
,9.40613078,41.21308688,0
,9.40626323,41.21291082,0
,9.40648212,41.21290726,0
,9.4065899,41.21253913,0
,9.4060729,41.21244973,0
,9.40688755,41.21250251,0
,9.40675426,41.21279725,0
,9.40677624,41.21295198,0
,9.40709176,41.21312576,0
,9.40746893,41.2136805,0
,9.40763496,41.21374483,0
,9.40770775,41.21369912,0
,9.40791567,41.21411022,0
,9.40827659,41.21444714,0
,9.40817069,41.21434537,0
,9.40442,41.2103153,0
,9.4047858,41.2100526,0
,9.4049789,41.2096329,0
,9.395125,41.1994955,0
,9.3932367,41.199108,0
,9.3881727,41.2019495,0
,9.3863703,41.2018203,0
,9.3840528,41.1982684,0
,9.3825079,41.1967184,0
,9.3806196,41.1974288,0
,9.3793322,41.1949746,0
,9.3795038,41.1917453,0
,9.4116871,41.1803472,0
,9.4219868,41.1804764,0
,9.4309132,41.1749206,0
,9.4582074,41.165746,0
,9.4661038,41.1649706,0
,9.5158856,41.1590258,0
,9.5249837,41.1583796,0
,9.5305107,41.1565714,0
,9.5416348,41.143515,0
,9.5486729,41.132526,0
,9.54183,41.1160839,0
,9.5476779,41.1140952,0

,9.54763476,41.11397747,0
,9.54768325,41.11418413,0
,9.54771364,41.11408489,0
,9.5476568,41.11417307,0
,9.54766601,41.11406975,0
,9.54789527,41.11417178,0
,9.54760975,41.11415651,0
,9.5473185,41.11433433,0
,9.54714489,41.11462389,0
,9.54702276,41.11511385,0
,9.54747398,41.12086227,0
,9.54749545,41.12226039,0
,9.5473483,41.12366516,0
,9.54738589,41.12534957,0
,9.54749582,41.1291014,0
,9.54779301,41.13347854,0
,9.54777719,41.13390082,0
,9.54762474,41.13439745,0
,9.54645189,41.13628653,0
,9.53881018,41.14644787,0
,9.53504621,41.15054867,0
,9.53264107,41.15303546,0
,9.53051071,41.15657143,0
,9.53002201,41.15713932,0
,9.52819564,41.15815031,0
,9.52451195,41.15997145,0
,9.52294032,41.16058912,0
,9.52225304,41.16075699,0
,9.51474019,41.16157005,0
,9.51131918,41.16156839,0
,9.50114981,41.16273048,0
,9.49280628,41.16353055,0
,9.47899693,41.1650182,0
,9.46557346,41.16616122,0
,9.46510954,41.16629328,0
,9.46451733,41.16661334,0
,9.46093083,41.16970149,0
,9.45694083,41.17296309,0
,9.45603263,41.17419701,0
,9.45289827,41.17770927,0
,9.45241791,41.17843132,0
,9.45082946,41.18292153,0
,9.45032419,41.18472888,0
,9.45032508,41.18543324,0
,9.45038874,41.185774,0
,9.45060315,41.18622579,0
,9.45122258,41.18677784,0
,9.45204399,41.18711869,0
,9.4539644,41.18719487,0
,9.4537209,41.18707118,0
,9.45362962,41.18719749,0
,9.45361044,41.18710804,0
,9.45361322,41.1872321,0
,9.45365207,41.18707086,0
,9.45362979,41.18723916,0
,9.4536509,41.18712602,0
,9.45382235,41.1872703,0
,9.45393371,41.18718498,0
,9.4538463,41.18732095,0
,9.45392989,41.18744077,0
,9.45380496,41.18744169,0
,9.4529989,41.18723315,0
,9.45213119,41.18684187,0
,9.45150992,41.18634629,0
,9.45064645,41.18540988,0
,9.44880231,41.18423056,0
,9.44807347,41.18364889,0
,9.44716985,41.18260882,0
,9.44657261,41.18133793,0
,9.44629176,41.17886591,0
,9.44593036,41.17678919,0
,9.44604738,41.1763823,0
,9.44683098,41.17510948,0
,9.44690553,41.17439428,0
,9.44668138,41.17370716,0
,9.44592581,41.17021749,0
,9.44403972,41.16279313,0
,9.44344607,41.16004129,0
,9.44332887,41.15869712,0
,9.4433684,41.15811289,0
,9.44363309,41.15706994,0
,9.44542121,41.15136687,0
,9.4465213,41.14587159,0
,9.44775574,41.14282239,0
,9.44804685,41.1418267,0
,9.44786267,41.13845545,0
,9.44767979,41.13668176,0
,9.4476995,41.13611633,0
,9.44707613,41.13393917,0
,9.44645052,41.13212179,0
,9.44574967,41.1295749,0
,9.44558577,41.12513541,0
,9.44536204,41.12403237,0
,9.44561618,41.12252572,0
,9.4458051,41.11855827,0
,9.44602215,41.11694738,0
,9.44599165,41.11613797,0
,9.44525265,41.11326008,0
,9.4449968,41.11258728,0
,9.44461503,41.11188879,0
,9.44444369,41.11132908,0
,9.444468,41.11115238,0
,9.44436201,41.11111132,0
,9.44418185,41.11119433,0
,9.44421804,41.11108581,0
,9.44442785,41.11096327,0
,9.44425259,41.11084294,0
,9.44427725,41.11078899,0
,9.44406486,41.11076704,0
,9.44404232,41.11051265,0
,9.44366258,41.11062816,0
,9.44331025,41.11011078,0
,9.44353566,41.10988243,0
,9.44372238,41.10989175,0
,9.44387611,41.11000517,0
,9.44382637,41.11022818,0
,9.44358376,41.11033278,0
,9.4434483,41.11052584,0
,9.44346093,41.11076982,0
,9.44361673,41.11093303,0
,9.44538849,41.11134849,0
,9.4458366,41.11132214,0
,9.44612169,41.11107588,0
,9.44630342,41.11070771,0
,9.44640718,41.11006283,0
,9.44637428,41.10883796,0
,9.4462248,41.10806168,0
,9.44595166,41.10765758,0
,9.44551681,41.1072973,0
,9.44479224,41.1070358,0
,9.4441154,41.107052,0
,9.44316578,41.10738804,0
,9.44154463,41.10761663,0
,9.44161175,41.10777064,0