,13.595969837002597,45.505381022566446,0
,13.596095596193347,45.5053936555214,0
,13.596185424186741,45.50545682025335,0
,13.596059664995991,45.505305224776805,0
,13.595924923005898,45.5052925918019,0
,13.595655439025714,45.50531785774888,0
,13.59526019585478,45.505418921422724,0
,13.59411938033867,45.50552630137606,0
,13.592825857233793,45.50566526336256,0
,13.591190987754015,45.50600003400297,0
,13.590355587415447,45.506132678419334,0
,13.589403410685467,45.50625268976307,0
,13.588846477126422,45.50627163889905,0
,13.588289543567376,45.50630322077809,0
,13.58692415806778,45.5061263620257,0
,13.586376207308074,45.50604424884336,0
,13.58565758336092,45.50608214725019,0
,13.584669475433582,45.50596845195268,0
,13.5843999914534,45.505987401184996,0
,13.583438831924079,45.50581054143377,0
,13.582100394822504,45.505418921422724,0
,13.580806871717625,45.505008349111584,0
,13.579701987398872,45.50481885318214,0
,13.57956724540878,45.504837802803976,0
,13.579477417415386,45.50491991775776,0
,13.579549279810102,45.505090463814966,0
,13.579935540181697,45.50514731238514,0
,13.580196041362543,45.50510941334479,0
,13.580303834954615,45.50515994539287,0
,13.580339766151974,45.50526100935211,0
,13.580016385375753,45.50601266681808,0
,13.579953505780376,45.50620847508744,0
,13.579944522981037,45.50678326314369,0
,13.579818763790286,45.50735804529196,0
,13.579953505780376,45.50762332736778,0
,13.579935540181697,45.508204417040986,0
,13.580339766151974,45.508817081134964,0
,13.580869751313,45.50924657361085,0
,13.581022458901769,45.50940447442701,0
,13.581300925681292,45.50918972920787,0
,13.58213632601986,45.508147571578526,0
,13.582540551990135,45.50771807066129,0
,13.582828001568998,45.507168557324455,0
,13.583447814723419,45.506612722248896,0
,13.583816109496336,45.50630322077809,0
,13.58390593748973,45.50610109644398,0
,13.583789161098318,45.505898971379295,0
,13.582917829562392,45.50524837636717,0
,13.582037515227128,45.50461672348295,0
,13.580950596507057,45.504168245604234,0
,13.579854694987644,45.50376398077233,0
,13.578552189083425,45.50327759577353,0
,13.577860513534288,45.50294912558928,0
,13.57686342280761,45.50233639720529,0
,13.575731590090841,45.5017615634433,0
,13.57447399818332,45.5009972148949,0
,13.57320742347646,45.50045395255149,0
,13.572578627522699,45.500176002335344,0
,13.57160848519404,45.49983487972776,0
,13.571042568835654,45.49955060929889,0
,13.57080003325349,45.49931687475291,0
,13.570602411668022,45.49883676829758,0
,13.570683256862075,45.4986282997378,0
,13.570907826845563,45.49852722379277,0
,13.571033586036314,45.498571444541184,0
,13.571033586036314,45.49936741203481,0
,13.570665291263397,45.50030866056534,0
,13.570449704079252,45.501433084355284,0
,13.570512583674628,45.502538535146115,0
,13.57064732566472,45.503113360922555,0
,13.570782067654811,45.50314494458519,0
,13.571285104417818,45.502930175327506,0
,13.571419846407911,45.502746989132426,0
,13.571339001213856,45.50245009988689,0
,13.57048563527661,45.501350964281876,0
,13.57000056411228,45.500656097295675,0
,13.568850765796833,45.49929792326041,0
,13.568042313856283,45.498337705903594,0
,13.567269793113091,45.4973711546809,0
,13.567206913517715,45.49727639385816,0
,13.567233861915732,45.49716899806501,0
,13.5684106086292,45.49664465093763,0
,13.568994490586261,45.49633509430215,0
,13.570018529710959,45.49562121226566,0
,13.570728170858775,45.49503367419801,0
,13.5713030700165,45.49469883791525,0
,13.571500691601965,45.49452194246627,0
,13.57177017558215,45.49443349453201,0
,13.5718959347729,45.49446508309603,0
,13.571913900371582,45.494749379369374,0
,13.57131205281584,45.495798104238766,0
,13.571195276424424,45.496019218418546,0
,13.57111443123037,45.49713109361821,0
,13.571249173220462,45.49823662943347,0
,13.571285104417818,45.498817816642415,0
,13.57112341402971,45.499828562622795,0
,13.570862912848867,45.500832973347556,0
,13.570593428868682,45.50143940127903,0
,13.570341910487178,45.502443783077304,0
,13.570386824483876,45.5026585542028,0
,13.57049461807595,45.50272172202395,0
,13.570853930049527,45.50256380233733,0
,13.571940848769598,45.501944752865974,0
,13.573108612683725,45.501350964281876,0
,13.57401587541701,45.50081402236874,0
,13.574770430561522,45.50021390471886,0
,13.575659727696126,45.49969590325416,0
,13.576719698018179,45.49939899781278,0
,13.576800543212235,45.49947480360721,0
,13.576342420445922,45.50059292714161,0
,13.575974125673007,45.501148822049,0
,13.57510279413708,45.50198265405091,0
,13.574689585367468,45.5024627335039,0
,13.574339256193229,45.50346078023067,0
,13.574348238992567,45.503669230779636,0
,13.57447399818332,45.50370713079599,0
,13.574995000545009,45.503378663134434,0
,13.575480071709338,45.502690138122304,0
,13.575794469686217,45.50174892966788,0
,13.575992091271686,45.50119935767571,0
,13.575569899702732,45.49987278234243,0
,13.575336346919906,45.499203165701694,0
,13.574923138150293,45.498211360287414,0
,13.574707550966146,45.497604897357306,0
,13.574734499364164,45.49751013693054,0
,13.574842292956237,45.497453280597426,0
,13.574968052146989,45.49748486745628,0
,13.574851275755577,45.49809133168771,0
,13.574447049785302,45.499013650102675,0
,13.574231462601157,45.49972748884666,0
,13.57415960020644,45.50076980339325,0
,13.57400689261767,45.50145203512434,0
,13.573872150627578,45.50198265405091,0
,13.573737408637486,45.50290490830178,0
,13.573593683848054,45.50338497983844,0
,13.57368351184145,45.50355553057652,0
,13.574590774574732,45.50318284495684,0
,13.574869241354255,45.503081777242066,0
,13.575318381321228,45.50258906951714,0
,13.575641762097447,45.502058456343775,0
,13.575884297679611,45.50135728121488,0
,13.57607293646574,45.50054239096697,0
,13.57619869565649,45.499885416541645,0
,13.576288523649888,45.499392680658616,0
,13.576028022469043,45.498426147665114,0
,13.57607293646574,45.4980407932529,0
,13.576216661255172,45.497996572084965,0
,13.576647835623463,45.49823031214802,0
,13.576755629215539,45.498394561337754,0
,13.576513093633373,45.49872937550017,0
,13.576324454847244,45.49886835437523,0
,13.576207678455832,45.49889362322449,0
,13.576090902064418,45.4991526282714,0
,13.576126833261778,45.49905787046652,0
,13.575956160074327,45.49891889206236,0
,13.575659727696126,45.49891889206236,0
,13.575560916903392,45.49898206410706,0
,13.575524985706036,45.49917157981312,0
,13.575021948943025,45.49958851210621,0
,13.575075845739063,45.4996643176438,0
,13.576270558051206,45.50013178285543,0
,13.576593938827429,45.50028970940887,0
,13.576656818422803,45.500662414307165,0
,13.576531059232051,45.50082665635534,0
,13.57654902483073,45.50092141116375,0
,13.577626960751463,45.50134464734816,0
,13.578255756705223,45.501521521222614,0
,13.579019294649076,45.50191316852556,0
,13.579154036639167,45.50191316852556,0
,13.579791815392266,45.502273228948965,0
,13.580061299372451,45.50249431753399,0
,13.580321800553294,45.502544851945004,0
,13.58053738773744,45.50243114945601,0
,13.580779923319605,45.50251958474521,0
,13.581507530066101,45.503088093979585,0
,13.581606340858833,45.50314494458519,0
,13.582109377621844,45.503037560059454,0
,13.582908846763052,45.503378663134434,0
,13.583304089933987,45.50361869738458,0
,13.583816109496336,45.50371344746287,0
,13.584660492634242,45.50402927989786,0
,13.58504675300584,45.504111396038816,0
,13.585765376952994,45.50437037692432,0
,13.586528914896846,45.50461040691808,0
,13.586915175268441,45.50455355780214,0
,13.58741821203145,45.504667255976244,0
,13.588999184715192,45.505178894899146,0
,13.59001424104055,45.50543787084125,0
,13.591092176961281,45.50557051659102,0
,13.592475528059554,45.50548840259256,0
,13.593436687588875,45.50546945319116,0
,13.59478410748979,45.505368389608634,0
,13.595691370223074,45.50522311038879,0
,13.596095596193347,45.50522311038879,0
,13.595835095012504,45.505197844398985,0
,13.595924923005898,45.50526732584346,0
,13.596149492989385,45.50534312368446,0
,13.596203389785423,45.505425237896276,0
,13.596616598555036,45.50544418731265,0
,13.596724392147108,45.505513668451094,0
,13.596796254541824,45.50570316202623,0
,13.5962213553841,45.50531785774888,0
,13.596113561792025,45.50526100935211,0
,13.595978819801935,45.505242059873645,0
,13.595844077811844,45.505242059873645,0
,13.595709335821752,45.50524837636717,0
,13.595188333460063,45.50531785774888,0
,13.593975655549242,45.505564200133904,0
,13.59220604407937,45.505804225003736,0
,13.59140657493816,45.50591792063514,0
,13.590966417770527,45.50594318629964,0
,13.590238811024035,45.50588002211703,0
,13.589942378645834,45.505848439998964,0
,13.588585975945577,45.50558946595819,0
,13.586960089265139,45.50534312368446,0
,13.585576738166866,45.505096780325616,0
,13.583861023493034,45.50477463737286,0
,13.582522586391457,45.50438301010757,0
,13.58039366294801,45.5035365805202,0
,13.579468434616047,45.50329654591762,0
,13.577725771544197,45.50296807584466,0
,13.576324454847244,45.502810156853656,0
,13.574923138150293,45.50267750455664,0
,13.573737408637486,45.50263328705438,0
,13.572587610322037,45.5027343555796,0
,13.5718959347729,45.50249431753399,0
,13.57033292768784,45.501786830985544,0
,13.57014428890171,45.50163522556084,0
,13.57013530610237,45.50145835204594,0
,13.570359876085856,45.50136991507875,0
,13.57112341402971,45.50156573960382,0
,13.571410863608572,45.50174261277913,0
,13.571680347588753,45.50177419721582,0
,13.57193186597026,45.501717345216896,0
,13.571985762766294,45.50179946475238,0
,13.571877969174222,45.50186263354381,0
,13.571240190421124,45.5016668100582,0
,13.570279030891802,45.50155942269437,0
,13.569560406944648,45.50155942269437,0
,13.568212987043731,45.5016668100582,0
,13.567485380297239,45.50171102832456,0
,13.565940338810854,45.50174261277913,0
,13.564503090916544,45.501831049157005,0
,13.56328143020638,45.501868950419016,0
,13.5616914747233,45.50190053478438,0
,13.557999544194791,45.502001604633776,0
,13.557182109454901,45.502001604633776,0
,13.555098100008152,45.501616274853845,0
,13.553571024120448,45.50126884408788,0
,13.551891240643972,45.50090877719856,0
,13.550921098315312,45.50069399935388,0
,13.550058749578726,45.50056765905998,0
,13.548441845697628,45.500504488806016,0
,13.546959683806621,45.50044763551645,0
,13.545791919892496,45.50044763551645,0
,13.54443551719224,45.50046658661939,0
,13.542746750916425,45.500498171776705,0
,13.541785591387104,45.50063714625695,0
,13.540743586663732,45.50099089792123,0
,13.540321395094777,45.501066701558216,0
,13.539521925953567,45.50124989325676,0
,13.538515852427551,45.50138886586922,0
,13.53739300251012,45.50160995795008,0
,13.536620481766928,45.50162890865922,0
,13.535892875020433,45.501616274853845,0
,13.535506614648837,45.50179314786933,0
,13.534473592724803,45.50270277168511,0
,13.53370107198161,45.503340762895505,0
,13.533278880412656,45.503738714123294,0
,13.53243449727475,45.50439564328798,0
,13.53210213369919,45.50487570202837,0

,13.574986017745669,45.508974983163974,0
,13.574761447762183,45.50903814385071,0
,13.574491963781998,45.5091518329071,0
,13.574267393798513,45.50941079045038,0
,13.574024858216347,45.509511846727314,0
,13.57369249464079,45.509676062787825,0
,13.573405045061927,45.50973290669639,0
,13.572937939496276,45.51002344132658,0
,13.571940848769598,45.510920299575105,0
,13.571258156019802,45.51157082859873,0
,13.57048563527661,45.51232871694457,0
,13.569578372543326,45.51298554520091,0
,13.569290922964464,45.51320027584178,0
,13.569057370181639,45.513301325269744,0
,13.567808761073458,45.51413497608173,0
,13.567251827514413,45.5149496682741,0
,13.566892515540834,45.51537279829426,0
,13.566191857192358,45.51626325548692,0
,13.565841528018119,45.516831625002304,0
,13.5655181472419,45.51748840035635,0
,13.565392388051148,45.51777257960815,0
,13.565221714863698,45.51805044236856,0
,13.564826471692763,45.518890337315185,0
,13.564476142518524,45.519881776011026,0
,13.564269538133718,45.52090477075334,0
,13.564053950949573,45.521675161841905,0
,13.563874294962783,45.52270443828256,0
,13.56376650137071,45.52351900558732,0
,13.563721587374014,45.52413150186483,0
,13.563577862584582,45.52492710556328,0
,13.563425154995812,45.525198618518935,0
,13.563470068992508,45.525495386984865,0
,13.563317361403737,45.52576058300399,0
,13.563092791420251,45.52676452796196,0
,13.562697548249316,45.52773057117661,0
,13.562437047068473,45.52850718204351,0
,13.562221459884327,45.52887338504901,0
,13.56216756308829,45.52906911325743,0
,13.561565715532547,45.52995303856231,0
,13.561134541164256,45.53066648236048,0
,13.561089627167556,45.530868517887114,0
,13.561916044706786,45.53173347422668,0
,13.562535857861207,45.532118596463704,0
,13.562850255838086,45.53244689529105,0
,13.563380240999114,45.53256053674337,0
,13.56455698771258,45.53282569923321,0
,13.564844437291441,45.53285726611246,0
,13.56505104167625,45.53298353345112,0
,13.56521273206436,45.5332360672723,0
,13.565320525656432,45.53399366188711,0
,13.565598992435955,45.53430932327789,0
,13.565670854830671,45.534864882993894,0
,13.565733734426047,45.534946953847204,0
,13.565652889231993,45.53477018570561,0
,13.566128977596982,45.53459341700471,0
,13.566739807952064,45.53443558733484,0
,13.56727877591243,45.53412623988845,0
,13.568015365458265,45.533911589633334,0
,13.568356711833163,45.53487119614071,0
,13.568680092609382,45.535963359807084,0
,13.568967542188245,45.53676510798318,0
,13.569174146573053,45.53774360394501,0
,13.569308888563144,45.53827387846634,0
,13.569416682155216,45.538576890218444,0
,13.569713114533418,45.539883609570616,0
,13.570072426506995,45.54110192423089,0
,13.57033292768784,45.542149779831476,0
,13.570826981651507,45.5430966203941,0
,13.571168328026408,45.5436584048738,0
,13.571446794805928,45.54423280788102,0
,13.571680347588753,45.54523642093447,0
,13.572174401552424,45.54629682267808,0
,13.572641507118075,45.54726252817587,0
,13.572991836292314,45.547912634236155,0
,13.573225389075139,45.54841125414403,0
,13.573674529042112,45.54914970835935,0
,13.573961978620972,45.54978716952898,0
,13.574231462601157,45.55032995251118,0
,13.574590774574732,45.55079699410973,0
,13.574689585367468,45.55108100398254,0
,13.575003983344347,45.55140288009194,0
,13.575165673732457,45.551762621783084,0
,13.575147708133779,45.551951958584254,0
,13.575300415722548,45.552116049959274,0
,13.575542951304714,45.55233063026046,0
,13.575893280478951,45.55276609951309,0
,13.57608191926508,45.553226809662526,0
,13.576683766820823,45.55412297467958,0
,13.576773594814217,45.55431230347642,0
,13.577114941189114,45.55487397512925,0
,13.577510184360051,45.55529680286999,0
,13.577546115557407,45.55551137094636,0
,13.577707805945517,45.55568807344885,0
,13.577941358728342,45.556148759486106,0
,13.578911501057004,45.557492931262736,0
,13.579180985037185,45.55796622347939,0
,13.579666056201516,45.55848368504416,0
,13.579944522981037,45.55892541673098,0
,13.580402645747348,45.559518593783054,0
,13.580797888918285,45.559947696657275,0
,13.581229063286576,45.56047145010681,0
,13.581884807638357,45.56102043941088,0
,13.582100394822504,45.56127284647431,0
,13.583043588753144,45.561973270096715,0
,13.583411883526061,45.562396044065274,0
,13.583986782683784,45.562862984726685,0
,13.584741337828298,45.56337409097237,0
,13.58535216818338,45.56411234728624,0
,13.585558772568188,45.56423854396939,0
,13.58583723934771,45.56444676787272,0
,13.586061809331195,45.56457296379968,0
,13.586385190107414,45.56486952310478,0
,13.587005003261837,45.565248107161715,0
,13.587202624847304,45.565367991577695,0
,13.587175676449286,45.56546263698734,0
,13.587552954021543,45.56575288190935,0
,13.587705661610313,45.5661440791984,0
,13.588487165152843,45.56693277507248,0
,13.588954270718494,45.567405987246524,0
,13.589259685896035,45.56794228952606,0
,13.589699843063668,45.56853537075109,0
,13.590104069033943,45.56893916712723,0
,13.590526260602898,45.56944390848828,0
,13.59059812299761,45.569639494538286,0
,13.59078676178374,45.56979722472442,0
,13.591280815747409,45.57039028623432,0
,13.591667076119004,45.5709013235431,0
,13.591945542898527,45.57135557499935,0
,13.592008422493903,45.57156377234753,0
,13.592520442056252,45.57211896147793,0
,13.592960599223883,45.57274354264622,0
,13.593248048802746,45.57319147028991,0
,13.593661257572359,45.57369617318523,0
,13.59379599956245,45.57386650938192,0
,13.593975655549242,45.574213488914644,0
,13.594379881519515,45.574819120746625,0
,13.59492783227922,45.5754310545659,0
,13.595278161453459,45.57606190714661,0
,13.595637473427036,45.57677476197761,0
,13.59575424981845,45.57712803179248,0
,13.595960854203256,45.57748129937018,0
,13.596041699397313,45.57777779007476,0
,13.59654473616032,45.578496931194415,0
,13.596643546953052,45.578869114624425,0
,13.597011841725969,45.57937376615631,0
,13.597227428910116,45.57985948894376,0
,13.597398102097566,45.58011811883217,0
,13.59766758607775,45.58067322283626,0
,13.597757414071143,45.58094446482902,0
,13.597802328067843,45.581341863506225,0
,13.598188588439438,45.58185280050222,0
,13.598431124021602,45.58231957835796,0
,13.59895212638329,45.58324050699491,0
,13.599679733129783,45.5844074152753,0
,13.600030062304022,45.58506970370845,0
,13.600092941899396,45.585265234980156,0
,13.600416322675619,45.585700447285085,0
,13.600569030264388,45.58597797219887,0
,13.60053309906703,45.586179807632305,0
,13.60103613583004,45.58706282906465,0
,13.601404430602956,45.587731393133915,0
,13.602060174954735,45.588671153603535,0
,13.60243745252699,45.589585670398684,0
,13.602823712898587,45.590222669786904,0
,13.603353698059614,45.59113716113615,0
,13.603928597217337,45.59217777097886,0
,13.604189098398182,45.592720141742916,0
,13.604251977993558,45.59405081975367,0
,13.604296891990254,45.594523801917084,0
,13.604440616779685,45.59477605743016,0
,13.604476547977045,45.59496524831593,0
,13.604476547977045,45.59514813222855,0
,13.604557393171099,45.5944607378605,0
,13.604665186763171,45.594176948722954,0
,13.605006533138072,45.59364720513453,0
,13.605302965516271,45.59321205484997,0
,13.605536518299097,45.59263815580313,0
,13.605832950677298,45.5922156109708,0
,13.6061293830555,45.59159124781951,0
,13.606695299413886,45.590676763917806,0
,13.606731230611242,45.59047494476064,0
,13.607081559785481,45.589768571957876,0
,13.607342060966324,45.589030655098355,0
,13.60757561374915,45.58845671301183,0
,13.608006788117443,45.5878449220854,0
,13.608428979686396,45.58742864813329,0
,13.608617618472525,45.58728358223805,0
,13.609120655235532,45.58683576774606,0
,13.609426070413074,45.586387949657976,0
,13.610863318307384,45.58482371177996,0
,13.611330423873035,45.584350647329344,0
,13.61190532303076,45.583934347293486,0
,13.612704792171968,45.58358112058373,0
,13.613126983740923,45.58362527404478,0
,13.61346833011582,45.58323419931622,0
,13.613863573286755,45.582975583876525,0
,13.614860664013433,45.58260973559666,0
,13.615507425565875,45.58225650049763,0
,13.615758943947379,45.58218711476886,0
,13.616980604657542,45.58170772010263,0
,13.617690245805356,45.581373402962505,0
,13.61780702219677,45.5813355556128,0
,13.617798039397432,45.581234629221456,0
,13.618094471775631,45.581209397595096,0
,13.618310058959777,45.58108323929201,0
,13.618498697745908,45.580830921829765,0
,13.619046648505613,45.58055337130299,0
,13.619109528100989,45.58047136747395,0
,13.61906461410429,45.58027581939511,0
,13.619271218489098,45.58014965898044,0
,13.620052722031629,45.579316993086906,0
,13.620340171610492,45.57898266161716,0
,13.620492879199261,45.578705101893505,0
,13.620322206011814,45.577468682709515,0
,13.620214412419738,45.577184807089765,0
,13.619441891676548,45.57697663071718,0
,13.619172407696365,45.57697663071718,0
,13.61906461410429,45.576711677846674,0
,13.61926223568976,45.576143917458126,0
,13.619280201288438,45.57586634360956,0
,13.619459857275226,45.57509669980574,0
,13.619522736870602,45.5745983182361,0
,13.619531719669942,45.57430811932178,0
,13.619495788472584,45.57336180802751,0
,13.61957663366664,45.57317885265903,0
,13.620232378018416,45.57281924897938,0
,13.620753380380105,45.572693071700364,0
,13.621238451544434,45.5722262132869,0
,13.621750471106782,45.57186660346714,0
,13.622406215458563,45.5714817553031,0
,13.623385340586562,45.570768832838404,0
,13.623645841767404,45.57068681462546,0
,13.624436328109274,45.57010637459589,0
,13.624984278868979,45.56977829712562,0
,13.625370539240576,45.56949438237327,0
,13.62611611158575,45.56891392993932,0
,13.62643050956263,45.56862370145809,0
,13.627310823897895,45.56788550482279,0
,13.627795895062224,45.56743122511642,0
,13.62864926099947,45.56669932225516,0
,13.629583472130772,45.565998957943386,0
,13.63058056285745,45.56532382366492,0
,13.631766292370257,45.56471177898971,0
,13.63377843942229,45.56331730162067,0
,13.634532994566804,45.56275571492038,0
,13.636859539595717,45.561354878524156,0
,13.637623077539569,45.56092578646782,0
,13.637973406713808,45.56064813690887,0
,13.638718979058982,45.5600865233515,0
,13.638853721049072,45.55992876571768,0
,13.638979480239826,45.5598909038192,0
,13.639275912618027,45.55968897326033,0
,13.639446585805475,45.559379765676304,0
,13.63969810418698,45.559386076052284,0
,13.640317917341402,45.559013762648874,0
,13.640560452923568,45.55891910630295,0
,13.641081455285255,45.55859727352606,0
,13.642114477209288,45.5579599129429,0
,13.642608531172957,45.5576317640622,0
,13.64303970554125,45.55742351473354,0
,13.643174447531344,45.55725943895771,0
,13.643946968274534,45.556653616530824,0
,13.644629661024332,45.55630021707894,0
,13.645042869793945,45.556060409033876,0
,13.645186594583377,45.55603516602185,0
,13.645824373336476,45.55554923581542,0
,13.646848412461173,45.55494970570629,0
,13.64738738042154,45.55455211903071,0
,13.647629916003703,45.55431861442527,0
,13.647746692395119,45.55426812681459,0
,13.647872451585869,45.55427443776841,0
,13.647629916003703,45.55460260638456,0
,13.647459242816256,45.55526524867155,0
,13.647144844839374,45.555972058441796,0
,13.646821464063153,45.55649584919481,0
,13.646318427300146,45.55760021118356,0
,13.645860304533835,45.55843320120022,0
,13.645536923757616,45.559070556379396,0
,13.645168628984699,45.55967635257615,0
,13.644674575021028,45.560477760359376,0
,13.644512884632919,45.560938406869504,0
,13.644288314649433,45.561399049577986,0
,13.643776295087086,45.5624212842009,0
,13.64339901751483,45.56308383367874,0
,13.642833101156443,45.56408710791538,0
,13.642204305202682,45.565153461388256,0
,13.641871941627125,45.56570871430118,0
,13.641665337242317,45.56595479052999,0
,13.641593474847602,45.56613776958646,0
,13.641027558489217,45.56707158439279,0
,13.640695194913658,45.56754479538972,0
,13.639913691371126,45.56891392993932,0
,13.63940167180878,45.56972782349745,0
,13.638772875855016,45.570604796291946,0
,13.638314753088705,45.571336647929186,0
,13.637856630322394,45.57215681508113,0
,13.637227834368634,45.57301482319792,0
,13.636742763204305,45.573715099454986,0
,13.636410399628748,45.57413147576529,0
,13.635718724079611,45.57507777400467,0
,13.63537737770471,45.575620311089175,0
,13.635188738918583,45.57586634360956,0
,13.635036031329813,45.57611868352897,0
,13.634712650553592,45.57654135033684,0
,13.634209613790585,45.577235273972214,0
,13.633706577027574,45.57794180553219,0
,13.633230488662585,45.57878080013693,0
,13.633113712271173,45.57907097578505,0
,13.63263762390618,45.57991626146101,0
,13.632071707547798,45.580824613878576,0
,13.631451894393377,45.58180233779733,0
,13.630778184442919,45.58291881447315,0
,13.630311078877268,45.58365681220988,0
,13.629996680900387,45.58418665071646,0
,13.629206194558515,45.585296772217845,0
,13.628927727778994,45.58584551729865,0
,13.628792985788902,45.586110426784465,0
,13.629700248522186,45.5859085910999,0
,13.630957840429707,45.58552383980272,0
,13.63283524549165,45.585088626119536,0
,13.63362573183352,45.58492463167677,0
,13.634290458984639,45.58472909921086,0
,13.635368394905372,45.58453987359113,0
,13.636760728802983,45.584356954881756,0
,13.638162045499936,45.584092037066625,0
,13.639644207390944,45.58382711799307,0
,13.64033588294008,45.58368204272909,0
,13.640874850900447,45.58358742822316,0
,13.6416383888443,45.58336035275408,0
,13.642033632015234,45.583290968398586,0
,13.643003774343894,45.58330989141319,0
,13.643560707902939,45.58336035275408,0
,13.644117641461984,45.583272045377534,0
,13.644872196606496,45.583089122509925,0
,13.645123714988,45.583007122408986,0
,13.646668756474384,45.58277373684647,0
,13.647908382783228,45.58250881151091,0
,13.64911207789471,45.582262808286856,0
,13.649821719042528,45.582105113341775,0
,13.650782878571846,45.581909570990646,0
,13.651582347713058,45.58176449073872,0
,13.65296569881133,45.58164464155031,0
,13.653747202353863,45.58152479210441,0
,13.655543762221749,45.58146802122434,0
,13.656244420570225,45.581449097584816,0
,13.656963044517381,45.581404942400944,0
,13.657807427655287,45.58131663192835,0
,13.659316537944314,45.581196781777635,0
,13.660295663072311,45.58122832131595,0
,13.660574129851835,45.581196781777635,0
,13.660699889042588,45.58115262639402,0
,13.66178680776266,45.581171550134115,0
,13.662191033732933,45.58114631847921,0
,13.662325775723025,45.58117785804607,0
,13.662595259703208,45.581133702647456,0
,13.662712036094621,45.58108323929201,0
,13.663259986854326,45.581076931369346,0
,13.663780989216015,45.58101385210367,0
,13.664589441156563,45.581026467962516,0
,13.665379927498435,45.581089547213914,0
,13.66592787825814,45.58105800759716,0
,13.66674531299803,45.581121086812885,0
,13.668119681296963,45.58109585513514,0
,13.66894609883619,45.581089547213914,0
,13.669350324806466,45.581076931369346,0
,13.669880309967494,45.58096338863978,0
,13.670275553138428,45.58094446482902,0
,13.67120976426973,45.58094446482902,0
,13.6720002506116,45.58101385210367,0
,13.672835650950168,45.58098862037741,0
,13.67323987692044,45.58103277589086,0
,13.67421900204844,45.580982312444085,0
,13.674344761239194,45.581026467962516,0
,13.674272898844478,45.581203089686724,0
,13.674030363262313,45.581253552933745,0
,13.674614245219376,45.58105800759716,0
,13.674201036449762,45.58163833369116,0
,13.674147139653725,45.581833876993244,0
,13.67376087928213,45.58242681055681,0
,13.673464446903928,45.58272958271126,0
,13.673311739315157,45.582988199291655,0
,13.67281768535149,45.58365050457829,0
,13.67262006376602,45.583890194077114,0
,13.672880564946865,45.58410465222921,0
,13.673383601709872,45.584262341520805,0
,13.6742549332458,45.58476063675172,0
,13.675081350785026,45.585284157324914,0
,13.676267080297833,45.5858707468277,0
,13.678009743369685,45.586753773153795,0
,13.67887209210627,45.58728358223805,0
,13.68000392482304,45.58825488581923,0
,13.680920170355662,45.58903696212144,0
,13.681782519092248,45.58986948290614,0
,13.68270774742421,45.59075875274177,0
,13.683606027358154,45.5915407939262,0
,13.684854636466335,45.592688608703426,0
,13.685492415219436,45.59331295956627,0
,13.685959520785085,45.59367873763188,0
,13.68606731437716,45.59386162576478,0
,13.686480523146773,45.59411388427399,0
,13.686660179133563,45.59437244806138,0
,13.68718118149525,45.594719300039245,0
,13.687432699876755,45.59482020202759,0
,13.6876482870609,45.5951985828575,0
,13.689022655359834,45.59657965109297,0
,13.689049603757853,45.59667424355578,0
,13.6895616233202,45.59702108121285,0
,13.690100591280567,45.597487732110196,0
,13.690603628043576,45.597853482785446,0
,13.691501907977521,45.59870478971906,0
,13.692534929901555,45.59956238948408,0
,13.692813396681078,45.59977678736375,0
,13.692939155871832,45.59995334970424,0
,13.693433209835499,45.60031277845503,0
,13.693711676615022,45.60050195055083,0
,13.693846418605112,45.600665899181195,0
,13.694133868183975,45.60087398713295,0
,13.694376403766139,45.60095596096128,0
,13.69484350933179,45.60142257891842,0
,13.695283666499423,45.60192072080475,0
,13.696271774426762,45.60270891089664,0
,13.697170054360706,45.60346556289847,0
,13.698005454699274,45.60425373114376,0
,13.698966614228592,45.605079719503266,0
,13.699784048968482,45.60574806753594,0
,13.700026584550647,45.60600027225775,0
,13.700251154534133,45.60612637419063,0
,13.701167400066755,45.60699016475909,0
,13.70190398961259,45.60758283083488,0
,13.70203873160268,45.607765673351985,0
,13.70301785673068,45.60864835292648,0
,13.704104775450752,45.6097012452753,0
,13.704724588605172,45.61021822705019,0
,13.70524559096686,45.61067846288717,0
,13.706027094509391,45.611485442575486,0
,13.706584028068438,45.61204023433149,0
,13.707015202436729,45.61245002014959,0
,13.7078056887786,45.6133578426121,0
,13.708623123518489,45.61417108767377,0
,13.709009383890084,45.61458716195213,0
,13.709467506656395,45.61510409839363,0
,13.710464597383073,45.616106437094494,0
,13.711398808514376,45.61700789612025,0
,13.71243183043841,45.61795346683515,0
,13.713204351181602,45.61881707406409,0
,13.713644508349235,45.61923311364382,0
,13.713779250339327,45.61939700717057,0
,13.714219407506958,45.619485257331384,0
,13.714488891487143,45.61946634659441,0
,13.714902100256756,45.6194348286852,0
,13.715593775805893,45.61950416806197,0
,13.716276468555689,45.61951047163738,0
,13.717066954897563,45.61974370342665,0
,13.717659819653964,45.62012821856865,0
,13.71837844360112,45.62097918526508,0
,13.718692841578,45.62153388248267,0
,13.719465362321191,45.62245416340839,0
,13.71982467429477,45.62296472366524,0
,13.719968399084198,45.623242063077655,0
,13.720687023031354,45.624137103579116,0
,13.72104633500493,45.62464764840853,0
,13.721351750182471,45.62508885621951,0
,13.721980546136233,45.62573805564307,0
,13.72233087531047,45.626299008273485,0
,13.723292034839792,45.62717509152757,0
,13.723408811231204,45.62735786974935,0
,13.723947779191569,45.627817963996726,0
,13.724720299934761,45.62864360304604,0
,13.725636545467383,45.62950074208484,0
,13.726534825401329,45.63040198434422,0
,13.727073793361695,45.63097549455073,0
,13.72797207329564,45.63179478459873,0
,13.728717645640813,45.63253213533462,0
,13.728978146821655,45.63309301952622,0
,13.729157802808444,45.63366020004151,0
,13.729427286788628,45.63418956330941,0
,13.730047099943048,45.63556336354707,0
,13.730307601123892,45.63614942397482,0
,13.730550136706059,45.63720809814081,0
,13.7308106378869,45.638455795418196,0
,13.731026225071048,45.63941990597867,0
,13.73130469185057,45.6406990595744,0
,13.731583158630093,45.641782851438954,0
,13.731825694212256,45.64273430248269,0
,13.7317897630149,45.643414800537435,0
,13.731771797416222,45.64390626618029,0
,13.731655021024809,45.64438512596565,0
,13.731592141429433,45.6454751466921,0
,13.73146638223868,45.64644543619889,0
,13.731367571445945,45.647125888877795,0
,13.731268760653213,45.64828515946446,0
,13.731187915459158,45.64928690100943,0
,13.731071139067744,45.650257124056274,0
,13.731044190669726,45.651227330186096,0
,13.730801655087562,45.65328108735239,0
,13.730774706689543,45.65368427004115,0
,13.73019980753182,45.65398665514032,0
,13.729193734005802,45.65469221398048,0
,13.728142746483087,45.655637144839076,0
,13.727630726920738,45.656122203112496,0
,13.727136672957071,45.656588359026365,0
,13.726337203815861,45.6573694763957,0
,13.726184496227091,45.65754585621922,0
,13.726220427424447,45.657640345180354,0
,13.72650787700331,45.65765924295333,0
,13.727531916128006,45.65735687781548,0
,13.728322402469876,45.65722459255086,0
,13.729157802808444,45.65710490561182,0
,13.730226755929836,45.657111204930814,0
,13.730945379876994,45.657117504249115,0
,13.731655021024809,45.65698521841528,0
,13.732723974146202,45.65656946088961,0
,13.733424632494678,45.65649386827839,0
,13.734439688820034,45.65646867071848,0
,13.735841005516987,45.65630488630095,0
,13.736523698266785,45.656122203112496,0
,13.736622509059519,45.656059208770515,0
,13.73691894143772,45.656059208770515,0
,13.738293309736655,45.655649743808794,0
,13.742748778209014,45.65447172780414,0
,13.743467402156169,45.654320536778165,0
,13.744123146507949,45.654118948104454,0
,13.744473475682186,45.65394885709283,0
,13.745290910422076,45.65376616616779,0
,13.74568615359301,45.65365277149881,0
,13.745811912783763,45.653703169157986,0
,13.74635088074413,45.65361497322444,0
,13.746755106714403,45.65346377987024,0
,13.747195263882036,45.65344488067208,0
,13.748821150562474,45.65304799602764,0
,13.749728413295758,45.65273930601351,0
,13.750285346854803,45.65268260766144,0
,13.750527882436966,45.65258811027966,0
,13.752045975525332,45.652285717579396,0
,13.753141877044744,45.65200222293029,0
,13.754112019373403,45.651756526399325,0
,13.75464200453443,45.65163052775746,0
,13.754920471313953,45.65161162793655,0
,13.756267891214868,45.65120843022825,0
,13.757759035905217,45.65082412969298,0
,13.758145296276812,45.6506729287548,0
,13.758810023427928,45.65030122470191,0
,13.759429836582353,45.650042920423175,0
,13.759591526970462,45.64987911708854,0
,13.759636440967157,45.64930580161996,0
,13.759977787342057,45.648908887450645,0
,13.76008558093413,45.64916719699365,0
,13.760004735740075,45.649091594324695,0
,13.760148460529505,45.64893408843446,0
,13.760247271322239,45.64899709084403,0
,13.760373030512993,45.64899709084403,0
,13.760938946871375,45.64858127362252,0
,13.760920981272697,45.64848676927518,0
,13.76074132528591,45.64834186229754,0
,13.760031684138092,45.648600174472705,0
,13.76039997891101,45.64846156808879,0
,13.760013718539414,45.6486190753165,0
,13.76054370370044,45.648436366891,0
,13.76075030808525,45.64831036073076,0
,13.760956912470057,45.64844266719151,0
,13.760956912470057,45.64853717161373,0
,13.760570652098458,45.648921487943966,0

,13.760265236920917,45.64899709084403,0
,13.760022701338753,45.6490096913174,0
,13.759896942148002,45.6490096913174,0
,13.759735251759892,45.64916719699365,0
,13.759591526970462,45.649223898927964,0
,13.759807114154608,45.64931840202341,0
,13.760049649736773,45.64994211842815,0
,13.760004735740075,45.65013112201902,0
,13.75976220015791,45.650206723275616,0
,13.75960949256914,45.65078632949695,0
,13.759420853783011,45.65116433030163,0
,13.759420853783011,45.65167462731456,0
,13.759331025789617,45.651857325107365,0
,13.758271055467562,45.65248101305293,0
,13.757750053105877,45.652827503335146,0
,13.756869738770611,45.653860661548734,0
,13.756645168787125,45.65401185382443,0
,13.756654151586464,45.65425124075397,0
,13.756474495599676,45.654433930086164,0
,13.756267891214868,45.65456622198669,0
,13.755971458836667,45.65462921801926,0
,13.755755871652521,45.654742610698115,0
,13.755549267267714,45.65488750100697,0
,13.755504353271016,45.654975694923266,0
,13.755019282106687,45.655189879566514,0
,13.75448929694566,45.655700139659,0
,13.754067105376707,45.65597731601925,0
,13.753770672998506,45.65603401101371,0
,13.75304306625201,45.65598361546593,0
,13.751426162370912,45.65565604329256,0
,13.74999789727594,45.65537886533161,0
,13.749207410934071,45.655303271102596,0
,13.747877956631834,45.65503869049215,0
,13.746440708737524,45.65478670778857,0
,13.74556039440226,45.65462921801926,0
,13.744033318514555,45.6543961323425,0
,13.743170969777967,45.65423864146755,0
,13.74184151547573,45.653961456444826,0
,13.74025155999265,45.65378506525682,0
,13.738922105690413,45.65353937659871,0
,13.737754341776288,45.6533440848401,0
,13.736308111082637,45.653079494912355,0
,13.735571521536803,45.65295979905549,0
,13.735266106359262,45.652928300103,0
,13.73513136436917,45.652966098843834,0
,13.734718155599557,45.652852702544216,0
,13.734430706020694,45.65290940072293,0
,13.733514460488072,45.65260700976885,0
,13.732697025748184,45.652418014587994,0
,13.731556210232075,45.6520526220846,0
,13.73134062304793,45.65193922392321,0
,13.730289635525214,45.65161162793655,0
,13.729517114782022,45.65135332974101,0
,13.729184751206464,45.6511706302933,0
,13.728789508035529,45.65074852927526,0
,13.728564938052042,45.65062252835077,0
,13.728160712081767,45.65025082396119,0
,13.72793614209828,45.65009962146511,0
,13.7269839653683,45.64908529409766,0
,13.726094668233696,45.64828515946446,0
,13.72569942506276,45.64788193765174,0
,13.724837076326175,45.647075485260984,0
,13.724172349175056,45.64650844142607,0
,13.723202206846398,45.64560115927223,0
,13.722887808869517,45.64538693771626,0
,13.722178167721701,45.64473166666163,0
,13.721962580537554,45.64459935137781,0
,13.721603268563978,45.644164598944734,0
,13.721073283402951,45.64369203810031,0
,13.720498384245225,45.643099756176035,0
,13.719815691495429,45.642538972800516,0
,13.719555190314585,45.642286933487966,0
,13.718809617969411,45.64166943234878,0
,13.718225736012348,45.64109603229957,0
,13.717614905657268,45.64065495131907,0
,13.717219662486333,45.640232770535356,0
,13.71674357412134,45.63976647759011,0
,13.716186640562295,45.63930648207355,0
,13.716051898572204,45.639136345782525,0
,13.715557844608536,45.63873305768212,0
,13.714704478671289,45.637983186103355,0
,13.71420144190828,45.63762400034054,0
,13.713563663155181,45.63694343148677,0
,13.712943850000759,45.63635737941779,0
,13.712539624030484,45.636073803621166,0
,13.711587447300504,45.63517265316767,0
,13.710599339373164,45.634315601440875,0
,13.710168165004871,45.63393118424794,0
,13.709808853031296,45.6336349921413,0
,13.709683093840543,45.63366020004151,0
,13.709647162643186,45.63403201524387,0
,13.709772921833936,45.63405722296432,0
,13.70985376702799,45.633987901705616,0
,13.710105285409497,45.63407612874716,0
,13.710293924195625,45.63420216713542,0
,13.710150199406193,45.63435971471945,0
,13.709593265847149,45.634296695739344,0
,13.709323781866964,45.634315601440875,0
,13.708182966350858,45.63413284605719,0
,13.707823654377279,45.63397529783113,0
,13.707652981189831,45.6338114472031,0
,13.706898426045317,45.633382912511486,0
,13.705883369719961,45.63271489597274,0
,13.705173728572143,45.632229633649914,0
,13.70445510462499,45.63174436709775,0
,13.704329345434237,45.63172546052309,0
,13.704014947457356,45.63150488334454,0
,13.703619704286423,45.631233887328875,0
,13.703386151503597,45.63110784222105,0
,13.702460923171635,45.63054693803115,0
,13.701948903609287,45.63018770428965,0
,13.701293159257508,45.62979695618497,0
,13.700053532948663,45.62897763674044,0
,13.69884983783718,45.62825914669109,0
,13.69854442265964,45.628076371427525,0
,13.697798850314467,45.62760367399829,0
,13.697340727548156,45.62738938317524,0
,13.696208894831384,45.62666456986808,0
,13.696038221643937,45.62651330329241,0
,13.69533756329546,45.62616664917338,0
,13.694385386565479,45.62558678655073,0
,13.693711676615022,45.62520230909167,0
,13.692741534286363,45.62464764840853,0
,13.692085789934582,45.62428207357437,0
,13.691834271553079,45.62420643710219,0
,13.689885004096421,45.623065574520446,0
,13.68940891573143,45.62282605344115,0
,13.689193328547285,45.622681079655905,0
,13.689067569356531,45.622655866785195,0
,13.689004689761155,45.622567621647704,0
,13.688348945409379,45.62215160697361,0
,13.687971667837122,45.62198141825679,0
,13.687468631074111,45.621622129257986,0
,13.686750007126959,45.62132587167343,0
,13.68622002196593,45.62097918526508,0
,13.686049348778482,45.620827903247005,0
,13.68557326041349,45.62061988980125,0
,13.685007344055107,45.620210164075466,0
,13.684091098522483,45.61942222151653,0
,13.68368687255221,45.61913855946674,0
,13.682770627019586,45.61815518651039,0
,13.682456229042707,45.61791564431474,0
,13.682222676259881,45.61777696152012,0
,13.682141831065826,45.617581544268944,0
,13.681674725500173,45.61707723851803,0
,13.681027963947734,45.616396418512444,0
,13.680399167993976,45.61592362194653,0
,13.6802913744019,45.61573450219665,0
,13.679788337638893,45.6153436526791,0
,13.679249369678526,45.61485193487504,0
,13.679033782494379,45.61471324445331,0
,13.678476848935336,45.61427825861835,0
,13.678162450958455,45.6138369651704,0
,13.677389930215263,45.613244365613234,0
,13.677380947415923,45.61304262815566,0
,13.677003669843666,45.61285349862577,0
,13.6767611342615,45.6125950205633,0
,13.676779099860182,45.61239958513461,0
,13.676294028695851,45.61218523581166,0
,13.676159286705758,45.6121726270023,0
,13.67601556191633,45.6119582768062,0
,13.675782009133505,45.611725012420514,0
,13.675674215541429,45.61154848737142,0
,13.675126264781724,45.611069345133224,0
,13.674892711998899,45.61096216801603,0
,13.67456933122268,45.61060280794219,0
,13.674605262420036,45.6105082391165,0
,13.674156122453065,45.610079525093596,0
,13.673823758877505,45.609909299493154,0
,13.673536309298644,45.609562542031824,0
,13.673410550107892,45.609505799696336,0
,13.67324885971978,45.609335572343184,0
,13.673006324137615,45.60922208715221,0
,13.672368545384517,45.60845920848041,0
,13.671910422618206,45.60823223429765,0
,13.671811611825472,45.60802417381797,0
,13.671622973039343,45.607866551725266,0
,13.671272643865105,45.60742520749383,0
,13.67105705668096,45.6073117184122,0
,13.670805538299456,45.607072129591984,0
,13.670446226325877,45.606775794626216,0
,13.670410295128518,45.60668752433181,0
,13.670149793947676,45.60662447403595,0
,13.669988103559566,45.606454237880705,0
,13.670042000355604,45.60637227213902,0
,13.669574894789953,45.60600657736116,0
,13.669197617217696,45.60560304930409,0
,13.66897304723421,45.60546433585963,0
,13.66865864925733,45.605029277817,0
,13.667580713336594,45.60398890785674,0
,13.66706869377425,45.60354122753367,0
,13.66654769141256,45.60318812502386,0
,13.666116517044268,45.602683688986325,0
,13.665649411478617,45.60218555391902,0
,13.66494875313014,45.60187658183005,0
,13.664598423955903,45.60175047028108,0
,13.664499613163168,45.60156130242267,0
,13.664248094781664,45.60148563509951,0
,13.664059455995538,45.60134691140698,0
,13.663259986854326,45.60097487798146,0
,13.663098296466217,45.60081093025992,0
,13.66272101889396,45.60069742770867,0
,13.662514414509152,45.60055239633462,0
,13.662280861726327,45.60043258752359,0
,13.662074257341521,45.60028755546043,0
,13.661840704558696,45.60018666336783,0
,13.661481392585118,45.599865068603904,0
,13.661256822601631,45.599757869936944,0
,13.660987338621448,45.59970111761804,0
,13.660708871841926,45.59949302528766,0
,13.660547181453817,45.599322767348625,0
,13.6601788866809,45.59922187350969,0
,13.659065019562808,45.598490387716176,0
,13.65840927521103,45.598143559200885,0
,13.657897255648681,45.59780303455913,0
,13.657573874872462,45.597632771458194,0
,13.657358287688316,45.59753187456039,0
,13.657205580099545,45.597367916712,0
,13.656954061718041,45.59726071324266,0
,13.656711526135878,45.59715981567145,0
,13.656531870149086,45.59701477509288,0
,13.655939005392684,45.59662379426227,0
,13.65568748701118,45.5965481202364,0
,13.655588676218446,45.59636524091639,0
,13.655238347044207,45.59620758584866,0
,13.655112587853457,45.596182360996465,0
,13.654959880264686,45.596031011643504,0
,13.654618533889787,45.59587966187968,0
,13.65456463709375,45.59579137432766,0
,13.654313118712246,45.595690474097026,0
,13.654016686334044,45.59550759196355,0
,13.653872961544614,45.59550759196355,0
,13.653675339959147,45.59536885339312,0
,13.653540597969053,45.59520488918292,0
,13.653316027985568,45.59507245619956,0
,13.65297468161067,45.59468146174652,0
,13.652911802015295,45.59448596349168,0
,13.652687232031807,45.59422109379477,0
,13.652579438439735,45.59416433583887,0
,13.652552490041716,45.594069739117266,0
,13.65235486845625,45.593937303437386,0
,13.652022504880689,45.59349584889903,0
,13.651788952097863,45.5933760249212,0
,13.651591330512398,45.593237281046164,0
,13.651276932535517,45.59290303302034,0
,13.651016431354671,45.59281474075443,0
,13.6509086377626,45.592726448348685,0
,13.650827792568546,45.59243634374539,0
,13.6505672913877,45.59241111718681,0
,13.65040560099959,45.59225975759562,0
,13.650360687002895,45.591957037180585,0
,13.649444441470271,45.591067786456115,0
,13.64897733590462,45.59070199126109,0
,13.64867192072708,45.59036772803626,0
,13.648564127135005,45.590310966157546,0
,13.648429385144913,45.59013437327644,0
,13.648088038770016,45.58996408675428,0
,13.647953296779923,45.589951472917136,0
,13.64785448598719,45.589768571957876,0
,13.647656864401721,45.5896235121498,0
,13.647728726796437,45.58942799615924,0
,13.647692795599081,45.589327084411984,0
,13.647288569628806,45.58920094447113,0
,13.647288569628806,45.58910003231301,0
,13.647423311618896,45.589030655098355,0
,13.6470370512473,45.58882252293649,0
,13.64690230925721,45.58880360179234,0
,13.646857395260513,45.5887089959753,0
,13.646920274855889,45.58862069706791,0
,13.646749601668441,45.58848194135954,0
,13.64689332645787,45.58828642136624,0
,13.646866378059851,45.58816027907125,0
,13.646327410099486,45.58800260080127,0
,13.645977080925247,45.587706164446644,0
,13.645851321734495,45.58752325612256,0
,13.645572854954972,45.58747910574754,0
,13.645402181767524,45.587321425551444,0
,13.645267439777431,45.58728358223805,0
,13.64527642257677,45.587088058042966,0
,13.64484524820848,45.58656455440385,0
,13.644360177044147,45.58609150472005,0
,13.644081710264627,45.58586443944651,0
,13.643821209083782,45.5854039986926,0
,13.643650535896333,45.585246312629,0
,13.64340800031417,45.58474171422934,0
,13.642949877547856,45.583890194077114,0
,13.642689376367015,45.58353065944258,0
,13.642401926788152,45.582975583876525,0
,13.64206956321259,45.582325886140076,0
,13.6419348212225,45.582149267971324,0
,13.641692285640337,45.58167618083539,0
,13.641404836061474,45.58098862037741,0
,13.640731126111016,45.57995410977374,0
,13.640389779736116,45.579279144341854,0
,13.639743018183678,45.578175211313265,0
,13.639446585805475,45.57770839877449,0
,13.638988463039164,45.5768883132335,0
,13.638817789851716,45.57672429467859,0
,13.638557288670873,45.57623854459083,0
,13.63809018310522,45.575216563063385,0
,13.637829681924377,45.57473710848758,0
,13.637703922733625,45.574232415008915,0
,13.637551215144853,45.57374664322366,0
,13.637380541957405,45.57272461604687,0
,13.63733562796071,45.57253534970033,0
,13.637209868769956,45.572011709462814,0
,13.637030212783168,45.57130510279796,0
,13.636886487993737,45.570289340039494,0
,13.636859539595717,45.57019470281599,0
,13.636733780404967,45.57016946619594,0
,13.636643952411573,45.57023886687361,0
,13.636733780404967,45.57004959209483,0
,13.636913436391755,45.569885553433906,0
,13.636742763204305,45.56973413270347,0
,13.635395343303388,45.5698729350554,0
,13.6339401298104,45.56994233610187,0
,13.633023884277778,45.57005590126446,0
,13.631424945995358,45.57026410346223,0
,13.630643442452826,45.57038397710249,0
,13.629358902147287,45.57051646872103,0
,13.628218086631179,45.57047230488314,0
,13.627283875499876,45.570497541366215,0
,13.626385595565933,45.57047861400499,0
,13.624615984096065,45.57052277783789,0
,13.623026028612983,45.57058586896709,0
,13.621579797919333,45.570592178076105,0
,13.620052722031629,45.57059848718438,0
,13.616136221519634,45.57067419642816,0
,13.61570504715134,45.570667887328426,0
,13.613845607688077,45.57073097829356,0
,13.612462256589804,45.57075621465964,0
,13.611492114261145,45.57080037827282,0
,13.610548920330503,45.57086977816575,0
,13.610027917968816,45.57086977816575,0
,13.609614709199203,45.57084454185104,0
,13.608806257258653,45.57094548704142,0
,13.608276272097624,45.57092025076095,0
,13.60772832133792,45.57092655983213,0
,13.607189353377553,45.57100857769266,0
,13.606344970239647,45.57100857769266,0
,13.605779053881262,45.57058586896709,0
,13.605276017118253,45.570289340039494,0
,13.604728066358549,45.56989186262209,0
,13.604638238365155,45.569715205083284,0
,13.604512479174401,45.56968996824637,0
,13.603937580016678,45.569298795814596,0
,13.6035782680431,45.5691726105742,0
,13.603084214079429,45.56871203202521,0
,13.602967437688019,45.56825775904752,0
,13.602832695697925,45.56799907417153,0
,13.602697953707834,45.56799276476934,0
,13.602554228918406,45.56772776923276,0
,13.60243745252699,45.56768360318766,0
,13.602302710536899,45.567405987246524,0
,13.601754759777194,45.5669643226756,0
,13.601754759777194,45.56686967981276,0
,13.601620017787102,45.56686967981276,0
,13.601548155392386,45.56679396540692,0
,13.601278671412203,45.56673086999025,0
,13.600937325037304,45.56656682157302,0
,13.600586995863067,45.566446939732394,0
,13.600488185070335,45.56638384392335,0
,13.60053309906703,45.56629550967085,0
,13.600290563484865,45.56621979448599,0
,13.600074976300718,45.56607467342786,0
,13.599877354715252,45.56606836380807,0
,13.599805492320536,45.56599264831503,0
,13.59989532031393,45.565885384524044,0
,13.599823457919214,45.56580966878275,0
,13.599553973939031,45.56580966878275,0
,13.599059919975362,45.565367991577695,0
,13.598835349991877,45.565273346007544,0
,13.598790435995179,45.56518500999724,0
,13.598368244426226,45.56498309859151,0
,13.597874190462555,45.56454141484469,0
,13.597586740883695,45.56433950111045,0
,13.597451998893604,45.56435212074024,0
,13.59735318810087,45.56408079807088,0
,13.596930996531915,45.563866262933345,0
,13.596913030933237,45.563777924695856,0
,13.596356097374192,45.563481359590185,0
,13.595897974607881,45.563020734067344,0
,13.595484765838265,45.56278095489337,0
,13.595341041048835,45.562610584854276,0
,13.594748176292432,45.56224460301182,0
,13.594568520305643,45.56209947161664,0
,13.594406829917533,45.56210578168516,0
,13.594236156730084,45.56194171967213,0
,13.594182259934048,45.56173979653256,0
,13.594074466341974,45.56156311318615,0
,13.593643291973681,45.56131070743539,0
,13.593526515582269,45.56127284647431,0
,13.593095341213976,45.560894235451144,0
,13.593059410016618,45.56080589250953,0
,13.592942633625205,45.56075541076584,0
,13.592888736829167,45.5606670676045,0
,13.59223299247739,45.56014331599055,0
,13.592008422493903,45.56002973065468,0
,13.591873680503811,45.55985304189506,0
,13.591532334128914,45.55956907664536,0
,13.591343695342784,45.55933559302448,0
,13.591208953352693,45.559304041108916,0
,13.590732864987702,45.558950658436096,0
,13.590319656218089,45.55881182891683,0
,13.590247793823373,45.55852785837015,0
,13.589942378645834,45.558206023337505,0
,13.589753739859704,45.5579599129429,0
,13.589601032270933,45.55800408668338,0
,13.58949323867886,45.55795360240569,0
,13.589556118274237,45.55786525480992,0
,13.589511204277539,45.55777059651639,0
,13.589358496688769,45.55776428595778,0
,13.588882408323778,45.55741089353712,0
,13.588460216754827,45.55717740088894,0
,13.588020059587194,45.55669148062513,0
,13.587912265995119,45.55664099516036,0
,13.587705661610313,45.556394877865785,0
,13.587400246432772,45.55619924539605,0
,13.587283470041358,45.55602885526705,0
,13.586933140867123,45.555871086165396,0
,13.586897209669763,45.555776424490375,0
,13.586663656886937,45.55567545186008,0
,13.586528914896846,45.55567545186008,0
,13.58613367172591,45.55515796426348,0
,13.585594703765544,45.554848731580734,0
,13.585370133782058,45.55472882456943,0
,13.584947942213105,45.554356480103316,0
,13.584777269025654,45.554186084349865,0
,13.584283215061987,45.553996755124984,0
,13.583555608315493,45.553668582947566,0
,13.583268158736631,45.553435074646714,0
,13.582522586391457,45.553151076748364,0
,13.581803962444303,45.55274085501146,0
,13.581058390099129,45.55245685358179,0
,13.580501456540084,45.55213498354842,0
,13.579800798191606,45.55181942289084,0
,13.578381515895975,45.55114411709142,0
,13.577222734781188,45.55055716242547,0
,13.576162764459134,45.55005225024922,0
,13.575003983344347,45.54951577605923,0
,13.574186548604457,45.54905503528776,0
,13.573378096663909,45.54867634139621,0
,13.57291099109826,45.54847437027059,0
,13.572416937134589,45.548285021676875,0
,13.571806106779507,45.547982062591416,0
,13.571141379628388,45.547622296542556,0
,13.569847856523511,45.546978498880684,0
,13.569057370181639,45.5465682317928,0
,13.568212987043731,45.54619583290334,0
,13.567314707109787,45.545703505136096,0
,13.567054205928944,45.54560882622172,0
,13.56676675635008,45.54540053204506,0
,13.565913390412835,45.5450281253688,0
,13.564512073715884,45.544264368314614,0
,13.56425157253504,45.544175999055646,0
,13.564179710140325,45.54410025386526,0
,13.563883277762123,45.54403082068382,0
,13.563353292601096,45.54367734133084,0
,13.562526875061868,45.543298610970005,0
,13.5616914747233,45.542787320909,0
,13.561323179950382,45.54264213892729,0
,13.560146433236916,45.5420361578853,0
,13.559544585681174,45.54176472674486,0
,13.559239170503632,45.541543793447474,0
,13.559005617720807,45.5414427950776,0
,13.55883494453336,45.54128498475904,0
,13.558403770165064,45.54104511222087,0
,13.557774974211306,45.54080523865253,0
,13.557577352625836,45.540672676501735,0
,13.55704736746481,45.540350738540035,0
,13.556337726316993,45.540035111286045,0
,13.555583171172481,45.53958691752092,0
,13.5553136871923,45.53954272920844,0
,13.554765736432593,45.53920815942272,0
,13.554271682468924,45.53899984137397,0
,13.553939318893365,45.53880414795384,0
,13.553508144525072,45.53841275905676,0
,13.553346454136962,45.538248627412806,0
,13.552942228166687,45.53813499753065,0
,13.552358346209623,45.53777516804553,0
,13.55210682782812,45.537686788519174,0
,13.551738533055202,45.53757315749414,0
,13.551388203880965,45.53742796195908,0
,13.55100194350937,45.537124943974625,0
,13.550525855144377,45.5369229310718,0
,13.550382130354945,45.5369229310718,0
,13.550157560371462,45.53669566568293,0
,13.549825196795902,45.536525216034484,0
,13.549564695615059,45.53644314749975,0
,13.54936707402959,45.536291636041994,0
,13.549331142832234,45.53620325416851,0
,13.548962848059316,45.536064368084816,0
,13.54873827807583,45.53594442073467,0
,13.548450828496968,45.535900229540744,0
,13.548378966102252,45.535818160087864,0
,13.548028636928015,45.53566664693499,0
,13.547345944178218,45.53553407258915,0
,13.546600371833044,45.535218418118454,0
,13.545917679083246,45.535073216463026,0
,13.544947536754586,45.53471968041956,0
,13.543824686837159,45.53438508174631,0
,13.543555202856973,45.53432826290463,0
,13.542656922923031,45.53398103539437,0
,13.541255606226077,45.53354541964766,0
,13.540366309091475,45.53329920054924,0
,13.539360235565457,45.53297722009096,0
,13.536710309760322,45.53215647719607,0
,13.53543475225412,45.53172084722314,0
,13.533907676366416,45.531278900301565,0
,13.532865671643043,45.53100741688791,0
,13.531581131337504,45.53059071884966,0
,13.53129368175864,45.53054652342088,0
,13.530161849041871,45.529940411156424,0
,13.529308483104625,45.529441626340656,0
,13.527754458818903,45.52870922537781,0
,13.52648788411204,45.52802101227647,0
,13.525176395408483,45.52739593064641,0
,13.52395473469832,45.52684029666079,0
,13.52280493638287,45.52625308655782,0
,13.522113260833734,45.52593106549455,0
,13.520936514120269,45.52537541694372,0
,13.519454352229262,45.52461139116543,0
,13.518295571114475,45.524036786384386,0
,13.516849340420826,45.52332957238983,0
,13.51533124733246,45.52265392208978,0
,13.514406019000498,45.522249790903615,0
,13.513193341089673,45.52163095936167,0
,13.51259149353393,45.52132785569842,0
,13.511297970429052,45.5209868621125,0
,13.510336810899734,45.52068375495635,0
,13.508998373798155,45.52032381307345,0
,13.507920437877424,45.5200649060753,0
,13.507076054739516,45.519793368179016,0
,13.506114895210198,45.51954708848116,0
,13.504659681717209,45.519117675130516,0
,13.503788350181281,45.51883981767512,0
,13.503051760635449,45.51869457345557,0
,13.501794168727926,45.51831567371508,0
,13.500491662823707,45.517968346696755,0
,13.4990095009327,45.51756418163141,0
,13.497500390643674,45.517122122745235,0
,13.49617093634144,45.51669269076553,0
,13.494778602443827,45.516320092698514,0
,13.493673718125073,45.51604853661052,0
,13.49339525134555,45.51595380743229,0
,13.492002917447937,45.515600150415224,0
,13.491302259099463,45.51535385224245,0
,13.490628549149005,45.51520859896519,0
,13.489335026044124,45.5148233601847,0
,13.487933709347173,45.51445074965834,0
,13.486469513054844,45.514002350647694,0
,13.485292766341379,45.51369920561703,0
,13.48416093362461,45.51342132122824,0
,13.483909415243106,45.513313956435404,0
,13.482615892138227,45.512935020224376,0
,13.481502025020136,45.512587659774724,0
,13.480280364309971,45.51222135005351,0
,13.47966953395489,45.512101351519526,0
,13.478528718438781,45.5117855646731,0
,13.477450782518048,45.51151398655865,0
,13.476875883360325,45.511431881287606,0
,13.476229121807885,45.511160301455206,0
,13.475420669867336,45.51101503728243,0
,13.474764925515556,45.51080029824874,0
,13.472905486052294,45.510320290367765,0
,13.47215991370712,45.510067652985775,0
,13.4705609754247,45.50968869477247,0
,13.470471147431304,45.5096129028216,0
,13.4705609754247,45.509537110768036,0
,13.470830459404883,45.509511846727314,0
,13.470965201394975,45.509467634628656,0
,13.471019098191011,45.50937289429945,0
,13.470884356200921,45.5092149933941,0
,13.470596906622058,45.5091518329071,0
,13.470534027026682,45.50906972416737,0
,13.470569958224038,45.50888024200007,0
,13.470507078628664,45.50850759186461,0
,13.471010115391671,45.507560165082914,0
,13.472061102914386,45.50663167126288,0
,13.472671933269469,45.50610109644398,0
,13.472986331246348,45.50560841531891,0
,13.473713937992844,45.50473042152863,0
,13.474190026357833,45.504212461892934,0
,13.474782891114234,45.503530263833326,0
,13.475142203087813,45.50304387680195,0
,13.475636257051484,45.502538535146115,0
,13.476184207811189,45.50181209851638,0
,13.476974694153059,45.500959313042166,0
,13.47743281691937,45.50035287990541,0
,13.477765180494929,45.500024392544354,0
,13.478151440866524,45.49908945641933,0
,13.478295165655956,45.498805182202105,0
,13.478456856044065,45.4986282997378,0
,13.478798202418965,45.49797130283046,0
,13.479013789603112,45.49728271125133,0
,13.47969648235291,45.497093189145694,0
,13.48001088032979,45.49703633238882,0
,13.48125948943797,45.49655620635944,0
,13.4817445606023,45.49638563427802,0
,13.482499115746814,45.49637931678353,0
,13.483424344078776,45.4965246189762,0
,13.484565159594883,45.49686576177138,0
,13.484807695177048,45.49695420586016,0
,13.48495141996648,45.496941570998885,0
,13.486568323847578,45.49738378944514,0
,13.487242033798037,45.49756699320587,0
,13.487709139363687,45.49763648413054,0
,13.4884636945082,45.497863908371436,0
,13.489200284054036,45.49798393745914,0
,13.489523664830253,45.49795866819894,0
,13.489829080007794,45.49804711055975,0
,13.491311241898801,45.49828085041162,0
,13.491975969049921,45.49841983040108,0
,13.492685610197736,45.49853354104468,0
,13.493467113740266,45.498571444541184,0
,13.49374558051979,45.49864725145715,0
,13.494473187266285,45.49874200995761,0
,13.494742671246467,45.498830451079904,0
,13.49502113802599,45.49886835437523,0
,13.495137914417402,45.49893784368326,0
,13.49502113802599,45.49910209079545,0
,13.495676882377769,45.49895047809361,0
,13.495937383558614,45.49900101570655,0
,13.49659312791039,45.499076822040344,0
,13.496925491485952,45.499241068744446,0
,13.496817697893878,45.49929792326041,0
,13.496691938703124,45.49926633742534,0
,13.496826680693216,45.49922211722627,0
,13.49694345708463,45.49926633742534,0
,13.496970405482648,45.49947480360721,0
,13.496853629091236,45.49977802575756,0
,13.496386523525587,45.50013178285543,0
,13.495829589966538,45.50066873131792,0
,13.495389432798905,45.50094667908555,0
,13.495272656407494,45.501123554218516,0
,13.494751654045807,45.501483619725164,0
,13.494311496878174,45.501881584167315,0
,13.493862356911203,45.50229849626006,0
,13.493574907332341,45.50263328705438,0
,13.49293712857924,45.503252328904765,0
,13.492541885408304,45.5035492138918,0
,13.492182573434729,45.503959796915204,0
,13.491859192658508,45.504168245604234,0
,13.491437001089555,45.50455355780214,0
,13.490709394343058,45.5053747060879,0
,13.49068244594504,45.50546945319116,0
,13.49085311913249,45.50531785774888,0
,13.491706485069736,45.505381022566446,0
,13.491913089454544,45.50549471905826,0
,13.49261374780302,45.50558946595819,0
,13.492973059776599,45.50574737710136,0
,13.493646769727057,45.5058863385385,0
,13.494006081700633,45.50596845195268,0
,13.494491152864963,45.50622110785548,0
,13.494778602443827,45.506277955276275,0
,13.495012155226652,45.50642323175583,0
,13.495335536002871,45.50640428267121,0
,13.49662905910775,45.506637987599476,0
,13.497320734656887,45.50668851826636,0
,13.497715977827822,45.50682116104967,0
,13.498740016952517,45.5070738130999,0
,13.499719142080517,45.5070738130999,0
,13.500356920833616,45.50728225018202,0
,13.500635387613139,45.507402259058665,0
,13.501336045961615,45.50737699405339,0
,13.501623495540477,45.507465421521864,0
,13.503051760635449,45.50762332736778,0
,13.503473952204402,45.50760437868983,0
,13.50413867935552,45.50776860035217,0
,13.504713578513243,45.507762284143325,0
,13.505099838884838,45.507907556766725,0
,13.505656772443885,45.5079959833962,0
,13.506348447993023,45.507894924379684,0
,13.50779467868667,45.50805282901275,0
,13.508585165028542,45.50810335840114,0
,13.509133115788247,45.50828021090098,0
,13.510022412922853,45.50834337237252,0
,13.510750019669347,45.50829915934994,0
,13.51101950364953,45.5084128499088,0
,13.511324918827071,45.5084128499088,0
,13.512573527935253,45.5082738947499,0
,13.513265203484389,45.50819810088133,0
,13.513804171444756,45.50807809371263,0
,13.514073655424937,45.507989667213025,0
,13.514639571783324,45.507989667213025,0
,13.51516955694435,45.50812862307821,0
,13.51595106048688,45.508204417040986,0
,13.516337320858478,45.508286527051354,0
,13.516957134012898,45.508147571578526,0
,13.517199669595062,45.508033880480326,0
,13.517756603154108,45.50805282901275,0
,13.51803506993363,45.50815388774388,0
,13.518439295903905,45.50817283623566,0
,13.51885250467352,45.50831810779247,0
,13.519553163021996,45.50838758536015,0
,13.520083148183023,45.50848232735878,0
,13.520406528959242,45.50864654644279,0
,13.520855668926215,45.50872865580394,0
,13.521098204508379,45.508867609832755,0
,13.521421585284598,45.5089244545632,0
,13.521789880057515,45.50900024744723,0
,13.522086312435716,45.50901919565219,0
,13.5220593640377,45.50911393658066,0
,13.521816828455535,45.509031827785265,0
,13.521538361676011,45.508836029402,0
,13.52139463688658,45.50882339722468,0
,13.521295826093848,45.50889919024569,0
,13.521286843294508,45.50898761530702,0
,13.521664120866765,45.50902551171908,0
,13.522140209231754,45.50896235101806,0
,13.522867815978248,45.50903814385071,0
,13.523083403162394,45.5089244545632,0
,13.523397801139275,45.508665494767605,0
,13.523766095912192,45.50848864348631,0
,13.524493702658685,45.50846969510156,0
,13.524574547852742,45.508570753079326,0
,13.525400965391968,45.50840653377271,0
,13.526074675342427,45.508160203908524,0
,13.526802282088923,45.50807177753875,0
,13.527520906036077,45.50793913772187,0
,13.528167667588516,45.507743335512444,0
,13.528607824756149,45.507692805798705,0
,13.529191706713213,45.50780018138582,0
,13.529416276696699,45.50792018915094,0
,13.529658812278864,45.508008615760424,0
,13.530323539429983,45.50783176240161,0
,13.531006232179777,45.50757911377587,0
,13.53129368175864,45.50748437024692,0
,13.531572148538164,45.50735804529196,0
,13.531868580916365,45.50730119896914,0
,13.532856688843705,45.5066948345965,0
,13.533476501998125,45.50644849719201,0
,13.534168177547262,45.50606951445077,0
,13.534743076704984,45.505955819127564,0
,13.535048491882526,45.50573474422632,0
,13.53531797586271,45.50565894691611,0
,13.535650339438268,45.50547576965901,0
,13.53594677181647,45.50552630137606,0
,13.536368963385423,45.50557683304748,0
,13.536836068951075,45.505513668451094,0
,13.537141484128616,45.505557883676026,0
,13.537428933707476,45.50557051659102,0
,13.537626555292945,45.505696845584055,0
,13.538470938430851,45.50541260494846,0
,13.539027871989896,45.505090463814966,0
,13.540312412295437,45.50462304004711,0
,13.540941208249198,45.50438301010757,0
,13.541120864235987,45.50421877850273,0
,13.54137238261749,45.5041619289887,0
,13.541758642989087,45.504351427144115,0
,13.54219880015672,45.50443354281204,0
,13.542468284136902,45.50450934178311,0
,13.543231822080754,45.50448407547083,0
,13.543654013649709,45.50461040691808,0
,13.544381620396202,45.504566190944004,0
,13.544651104376387,45.50459145721918,0
,13.546070386672017,45.50481885318214,0
,13.54665426862908,45.504926234287666,0
,13.547265098984163,45.505039931704076,0
,13.547561531362364,45.50503361518702,0
,13.547831015342547,45.505090463814966,0
,13.54810049932273,45.50510941334479,0
,13.548801157671207,45.5052799588241,0
,13.549780282799206,45.50539997199781,0
,13.550507889545699,45.50539997199781,0
,13.550777373525884,45.50549471905826,0
,13.551325324285589,45.50559578241248,0
,13.551585825466432,45.50570316202623,0
,13.551846326647276,45.5057536935378,0
,13.552645795788486,45.50608214725019,0
,13.552906296969327,45.506164260376856,0
,13.553571024120448,45.50639796630823,0
,13.554271682468924,45.50658745688692,0
,13.555223859198906,45.50689064047729,0
,13.55546639478107,45.50699801760469,0
,13.556149087530867,45.50713697593409,0
,13.556517382303785,45.5072190875119,0
,13.556176035928885,45.50750963520367,0
,13.55593350034672,45.50757911377587,0
,13.55574486156059,45.5077307030883,0
,13.555367583988337,45.5081159907411,0
,13.555053186011454,45.50832442393856,0
,13.554550149248447,45.508817081134964,0
,13.55434354486364,45.50908867234878,0
,13.553849490899971,45.50952447874912,0
,13.553535092923092,45.50976448662059,0
,13.553184763748853,45.50989080613919,0
,13.553112901354137,45.50997922963239,0
,13.552789520577917,45.509991861548606,0
,13.551415152278983,45.50980238250616,0
,13.550723476729846,45.50963185081896,0
,13.550058749578726,45.50940447442701,0
,13.549573678414397,45.50937289429945,0
,13.549007762056013,45.50938552635261,0
,13.54888200286526,45.509423422495,0
,13.548837088868563,45.50951816273858,0
,13.54857658768772,45.50972027472169,0
,13.548307103707536,45.509796066527024,0
,13.548010671329335,45.509833962391156,0
,13.547759152947831,45.50993501790329,0
,13.547067477398693,45.509758170637184,0
,13.546744096622476,45.50959395481785,0
,13.546276991056825,45.509196045255486,0
,13.54537871112288,45.508570753079326,0
,13.544965502353266,45.508292843200984,0
,13.544049256820644,45.50736436154649,0
,13.543195890883398,45.506530609780725,0
,13.54248624973558,45.5058863385385,0
,13.542055075367289,45.505482086126136,0
,13.541462210610884,45.50488833509749,0
,13.54088731145316,45.504313527564385,0
,13.540797483459766,45.50425036154114,0
,13.540689689867694,45.504294577764895,0
,13.541102898637307,45.50437037692432,0
,13.541902367778519,45.504837802803976,0
,13.542944372501891,45.50514099588019,0
,13.543995360024606,45.50544418731265,0
,13.544327723600166,45.50549471905826,0
,13.544821777563834,45.50560209886605,0
,13.545037364747982,45.5057157949084,0
,13.545181089537413,45.50574106066418,0
,13.545459556316935,45.50597476836417,0
,13.545729040297118,45.50600635041087,0
,13.545935644681924,45.506132678419334,0
,13.546483595441632,45.50577895927647,0
,13.54729204738218,45.50502098215075,0
,13.547534582964344,45.50476832082582,0
,13.547516617365666,45.50420614528238,0
,13.547678307753776,45.503934530354655,0
,13.547750170148491,45.50344814683911,0
,13.547911860536601,45.50316389477424,0
,13.547965757332639,45.50297439259502,0
,13.54810049932273,45.50280384008476,0
,13.548522690891684,45.50191316852556,0
,13.548765226473847,45.50179314786933,0
,13.54905267605271,45.50179946475238,0
,13.55014857757212,45.50207109004927,0
,13.550840253121258,45.50222901112707,0
,13.55159480826577,45.50224164479402,0
,13.552070896630761,45.50229849626006,0
,13.55352611012375,45.502279545777796,0
,13.555592153971821,45.50250063433784,0
,13.556732969487928,45.5027343555796,0
,13.558269028174973,45.50298702609362,0
,13.55866427134591,45.50310704418789,0
,13.558502580957798,45.503264962340594,0
,13.55801750979347,45.50364396408781,0
,13.557451593435086,45.50397243019119,0
,13.55592451754738,45.50443354281204,0
,13.554909461222024,45.50490728469579,0
,13.554361510462318,45.5052799588241,0
,13.553732714508557,45.505722111348405,0
,13.553535092923092,45.50587370569484,0
,13.553103918554797,45.506132678419334,0
,13.552555967795092,45.506612722248896,0
,13.552070896630761,45.5069917013088,0
,13.551028891907388,45.507869659597006,0
,13.550543820743059,45.50832442393856,0
,13.55031026796023,45.50843179831282,0
,13.55019349156882,45.50859601754522,0
,13.549941973187316,45.50868444308598,0
,13.549627575210435,45.50887392591677,0
,13.548783192072529,45.509196045255486,0
,13.548019654128677,45.509328682090896,0
,13.547265098984163,45.50966343080028,0
,13.546753079421814,45.50986554225831,0
,13.546223094260787,45.51004870513612,0
,13.545926661882586,45.51026976298268,0
,13.54553141871165,45.51036450179228,0
,13.545333797126185,45.51061082194591,0
,13.544947536754586,45.51069292842263,0
,13.544785846366477,45.51083187757014,0
,13.544525345185633,45.51077503477879,0
,13.544390603195541,45.51081292997945,0
,13.544983467951944,45.51047187224906,0
,13.545252951932127,45.510433976817275,0
,13.545773954293814,45.510452924536374,0
,13.54603445547466,45.51052239945148,0
,13.54633088785286,45.51070556017759,0
,13.546600371833044,45.51076240303956,0
,13.547705256151794,45.51059819016954,0
,13.548298120908196,45.510029757280044,0
,13.548639467283097,45.50949921470271,0
,13.548639467283097,45.50922762548293,0
,13.54857658768772,45.509145516854495,0
,13.548630484483757,45.50905077597951,0
,13.548495742493666,45.508785500675636,0
,13.548361000503574,45.508614965887155,0
,13.548459811296306,45.50812230691002,0
,13.548549639289703,45.50793913772187,0
,13.548953865259977,45.50766754092473,0
,13.54904369325337,45.50747805400595,0
,13.549573678414397,45.506985385012165,0
,13.550229422766176,45.506063198049986,0
,13.550714493930506,45.505210477395316,0
,13.550992960710028,45.504755687729606,0
,13.55112770270012,45.504585140651464,0
,13.551334307084927,45.50423141172024,0
,13.551702601857846,45.503726080794515,0
,13.552070896630761,45.50322706202461,0
,13.552421225805,45.50265223741677,0
,13.553023073360743,45.501875267293514,0
,13.553436282130356,45.50124989325676,0
,13.55418185447553,45.5001696852689,0
,13.55527775599494,45.49854617554639,0
,13.55593350034672,45.497617532068745,0
,13.556409588711709,45.49690998383325,0
,13.556526365103124,45.49684680944844,0
,13.556921608274058,45.49713109361821,0
,13.557155161056883,45.49762384942339,0
,13.557514473030462,45.49805342786588,0
,13.557622266622534,45.49823031214802,0
,13.557631249421874,45.49841983040108,0
,13.55784683660602,45.49855249279615,0
,13.558376821767048,45.49936741203481,0
,13.558745116539965,45.49987909944239,0
,13.559005617720807,45.50040973329131,0
,13.559355946895046,45.500839290339066,0
,13.55946374048712,45.501028799752554,0
,13.559894914855413,45.50165417626138,0
,13.560362020421064,45.50215952590777,0
,13.560703366795961,45.50258906951714,0
,13.56073031519398,45.50277857300196,0
,13.561314197151043,45.50358079730831,0
,13.561987907101502,45.50410507941688,0
,13.56281432464073,45.50487570202837,0
,13.563263464607703,45.50526732584346,0
,13.563784466969388,45.5056399975725,0
,13.564467159719186,45.50602529963034,0
,13.565113921271626,45.50632216989697,0
,13.565293577258414,45.50649271167783,0
,13.566003218406228,45.50696643611804,0
,13.56662303156065,45.5074085753082,0
,13.567368603905825,45.507806497590394,0
,13.568311797836467,45.508374953081535,0
,13.568599247415326,45.508589701429806,0
,13.568985507786923,45.50864023033307,0
,13.569272957365785,45.508558120842096,0
,13.569497527349272,45.50831179164567,0
,13.56966820053672,45.50792018915094,0
,13.569892770520207,45.50781281379427,0
,13.570449704079252,45.50775596793375,0
,13.570674274062737,45.507869659597006,0
,13.570934775243582,45.50808440988583,0
,13.57176119278281,45.508374953081535,0
,13.572111521957048,45.50851390798931,0
,13.572237281147801,45.508494959613124,0
,13.572596593121377,45.50860233365993,0
,13.573000819091654,45.508627598111545,0
,13.573126578282404,45.5085833853137,0
,13.573342165466551,45.50833074008391,0
,13.573378096663909,45.50814125541248,0
,13.573279285871173,45.50776860035217,0
,13.573405045061927,45.50726330138846,0
,13.573629615045412,45.5065116607325,0
,13.573800288232862,45.506031616035386,0
,13.573872150627578,45.50552630137606,0
,13.574231462601157,45.504534608083986,0
,13.574518912180018,45.50355553057652,0
,13.574851275755577,45.50247536711809,0
,13.575084828538403,45.50189421791275,0
,13.575210587729154,45.50171102832456,0
,13.575300415722548,45.501009848840084,0
,13.575471088909998,45.500220221780296,0
,13.575677693294805,45.4996643176438,0
,13.575713624492161,45.49936741203481,0
,13.575336346919906,45.49928528892853,0
,13.575066862939725,45.49924738591573,0
,13.575030931742365,45.49895679529776,0
,13.574941103748971,45.49876727886397,0
,13.574878224153593,45.49845773397462,0
,13.574734499364164,45.49826821585,0
,13.574680602568128,45.4980786970833,0
,13.574563826176714,45.4977881003939,0
,13.574384170189926,45.49660042866604,0
,13.57430332499587,45.49620242664829,0
,13.57401587541701,45.49595604302779,0
,13.573423010660605,45.49563384742515,0
,13.572776249108166,45.49490100345778,0
,13.571779158381489,45.494161832145366,0
,13.570889861246885,45.49340369757714,0
,13.570701222460757,45.49325838727832,0
,13.570440721279912,45.49320784447722,0
,13.569605320941344,45.49332156571549,0
,13.568284849438447,45.49356164312609,0
,13.565787631222085,45.49393439285364,0
,13.56442224572249,45.49419973860408,0
,13.563056860222895,45.494515624761334,0
,13.562221459884327,45.49471779096591,0
,13.560936919578786,45.49502735655085,0
,13.560110502039558,45.49519161514521,0
,13.558718168141946,45.49541904932581,0
,13.558089372188185,45.49562121226566,0
,13.556706021089912,45.495842327144636,0
,13.555996379942096,45.49591182021181,0
,13.553445264929694,45.49656884130774,0
,13.552816468975934,45.4967204604648,0
,13.55191818904199,45.497030014967805,0
,13.550319250759571,45.49747223271489,0
,13.548783192072529,45.49788286034979,0
,13.547965757332639,45.4980786970833,0
,13.546456647043613,45.498508272032744,0
,13.545666160701742,45.498678837641805,0
,13.545540401510989,45.498723058270386,0
,13.545495487514293,45.4988114994226,0
,13.546043438274,45.499095773607735,0
,13.547399840974252,45.499203165701694,0
,13.548953865259977,45.49911472516872,0
,13.553346454136962,45.49926633742534,0
,13.554891495623345,45.49937372919181,0
,13.556283829520957,45.49934214339955,0
,13.55707431586283,45.49934214339955,0
,13.557936664599415,45.49936109487706,0
,13.559858983658055,45.499392680658616,0
,13.560146433236916,45.49938004634813,0
,13.56090098838143,45.49946216931529,0
,13.562347219075079,45.49946216931529,0
,13.563883277762123,45.49941794927102,0
,13.566119994797642,45.499468486461595,0
,13.56711708552432,45.499386363503746,0
,13.567979434260906,45.49945585216826,0
,13.571033586036314,45.49946216931529,0
,13.572039659562332,45.49939899781278,0
,13.57350385585466,45.49949375503977,0
,13.575201604929813,45.49951902360651,0
,13.57604598806772,45.49952534074644,0
,13.576324454847244,45.49950638932457,0
,13.577159855185812,45.49947480360721,0
,13.577294597175904,45.49945585216826,0
,13.577393407968637,45.49952534074644,0
,13.577285614376565,45.49978434286822,0
,13.577626960751463,45.499942270402656,0
,13.5786599826755,45.50020758765673,0
,13.579306744227937,45.50039709921053,0
,13.579495383014066,45.500150734065365,0
,13.579396572221333,45.49997385585605,0
,13.57927979582992,45.49992331912208,0
,13.579019294649076,45.499935953309844,0
,13.578911501057004,45.49999912420592,0
,13.57893844945502,45.500270758246,0
,13.579028277448414,45.50034024581183,0
,13.578992346251058,45.50052975691616,0
,13.578992346251058,45.50071295037334,0
,13.579719952997552,45.50090877719856,0
,13.579980454178395,45.50097194699591,0
,13.58038468014867,45.50099089792123,0
,13.58117516649054,45.50097194699591,0
,13.581768031246943,45.50145835204594,0
,13.582567500388155,45.501944752865974,0
,13.583169347943896,45.50238061494226,0
,13.583762212700298,45.50267750455664,0
,13.584480836647455,45.50294912558928,0
,13.585370133782058,45.503094410716415,0
,13.586097740528555,45.50332812947683,0
,13.586861278472407,45.5034670969254,0
,13.587085848455892,45.503574480626426,0
,13.587337366837396,45.50360606402867,0
,13.58741821203145,45.503681864121276,0
,13.587328384038056,45.50374503078664,0
,13.587202624847304,45.50371976412905,0
,13.586708570883635,45.50327759577353,0
,13.586421121304774,45.50307546050382,0
,13.586052826531855,45.50295544234178,0
,13.585801308150351,45.50299334284185,0
,13.585756394153654,45.50317652823003,0
,13.585962998538461,45.50328391248895,0
,13.586097740528555,45.503264962340594,0
,13.586304344913358,45.50339761324428,0
,13.586708570883635,45.50380819738064,0
,13.587669730412955,45.5044967086284,0
,13.587903283195779,45.504604090352494,0
,13.588514113550861,45.50498308302476,0
,13.589313582692073,45.505381022566446,0
,13.58985255065244,45.50572842778771,0
,13.590148983030641,45.50574106066418,0
,13.591137090957977,45.5056399975725,0
,13.592637218447663,45.50561473177106,0
,13.594227173930745,45.505482086126136,0
,13.595574593831659,45.50524837636717,0
,13.595978819801935,45.505242059873645,0
,13.596499822163624,45.50526732584346,0
,13.596598632956356,45.50520416089751,0
,13.59591594020656,45.50525469285998,0
,13.595700353022412,45.50514099588019,0
,13.595475783038927,45.50428194456166,0
,13.59509850546667,45.50355553057652,0
,13.595026643071954,45.503378663134434,0
,13.595367989446855,45.503252328904765,0
,13.59574526701911,45.50316389477424,0
,13.596239320982779,45.50306282702523,0
,13.59637406297287,45.50306282702523,0
,13.596454908166926,45.50313231112229,0
,13.596436942568246,45.50322706202461,0
,13.596832185739181,45.50313231112229,0
,13.596966927729275,45.50312599438975,0