2022-09-24T14:38:33Z,16.43070964,43.50258008,0
2022-09-24T14:39:57Z,16.43065011,43.5025996,0
2022-09-24T14:43:57Z,16.43077836,43.50249772,0
2022-09-24T14:44:57Z,16.43112011,43.50266427,0
2022-09-24T14:45:18Z,16.43135606,43.50258991,0
2022-09-24T14:45:42Z,16.43151354,43.5024119,0
2022-09-24T14:46:33Z,16.43136636,43.50213081,0
2022-09-24T14:47:06Z,16.43149935,43.50202689,0
2022-09-24T14:47:21Z,16.43156541,43.5020807,0
2022-09-24T14:47:48Z,16.43158035,43.50236304,0
2022-09-24T14:48:03Z,16.43149044,43.50253924,0
2022-09-24T14:49:09Z,16.43084056,43.5031961,0
2022-09-24T14:49:48Z,16.43024088,43.50363496,0
2022-09-24T14:50:06Z,16.43037094,43.50388103,0
2022-09-24T14:50:33Z,16.43083298,43.50413934,0
2022-09-24T14:50:51Z,16.4312202,43.50414047,0
2022-09-24T14:51:15Z,16.43172045,43.50396212,0
2022-09-24T14:52:06Z,16.43290143,43.50322863,0
2022-09-24T14:52:18Z,16.4331012,43.50300878,0
2022-09-24T14:54:54Z,16.43223369,43.49945792,0
2022-09-24T14:55:54Z,16.43206414,43.49805457,0
2022-09-24T14:57:39Z,16.43108008,43.49550823,0
2022-09-24T14:59:06Z,16.42993055,43.49335967,0
2022-09-24T15:00:39Z,16.42935551,43.49094796,0
2022-09-24T15:01:21Z,16.42890958,43.48994476,0
2022-09-24T15:03:51Z,16.4280957,43.48614468,0
2022-09-24T15:04:21Z,16.42776526,43.48543758,0
2022-09-24T15:05:24Z,16.4267647,43.48403059,0
2022-09-24T15:11:15Z,16.4259978,43.47509402,0
2022-09-24T15:14:45Z,16.42525291,43.46960568,0
2022-09-24T15:15:24Z,16.42543888,43.46857266,0
2022-09-24T15:17:42Z,16.4256186,43.46489654,0
2022-09-24T15:19:00Z,16.42562486,43.46279785,0
2022-09-24T15:19:36Z,16.42546935,43.46182647,0
2022-09-24T15:22:54Z,16.42401302,43.45654081,0
2022-09-24T15:31:39Z,16.41972766,43.44334383,0
2022-09-24T15:36:30Z,16.41824844,43.43585808,0
2022-09-24T15:38:33Z,16.41770955,43.43272136,0
2022-09-24T15:42:24Z,16.41643802,43.42661755,0
2022-09-24T15:44:15Z,16.41595972,43.42371608,0
2022-09-24T15:45:33Z,16.41547931,43.42155923,0
2022-09-24T15:47:21Z,16.41463261,43.41860617,0
2022-09-24T15:47:48Z,16.41454197,43.41785756,0
2022-09-24T15:49:06Z,16.41469616,43.41571679,0
2022-09-24T15:50:21Z,16.41440731,43.41367833,0
2022-09-24T15:51:21Z,16.4143556,43.41218003,0
2022-09-24T15:53:00Z,16.41410822,43.40973804,0
2022-09-24T15:54:54Z,16.41455446,43.40691681,0
2022-09-24T15:55:51Z,16.41466723,43.40546964,0
2022-09-24T15:56:18Z,16.41493284,43.40486073,0
2022-09-24T15:57:51Z,16.41545039,43.40259846,0
2022-09-24T16:01:15Z,16.41619294,43.39740758,0
2022-09-24T16:02:57Z,16.41568476,43.39487427,0
2022-09-24T16:04:21Z,16.41495664,43.39278386,0
2022-09-24T16:05:30Z,16.41463861,43.39103789,0
2022-09-24T16:06:00Z,16.41515489,43.39040179,0
2022-09-24T16:06:48Z,16.41562299,43.38923578,0
2022-09-24T16:09:00Z,16.41614789,43.38593081,0
2022-09-24T16:09:36Z,16.41632999,43.38503349,0
2022-09-24T16:10:03Z,16.41655585,43.3843813,0
2022-09-24T16:10:21Z,16.41652831,43.38394062,0
2022-09-24T16:11:09Z,16.41684856,43.38275607,0
2022-09-24T16:11:42Z,16.41691343,43.38198303,0
2022-09-24T16:15:06Z,16.41686301,43.37683185,0
2022-09-24T16:15:45Z,16.41692266,43.37581674,0
2022-09-24T16:22:09Z,16.41853034,43.36582634,0
2022-09-24T16:22:36Z,16.41890589,43.36516656,0
2022-09-24T16:23:33Z,16.42025467,43.36395348,0
2022-09-24T16:23:48Z,16.42057483,43.36356918,0
2022-09-24T16:24:00Z,16.4207296,43.36324961,0
2022-09-24T16:24:30Z,16.42084272,43.36235239,0
2022-09-24T16:25:09Z,16.42071397,43.36117298,0
2022-09-24T16:25:51Z,16.42083895,43.3598988,0
2022-09-24T16:26:48Z,16.42147262,43.35823134,0
2022-09-24T16:27:30Z,16.42211978,43.3570515,0
2022-09-24T16:28:03Z,16.42252008,43.35609964,0
2022-09-24T16:29:15Z,16.42324789,43.3539838,0
2022-09-24T16:30:21Z,16.42403049,43.35203718,0
2022-09-24T16:31:24Z,16.42437762,43.3500895,0
2022-09-24T16:31:54Z,16.4246749,43.34919619,0
2022-09-24T16:32:21Z,16.42481885,43.34838953,0
2022-09-24T16:32:36Z,16.4248168,43.34792224,0
2022-09-24T16:33:39Z,16.42450709,43.34594657,0
2022-09-24T16:35:30Z,16.42346173,43.34254204,0
2022-09-24T16:36:42Z,16.42313478,43.34027524,0
2022-09-24T16:37:03Z,16.42269005,43.3397106,0
2022-09-24T16:37:57Z,16.42127296,43.33843816,0
2022-09-24T16:38:12Z,16.42105881,43.33801163,0
2022-09-24T16:38:33Z,16.42098368,43.33740664,0
2022-09-24T16:40:12Z,16.42119828,43.33456577,0
2022-09-24T16:40:42Z,16.42136123,43.33371026,0
2022-09-24T16:41:42Z,16.42143279,43.33202967,0
2022-09-24T16:42:54Z,16.42172332,43.33045653,0
2022-09-24T16:45:12Z,16.42266903,43.32755715,0
2022-09-24T16:45:51Z,16.42312035,43.32683492,0
2022-09-24T16:46:36Z,16.42377238,43.32625115,0
2022-09-24T16:48:12Z,16.4254923,43.32529372,0
2022-09-24T16:49:39Z,16.42586284,43.3248984,0
2022-09-24T16:51:00Z,16.42602061,43.32502654,0
2022-09-24T16:51:48Z,16.42597823,43.32523688,0
2022-09-24T16:53:18Z,16.42558778,43.3250327,0
2022-09-24T16:54:09Z,16.42571078,43.32481868,0
2022-09-24T16:54:57Z,16.42593883,43.32483139,0
2022-09-24T16:56:12Z,16.42648305,43.32443027,0
2022-09-24T16:56:24Z,16.42666452,43.32446791,0
2022-09-24T16:56:48Z,16.42639523,43.32480455,0
2022-09-24T16:57:42Z,16.42506648,43.3256538,0
2022-09-24T16:57:51Z,16.42501758,43.32580685,0
2022-09-24T16:58:09Z,16.42516239,43.3259563,0
2022-09-24T16:58:18Z,16.42515229,43.3260664,0
2022-09-24T16:58:39Z,16.42485757,43.32604462,0
2022-09-24T16:59:48Z,16.42482682,43.32570335,0
2022-09-24T17:01:36Z,16.4248084,43.32596552,0
2022-09-24T17:03:30Z,16.42453921,43.32602138,0
2022-09-24T17:04:12Z,16.42461116,43.32598069,0

2022-09-25T08:12:00Z,16.42467308,43.32605782,0
2022-09-25T08:14:51Z,16.42459207,43.32593462,0
2022-09-25T08:15:21Z,16.42470871,43.32581818,0
2022-09-25T08:16:42Z,16.42486665,43.32580282,0
2022-09-25T08:16:51Z,16.42501218,43.325871,0
2022-09-25T08:17:03Z,16.42508879,43.32607968,0
2022-09-25T08:17:42Z,16.42493995,43.32691973,0
2022-09-25T08:18:27Z,16.42461893,43.32793644,0
2022-09-25T08:18:42Z,16.42459991,43.32833286,0
2022-09-25T08:19:24Z,16.42394498,43.32955207,0
2022-09-25T08:20:15Z,16.42290523,43.33099689,0
2022-09-25T08:20:36Z,16.42219986,43.33139547,0
2022-09-25T08:21:12Z,16.4212074,43.33226798,0
2022-09-25T08:21:30Z,16.42060928,43.33263242,0
2022-09-25T08:23:06Z,16.41704576,43.33415595,0
2022-09-25T08:24:09Z,16.41464772,43.33487729,0
2022-09-25T08:24:18Z,16.41456198,43.33504714,0
2022-09-25T08:24:45Z,16.41456969,43.33551994,0
2022-09-25T08:25:15Z,16.41464458,43.33596387,0
2022-09-25T08:25:30Z,16.41481395,43.33601288,0
2022-09-25T08:27:21Z,16.41545141,43.33532728,0
2022-09-25T08:28:54Z,16.41611163,43.33496501,0
2022-09-25T08:29:30Z,16.41623595,43.33473193,0
2022-09-25T08:29:51Z,16.41598415,43.3346717,0
2022-09-25T08:30:21Z,16.41537166,43.33487395,0
2022-09-25T08:31:03Z,16.41425516,43.33508828,0
2022-09-25T08:32:21Z,16.41262654,43.33518049,0
2022-09-25T08:34:30Z,16.41014131,43.33489542,0
2022-09-25T08:35:36Z,16.40875357,43.33449453,0
2022-09-25T08:36:21Z,16.40806825,43.33418994,0
2022-09-25T08:38:54Z,16.40639159,43.33284702,0
2022-09-25T08:39:54Z,16.40557807,43.33235209,0
2022-09-25T08:40:18Z,16.40550323,43.33204664,0
2022-09-25T08:41:03Z,16.40493817,43.33126909,0
2022-09-25T08:41:36Z,16.40439977,43.33028214,0
2022-09-25T08:43:06Z,16.40362285,43.32825614,0
2022-09-25T08:44:24Z,16.40254635,43.32607084,0
2022-09-25T08:45:12Z,16.40183427,43.32481216,0
2022-09-25T08:48:03Z,16.40034438,43.32094389,0
2022-09-25T08:50:36Z,16.39944969,43.31668538,0
2022-09-25T08:50:45Z,16.39944488,43.31645836,0
2022-09-25T08:51:00Z,16.39957054,43.31627361,0
2022-09-25T08:51:33Z,16.39929744,43.31557353,0
2022-09-25T08:52:30Z,16.39889349,43.31387389,0
2022-09-25T08:54:21Z,16.39834035,43.31052678,0
2022-09-25T08:56:57Z,16.39722598,43.30650093,0
2022-09-25T08:58:36Z,16.39594284,43.30371262,0
2022-09-25T09:00:06Z,16.39450728,43.30106921,0
2022-09-25T09:00:36Z,16.39419488,43.30016253,0
2022-09-25T09:02:00Z,16.39297559,43.29758547,0
2022-09-25T09:03:54Z,16.39156051,43.29392717,0
2022-09-25T09:05:00Z,16.39105167,43.29178329,0
2022-09-25T09:06:15Z,16.39093243,43.28943818,0
2022-09-25T09:07:33Z,16.39045942,43.2869965,0
2022-09-25T09:08:45Z,16.39033543,43.28473689,0
2022-09-25T09:09:30Z,16.38986809,43.28323008,0
2022-09-25T09:10:03Z,16.3899763,43.28218988,0
2022-09-25T09:10:21Z,16.38995457,43.2816051,0
2022-09-25T09:10:36Z,16.38986276,43.28112239,0
2022-09-25T09:11:09Z,16.38946724,43.28000291,0
2022-09-25T09:11:42Z,16.38899612,43.27887161,0
2022-09-25T09:12:00Z,16.38850252,43.27837143,0
2022-09-25T09:13:03Z,16.38608323,43.27723646,0
2022-09-25T09:13:42Z,16.38490616,43.27616164,0
2022-09-25T09:14:27Z,16.38405875,43.27465695,0
2022-09-25T09:15:03Z,16.38308459,43.27362754,0
2022-09-25T09:15:39Z,16.38238324,43.27246893,0
2022-09-25T09:16:06Z,16.3821796,43.27158317,0
2022-09-25T09:16:51Z,16.3820974,43.2700715,0
2022-09-25T09:17:39Z,16.38145602,43.26842674,0
2022-09-25T09:18:06Z,16.38076898,43.26758309,0
2022-09-25T09:18:27Z,16.38065686,43.26689379,0
2022-09-25T09:18:51Z,16.38037269,43.26605272,0
2022-09-25T09:19:27Z,16.37979822,43.26481439,0
2022-09-25T09:20:12Z,16.37922771,43.26325682,0
2022-09-25T09:21:15Z,16.37868554,43.26101881,0
2022-09-25T09:21:51Z,16.378496,43.25975034,0
2022-09-25T09:22:12Z,16.37849481,43.25899503,0
2022-09-25T09:22:33Z,16.37830983,43.25825752,0
2022-09-25T09:23:24Z,16.37740862,43.25654913,0
2022-09-25T09:24:09Z,16.37645386,43.2550872,0
2022-09-25T09:25:00Z,16.37563408,43.25335393,0
2022-09-25T09:25:42Z,16.37484546,43.25197239,0
2022-09-25T09:25:57Z,16.37465441,43.25146181,0
2022-09-25T09:26:39Z,16.37391116,43.25007704,0
2022-09-25T09:27:03Z,16.37329714,43.24937997,0
2022-09-25T09:27:24Z,16.37314526,43.24864054,0
2022-09-25T09:27:54Z,16.37318204,43.24756978,0
2022-09-25T09:28:09Z,16.37305688,43.24704132,0
2022-09-25T09:28:30Z,16.3731217,43.24630037,0
2022-09-25T09:28:42Z,16.37303144,43.24586403,0
2022-09-25T09:29:03Z,16.37273246,43.2451304,0
2022-09-25T09:29:24Z,16.37216438,43.24454714,0
2022-09-25T09:29:36Z,16.37191325,43.24417711,0
2022-09-25T09:29:48Z,16.37175074,43.24375271,0
2022-09-25T09:30:06Z,16.37165347,43.24310029,0
2022-09-25T09:30:21Z,16.37168716,43.24258857,0
2022-09-25T09:30:36Z,16.37153071,43.24204813,0
2022-09-25T09:30:48Z,16.37131098,43.24164895,0
2022-09-25T09:31:03Z,16.37091849,43.24119839,0
2022-09-25T09:31:27Z,16.37069162,43.240399,0
2022-09-25T09:31:33Z,16.37054637,43.24022295,0
2022-09-25T09:31:57Z,16.36975503,43.23970655,0
2022-09-25T09:32:12Z,16.36944459,43.23926225,0
2022-09-25T09:32:45Z,16.36838855,43.2385462,0
2022-09-25T09:33:42Z,16.36683508,43.23711481,0
2022-09-25T09:34:15Z,16.36580997,43.23644578,0
2022-09-25T09:34:39Z,16.36526355,43.23579699,0
2022-09-25T09:34:54Z,16.36480435,43.23544205,0
2022-09-25T09:35:15Z,16.36435496,43.23481345,0
2022-09-25T09:35:36Z,16.36380811,43.23423235,0
2022-09-25T09:36:00Z,16.36305676,43.23364052,0
2022-09-25T09:36:21Z,16.36261765,43.23304087,0
2022-09-25T09:36:39Z,16.36206389,43.2327246,0
2022-09-25T09:37:27Z,16.36087857,43.2314948,0
2022-09-25T09:37:51Z,16.3603944,43.23074948,0
2022-09-25T09:38:27Z,16.35936008,43.22991285,0
2022-09-25T09:38:42Z,16.35921914,43.22943574,0
2022-09-25T09:38:57Z,16.35922909,43.22892076,0
2022-09-25T09:39:24Z,16.35884558,43.22808808,0
2022-09-25T09:39:51Z,16.35868502,43.22714518,0
2022-09-25T09:40:09Z,16.35834308,43.22660176,0
2022-09-25T09:40:48Z,16.35709894,43.22592937,0
2022-09-25T09:41:21Z,16.35627138,43.22522587,0
2022-09-25T09:41:36Z,16.35598075,43.22482515,0
2022-09-25T09:42:00Z,16.35526582,43.22441083,0
2022-09-25T09:43:03Z,16.35358682,43.22307167,0
2022-09-25T09:43:27Z,16.35285679,43.22272916,0
2022-09-25T09:44:18Z,16.35151781,43.22177274,0
2022-09-25T09:44:45Z,16.35082969,43.22138532,0
2022-09-25T09:45:06Z,16.35034768,43.2210084,0
2022-09-25T09:45:54Z,16.34929073,43.2199121,0
2022-09-25T09:46:18Z,16.34880796,43.21929137,0
2022-09-25T09:47:00Z,16.3476072,43.21834297,0
2022-09-25T09:47:30Z,16.34700295,43.21740545,0
2022-09-25T09:47:45Z,16.34641359,43.21713378,0
2022-09-25T09:48:03Z,16.3457872,43.21669435,0
2022-09-25T09:49:00Z,16.34422304,43.21508428,0
2022-09-25T09:49:18Z,16.34356651,43.21468831,0
2022-09-25T09:49:27Z,16.34332357,43.21442742,0
2022-09-25T09:50:33Z,16.34108516,43.21311264,0
2022-09-25T09:51:24Z,16.33948507,43.21201727,0
2022-09-25T09:51:57Z,16.33850773,43.21119872,0
2022-09-25T09:52:54Z,16.33694723,43.2096906,0
2022-09-25T09:53:24Z,16.33601161,43.20907668,0
2022-09-25T09:53:48Z,16.33542508,43.20849542,0
2022-09-25T09:54:27Z,16.33419029,43.20777249,0
2022-09-25T09:55:00Z,16.33325773,43.20684035,0
2022-09-25T09:55:21Z,16.33282224,43.20614361,0
2022-09-25T09:55:36Z,16.33239472,43.20570439,0
2022-09-25T09:56:12Z,16.33107518,43.20502063,0
2022-09-25T09:56:42Z,16.33035766,43.20412668,0
2022-09-25T09:56:57Z,16.32982552,43.20379469,0
2022-09-25T09:58:18Z,16.3275293,43.20146266,0
2022-09-25T09:58:54Z,16.32625414,43.2006313,0
2022-09-25T09:59:57Z,16.32452874,43.19878675,0
2022-09-25T10:00:30Z,16.32354205,43.19791448,0
2022-09-25T10:01:09Z,16.32263558,43.19670679,0
2022-09-25T10:01:33Z,16.32189034,43.19605202,0
2022-09-25T10:02:09Z,16.32095019,43.19497024,0
2022-09-25T10:02:27Z,16.32031413,43.19457204,0
2022-09-25T10:02:45Z,16.31978976,43.19406205,0
2022-09-25T10:03:27Z,16.31808056,43.19327136,0
2022-09-25T10:04:00Z,16.31711912,43.19230551,0
2022-09-25T10:04:12Z,16.31670289,43.19200097,0
2022-09-25T10:05:03Z,16.31468349,43.1910779,0
2022-09-25T10:05:33Z,16.313646,43.1904243,0
2022-09-25T10:05:48Z,16.31302971,43.19023608,0
2022-09-25T10:06:09Z,16.3122858,43.18986046,0
2022-09-25T10:07:06Z,16.31048693,43.18853131,0
2022-09-25T10:07:33Z,16.30978921,43.18775717,0
2022-09-25T10:09:09Z,16.30685767,43.18534946,0
2022-09-25T10:09:33Z,16.30615438,43.1846456,0
2022-09-25T10:09:45Z,16.30588401,43.18426515,0
2022-09-25T10:10:18Z,16.30478771,43.18349548,0
2022-09-25T10:10:39Z,16.30417742,43.18294908,0
2022-09-25T10:11:00Z,16.30343955,43.18249018,0
2022-09-25T10:11:15Z,16.30301749,43.18209374,0
2022-09-25T10:11:57Z,16.30147311,43.18111562,0
2022-09-25T10:12:18Z,16.30094637,43.18048203,0
2022-09-25T10:12:33Z,16.30041623,43.18008915,0
2022-09-25T10:13:09Z,16.29930046,43.1790482,0
2022-09-25T10:13:21Z,16.29901903,43.17867224,0
2022-09-25T10:14:00Z,16.29770895,43.17768723,0
2022-09-25T10:14:18Z,16.29723998,43.17715356,0
2022-09-25T10:14:45Z,16.29642391,43.17645778,0
2022-09-25T10:15:03Z,16.2958047,43.17602784,0
2022-09-25T10:15:27Z,16.29483699,43.17556142,0
2022-09-25T10:15:48Z,16.29424941,43.17496843,0
2022-09-25T10:16:21Z,16.29281635,43.17438573,0
2022-09-25T10:16:48Z,16.29234462,43.17359535,0
2022-09-25T10:17:15Z,16.29147447,43.17292089,0
2022-09-25T10:17:36Z,16.29065636,43.17251926,0
2022-09-25T10:17:48Z,16.29033727,43.17217676,0
2022-09-25T10:18:27Z,16.29009904,43.17101477,0
2022-09-25T10:18:48Z,16.2898921,43.17040631,0
2022-09-25T10:19:00Z,16.28940211,43.17019359,0
2022-09-25T10:19:15Z,16.28864295,43.17017146,0
2022-09-25T10:20:42Z,16.28452982,43.16956085,0
2022-09-25T10:21:42Z,16.28387798,43.1677073,0
2022-09-25T10:22:18Z,16.28362547,43.16655944,0
2022-09-25T10:22:48Z,16.2830577,43.16563164,0
2022-09-25T10:23:15Z,16.28283262,43.16475551,0
2022-09-25T10:23:36Z,16.28255676,43.16407761,0
2022-09-25T10:24:09Z,16.28204947,43.16305939,0
2022-09-25T10:25:09Z,16.28090374,43.16125224,0
2022-09-25T10:26:03Z,16.28007121,43.15962711,0
2022-09-25T10:26:30Z,16.27944375,43.15881474,0
2022-09-25T10:28:36Z,16.27738253,43.15509701,0
2022-09-25T10:30:24Z,16.27646961,43.1519401,0
2022-09-25T10:32:33Z,16.27487564,43.14824341,0
2022-09-25T10:35:00Z,16.2741684,43.14473203,0
2022-09-25T10:36:18Z,16.27343986,43.14254748,0
2022-09-25T10:37:12Z,16.27321786,43.14132327,0
2022-09-25T10:38:03Z,16.27322913,43.14055986,0
2022-09-25T10:38:18Z,16.27313877,43.1403479,0
2022-09-25T10:38:42Z,16.27314442,43.13988284,0
2022-09-25T10:40:27Z,16.27243865,43.13730337,0
2022-09-25T10:41:30Z,16.27209893,43.13558505,0
2022-09-25T10:42:30Z,16.27149606,43.13412678,0
2022-09-25T10:42:48Z,16.27136402,43.13362793,0
2022-09-25T10:43:42Z,16.27065959,43.13217956,0
2022-09-25T10:45:36Z,16.2697247,43.1292841,0
2022-09-25T10:47:36Z,16.26850742,43.12614384,0
2022-09-25T10:48:09Z,16.26803102,43.1252139,0
2022-09-25T10:49:24Z,16.26728157,43.12334442,0
2022-09-25T10:50:45Z,16.26679261,43.12123149,0
2022-09-25T10:52:48Z,16.26557103,43.11780489,0
2022-09-25T10:53:18Z,16.26539944,43.11708683,0
2022-09-25T10:54:27Z,16.26463602,43.11544409,0
2022-09-25T10:56:45Z,16.26328502,43.11214245,0
2022-09-25T11:00:21Z,16.26053422,43.10655944,0
2022-09-25T11:01:42Z,16.25932519,43.10455364,0
2022-09-25T11:02:57Z,16.2582465,43.10290687,0
2022-09-25T11:05:24Z,16.25608461,43.09987774,0
2022-09-25T11:06:18Z,16.25544983,43.09881045,0
2022-09-25T11:07:00Z,16.25474455,43.09784755,0
2022-09-25T11:08:06Z,16.25332734,43.09619095,0
2022-09-25T11:09:39Z,16.25205159,43.09419246,0
2022-09-25T11:10:21Z,16.25155154,43.09322736,0
2022-09-25T11:10:33Z,16.25119613,43.09293847,0
2022-09-25T11:10:39Z,16.25092506,43.09288187,0
2022-09-25T11:10:51Z,16.25046515,43.09307342,0
2022-09-25T11:11:15Z,16.24930869,43.0929523,0
2022-09-25T11:11:54Z,16.2475959,43.0931621,0
2022-09-25T11:12:21Z,16.24637513,43.09315616,0
2022-09-25T11:13:09Z,16.24416491,43.09330817,0
2022-09-25T11:13:39Z,16.24284861,43.0935223,0
2022-09-25T11:14:03Z,16.2417899,43.09323458,0
2022-09-25T11:14:39Z,16.24009503,43.09306877,0
2022-09-25T11:14:57Z,16.23920721,43.09309529,0
2022-09-25T11:15:15Z,16.23839366,43.09288411,0
2022-09-25T11:16:06Z,16.23610114,43.09311807,0
2022-09-25T11:16:27Z,16.23521582,43.09313791,0
2022-09-25T11:16:39Z,16.23472834,43.09297825,0
2022-09-25T11:16:48Z,16.23452005,43.09273726,0
2022-09-25T11:16:57Z,16.23419249,43.09253178,0
2022-09-25T11:17:06Z,16.23405947,43.09227439,0
2022-09-25T11:17:12Z,16.23388123,43.09212823,0
2022-09-25T11:17:18Z,16.23359071,43.09207123,0
2022-09-25T11:17:45Z,16.23240093,43.0922391,0
2022-09-25T11:18:00Z,16.23170607,43.09217255,0
2022-09-25T11:18:27Z,16.2305385,43.09179638,0
2022-09-25T11:18:51Z,16.22956416,43.09132582,0
2022-09-25T11:19:12Z,16.22864383,43.09105303,0
2022-09-25T11:20:03Z,16.22659886,43.09022454,0
2022-09-25T11:20:24Z,16.22588066,43.08973919,0
2022-09-25T11:20:39Z,16.22528828,43.08944902,0
2022-09-25T11:20:54Z,16.22479514,43.08905879,0
2022-09-25T11:21:12Z,16.22398165,43.08888775,0
2022-09-25T11:21:18Z,16.22376623,43.08877439,0
2022-09-25T11:21:24Z,16.22369037,43.08860963,0
2022-09-25T11:21:30Z,16.22346452,43.08850684,0
2022-09-25T11:21:57Z,16.22244571,43.08875131,0
2022-09-25T11:23:24Z,16.21908562,43.08902374,0
2022-09-25T11:26:36Z,16.21101689,43.08886623,0
2022-09-25T11:27:30Z,16.20877281,43.08871685,0
2022-09-25T11:27:42Z,16.20870149,43.08838398,0
2022-09-25T11:29:00Z,16.2089659,43.08659984,0
2022-09-25T11:30:06Z,16.20906589,43.08512374,0
2022-09-25T11:30:54Z,16.20899623,43.08392271,0
2022-09-25T11:31:12Z,16.20906242,43.0834879,0
2022-09-25T11:32:57Z,16.20868042,43.08036131,0
2022-09-25T11:33:30Z,16.20837674,43.07927384,0
2022-09-25T11:34:39Z,16.20728756,43.07705421,0
2022-09-25T11:35:06Z,16.20670511,43.07620414,0
2022-09-25T11:35:12Z,16.20662173,43.07601084,0
2022-09-25T11:35:21Z,16.20669149,43.07580471,0
2022-09-25T11:35:45Z,16.20629154,43.07512583,0
2022-09-25T11:36:18Z,16.20516951,43.07431833,0
2022-09-25T11:36:48Z,16.20427178,43.07349456,0
2022-09-25T11:37:27Z,16.20302539,43.07275026,0
2022-09-25T11:39:12Z,16.20086087,43.07124506,0
2022-09-25T11:39:30Z,16.20090201,43.07102825,0
2022-09-25T11:40:00Z,16.20110726,43.07074261,0
2022-09-25T11:40:21Z,16.2010757,43.07036847,0
2022-09-25T11:40:36Z,16.20083256,43.07008885,0
2022-09-25T11:41:18Z,16.19962349,43.06941263,0
2022-09-25T11:42:00Z,16.19846896,43.06862871,0
2022-09-25T11:46:24Z,16.19216141,43.06313494,0
2022-09-25T11:47:30Z,16.19071335,43.06207103,0
2022-09-25T11:48:03Z,16.18989123,43.06163641,0
2022-09-25T11:48:18Z,16.18949602,43.06152012,0
2022-09-25T11:48:54Z,16.18863944,43.0615242,0
2022-09-25T11:49:57Z,16.18743548,43.06175112,0
2022-09-25T11:50:24Z,16.18694466,43.06194848,0
2022-09-25T11:51:03Z,16.1863363,43.06242212,0
2022-09-25T11:51:18Z,16.18643304,43.06260519,0
2022-09-25T11:51:39Z,16.18665257,43.06263852,0
2022-09-25T11:53:18Z,16.18695043,43.06250221,0
2022-09-25T11:54:24Z,16.18686044,43.06259141,0
2022-09-25T11:55:06Z,16.18692026,43.06259725,0
2022-09-25T11:56:03Z,16.18645099,43.06257688,0
2022-09-25T11:56:12Z,16.18635573,43.06267361,0
2022-09-25T11:56:24Z,16.18649878,43.06273091,0
2022-09-25T11:57:42Z,16.18686666,43.0625346,0
2022-09-25T11:58:12Z,16.18685688,43.06272148,0
2022-09-25T11:58:27Z,16.18670502,43.06282899,0
2022-09-25T11:58:36Z,16.18656618,43.0628613,0
2022-09-25T11:58:51Z,16.18646934,43.0627484,0
2022-09-25T12:01:00Z,16.18694391,43.06246639,0
2022-09-25T12:01:36Z,16.18694715,43.06258105,0
2022-09-25T12:03:06Z,16.18677225,43.06256381,0
2022-09-25T12:04:06Z,16.18687512,43.06262096,0
2022-09-25T12:17:51Z,16.18672866,43.06250707,0

2022-09-26T08:14:19Z,16.18686528,43.06256482,0
2022-09-26T08:16:31Z,16.18651632,43.06242322,0
2022-09-26T08:17:13Z,16.18656632,43.06189268,0
2022-09-26T08:17:34Z,16.18671777,43.06191651,0
2022-09-26T08:17:46Z,16.18663622,43.06180767,0
2022-09-26T08:17:58Z,16.18681179,43.06163581,0
2022-09-26T08:18:37Z,16.18772613,43.06111646,0
2022-09-26T08:19:01Z,16.18843613,43.06116841,0
2022-09-26T08:19:34Z,16.18936811,43.06142474,0
2022-09-26T08:22:01Z,16.19305535,43.06343556,0
2022-09-26T08:23:40Z,16.19528622,43.0647897,0
2022-09-26T08:24:25Z,16.19621253,43.0654919,0
2022-09-26T08:27:07Z,16.19980649,43.06782428,0
2022-09-26T08:27:46Z,16.2006028,43.06843233,0
2022-09-26T08:28:31Z,16.20145779,43.06922213,0
2022-09-26T08:28:58Z,16.20224945,43.06976887,0
2022-09-26T08:31:25Z,16.20687565,43.07230783,0
2022-09-26T08:32:43Z,16.20938533,43.07350919,0
2022-09-26T08:33:13Z,16.21041364,43.07389296,0
2022-09-26T08:39:22Z,16.22377022,43.077777,0
2022-09-26T08:41:52Z,16.22973168,43.07824064,0
2022-09-26T08:45:25Z,16.23840012,43.07877069,0
2022-09-26T08:46:25Z,16.24078698,43.07857552,0
2022-09-26T08:49:16Z,16.24766861,43.07770757,0
2022-09-26T08:50:07Z,16.24974341,43.0773681,0
2022-09-26T08:52:13Z,16.25447421,43.07591104,0
2022-09-26T08:53:58Z,16.25753605,43.07402502,0
2022-09-26T08:54:40Z,16.25906209,43.07356691,0
2022-09-26T08:56:22Z,16.26064826,43.07322188,0
2022-09-26T08:56:46Z,16.26103112,43.07305052,0
2022-09-26T08:57:07Z,16.26152353,43.07300643,0
2022-09-26T08:57:28Z,16.26203985,43.07313453,0
2022-09-26T08:57:58Z,16.26268118,43.07352154,0
2022-09-26T08:58:31Z,16.26324805,43.07410014,0
2022-09-26T08:58:52Z,16.26376158,43.07422685,0
2022-09-26T08:59:10Z,16.26401917,43.07403003,0
2022-09-26T08:59:25Z,16.26431833,43.07400401,0
2022-09-26T09:00:37Z,16.26564631,43.07343155,0
2022-09-26T09:02:40Z,16.26804274,43.07265523,0
2022-09-26T09:02:58Z,16.26842196,43.07262468,0
2022-09-26T09:04:25Z,16.27095243,43.07335462,0
2022-09-26T09:04:58Z,16.27181866,43.0732381,0
2022-09-26T09:05:22Z,16.27242635,43.07332811,0
2022-09-26T09:09:28Z,16.27762799,43.07460138,0
2022-09-26T09:13:43Z,16.28166269,43.07572166,0
2022-09-26T09:19:22Z,16.28891253,43.0784416,0
2022-09-26T09:24:52Z,16.29542995,43.0803754,0
2022-09-26T09:27:19Z,16.2987493,43.08123949,0
2022-09-26T09:31:10Z,16.30345894,43.08261537,0
2022-09-26T09:34:19Z,16.30715905,43.08356366,0
2022-09-26T09:37:46Z,16.31129773,43.08478462,0
2022-09-26T09:50:13Z,16.32838798,43.09055256,0
2022-09-26T09:57:40Z,16.33959224,43.09413034,0
2022-09-26T09:57:46Z,16.33967491,43.09408677,0
2022-09-26T09:58:01Z,16.33951275,43.09387455,0
2022-09-26T09:58:40Z,16.33939258,43.09323941,0
2022-09-26T10:02:49Z,16.33944339,43.08921082,0
2022-09-26T10:04:40Z,16.33935992,43.08771482,0
2022-09-26T10:08:07Z,16.33939397,43.08471668,0
2022-09-26T10:11:04Z,16.3392529,43.08257555,0
2022-09-26T10:22:01Z,16.339544,43.07261949,0
2022-09-26T10:26:46Z,16.33985343,43.06801792,0
2022-09-26T10:31:01Z,16.3402759,43.06374553,0
2022-09-26T10:35:52Z,16.34093822,43.05854894,0
2022-09-26T10:41:25Z,16.34180887,43.05258532,0
2022-09-26T10:46:49Z,16.3431077,43.04605585,0
2022-09-26T10:49:16Z,16.34386436,43.04274585,0
2022-09-26T10:50:31Z,16.34415898,43.04103952,0
2022-09-26T10:55:43Z,16.34571016,43.03442258,0
2022-09-26T11:00:16Z,16.34762562,43.02919156,0
2022-09-26T11:02:31Z,16.34846941,43.02666819,0
2022-09-26T11:06:04Z,16.34989098,43.02297759,0
2022-09-26T11:10:13Z,16.35131735,43.01880441,0
2022-09-26T11:15:04Z,16.35234106,43.01552398,0
2022-09-26T11:29:52Z,16.35470519,43.00323256,0
2022-09-26T11:34:16Z,16.35540233,42.99981225,0
2022-09-26T11:34:52Z,16.35551086,42.99955359,0
2022-09-26T11:36:31Z,16.35797363,43.00028732,0
2022-09-26T11:40:46Z,16.36576366,43.00283252,0
2022-09-26T11:43:28Z,16.37053966,43.00426803,0
2022-09-26T11:49:01Z,16.38084997,43.00626388,0
2022-09-26T11:58:49Z,16.40008844,43.00960116,0
2022-09-26T12:06:52Z,16.41659281,43.01202714,0
2022-09-26T12:09:46Z,16.42308373,43.01178925,0
2022-09-26T12:13:07Z,16.43052297,43.01165967,0
2022-09-26T12:16:04Z,16.43676455,43.01089348,0
2022-09-26T12:19:37Z,16.44339188,43.01021485,0
2022-09-26T12:26:16Z,16.45484335,43.00708927,0
2022-09-26T12:30:46Z,16.46209165,43.00527105,0
2022-09-26T12:36:16Z,16.47127049,43.00364872,0
2022-09-26T12:41:01Z,16.47907392,43.00216058,0
2022-09-26T12:47:25Z,16.48824445,43.00069121,0
2022-09-26T12:52:31Z,16.50064138,42.99783525,0
2022-09-26T12:59:31Z,16.51727642,42.99431767,0
2022-09-26T13:08:01Z,16.53747754,42.99060494,0
2022-09-26T13:12:16Z,16.54767564,42.98852176,0
2022-09-26T13:15:37Z,16.55553095,42.98682102,0
2022-09-26T13:18:19Z,16.56171297,42.98617344,0
2022-09-26T13:21:37Z,16.56929438,42.98492654,0
2022-09-26T13:30:31Z,16.59039022,42.98084871,0
2022-09-26T13:30:52Z,16.59118735,42.98080399,0
2022-09-26T13:32:49Z,16.59561852,42.98100442,0
2022-09-26T13:33:19Z,16.59674363,42.98095037,0
2022-09-26T13:33:52Z,16.59802152,42.98100118,0
2022-09-26T13:36:01Z,16.60293137,42.9807488,0
2022-09-26T13:36:37Z,16.6042892,42.98054625,0
2022-09-26T13:37:10Z,16.6055493,42.98047841,0
2022-09-26T13:37:19Z,16.60573636,42.98033787,0
2022-09-26T13:38:28Z,16.60557379,42.97986831,0
2022-09-26T13:40:34Z,16.60491436,42.97930033,0
2022-09-26T13:40:52Z,16.60484943,42.97916085,0
2022-09-26T13:41:37Z,16.60524858,42.97881359,0
2022-09-26T13:42:28Z,16.6054469,42.97842515,0
2022-09-26T13:43:37Z,16.60682787,42.97797852,0
2022-09-26T13:44:49Z,16.60905017,42.97746013,0
2022-09-26T13:45:28Z,16.61044025,42.97734775,0
2022-09-26T13:46:37Z,16.61298882,42.97734021,0
2022-09-26T13:48:10Z,16.61639792,42.97708122,0
2022-09-26T13:51:46Z,16.62427174,42.9761108,0
2022-09-26T13:53:40Z,16.62853096,42.97572001,0
2022-09-26T13:58:49Z,16.64001142,42.97403423,0
2022-09-26T14:00:13Z,16.64297442,42.973145,0
2022-09-26T14:00:31Z,16.64364318,42.97303639,0
2022-09-26T14:03:01Z,16.64892211,42.97255173,0
2022-09-26T14:05:28Z,16.65405981,42.97226014,0
2022-09-26T14:07:04Z,16.65734568,42.97167076,0
2022-09-26T14:07:40Z,16.65858584,42.97168644,0
2022-09-26T14:09:58Z,16.66293379,42.97034931,0
2022-09-26T14:13:40Z,16.67016714,42.96852796,0
2022-09-26T14:15:40Z,16.67382948,42.96728654,0
2022-09-26T14:18:19Z,16.67903222,42.96608804,0
2022-09-26T14:18:46Z,16.67995871,42.96599092,0
2022-09-26T14:19:01Z,16.68040205,42.9658186,0
2022-09-26T14:20:49Z,16.68404046,42.96501391,0
2022-09-26T14:23:31Z,16.68946817,42.96343898,0
2022-09-26T14:24:40Z,16.69194715,42.96322699,0
2022-09-26T14:25:10Z,16.69298429,42.96305026,0
2022-09-26T14:31:34Z,16.70499434,42.96065522,0
2022-09-26T14:32:37Z,16.70677929,42.96062209,0
2022-09-26T14:33:28Z,16.70826796,42.96074419,0
2022-09-26T14:35:37Z,16.71162983,42.96132289,0
2022-09-26T14:35:46Z,16.71173132,42.96143808,0
2022-09-26T14:35:55Z,16.71166343,42.96156146,0
2022-09-26T14:37:13Z,16.7103296,42.96149638,0
2022-09-26T14:38:43Z,16.70916873,42.96129233,0
2022-09-26T14:39:28Z,16.70925382,42.96089129,0
2022-09-26T14:39:49Z,16.70938255,42.96073539,0
2022-09-26T14:40:01Z,16.70932078,42.96065126,0
2022-09-26T14:40:16Z,16.70916039,42.96066377,0
2022-09-26T14:40:34Z,16.70916404,42.96080077,0
2022-09-26T14:40:52Z,16.7093639,42.96079325,0
2022-09-26T14:41:49Z,16.7100567,42.96021168,0
2022-09-26T14:42:22Z,16.71053873,42.9599884,0
2022-09-26T14:43:07Z,16.71094578,42.96004436,0
2022-09-26T14:43:28Z,16.71108999,42.95998063,0
2022-09-26T14:44:13Z,16.71119422,42.96027033,0
2022-09-26T14:44:37Z,16.71136927,42.96043178,0
2022-09-26T14:45:55Z,16.71242305,42.9606839,0
2022-09-26T14:46:34Z,16.71302211,42.96071545,0
2022-09-26T15:09:22Z,16.71321898,42.96088637,0
2022-09-26T15:18:59Z,16.71316937,42.96086865,0

2022-09-27T08:16:43Z,16.71318186,42.96088211,0
2022-09-27T08:19:46Z,16.71323141,42.96077111,0
2022-09-27T08:19:58Z,16.71317175,42.96065385,0
2022-09-27T08:20:31Z,16.71272152,42.96067566,0
2022-09-27T08:21:43Z,16.71166059,42.9604709,0
2022-09-27T08:22:19Z,16.71104596,42.96012327,0
2022-09-27T08:22:37Z,16.71064904,42.96016856,0
2022-09-27T08:24:43Z,16.70788626,42.96108193,0
2022-09-27T08:26:37Z,16.70469369,42.9617764,0
2022-09-27T08:28:43Z,16.70077884,42.96290074,0
2022-09-27T08:30:04Z,16.69875628,42.96395616,0
2022-09-27T08:30:31Z,16.69809909,42.96422264,0
2022-09-27T08:30:40Z,16.69790638,42.96416665,0
2022-09-27T08:30:52Z,16.69781274,42.96403879,0
2022-09-27T08:31:22Z,16.69788206,42.9638254,0
2022-09-27T08:32:04Z,16.69781444,42.96339962,0
2022-09-27T08:33:46Z,16.69790934,42.96292801,0
2022-09-27T08:34:07Z,16.69767189,42.96285995,0
2022-09-27T08:34:22Z,16.69730629,42.96293526,0
2022-09-27T08:34:49Z,16.69651204,42.96330313,0
2022-09-27T08:35:40Z,16.69522879,42.96419096,0
2022-09-27T08:35:58Z,16.69470324,42.96441769,0
2022-09-27T08:36:10Z,16.69434913,42.96434275,0
2022-09-27T08:36:25Z,16.69409598,42.96411441,0
2022-09-27T08:36:40Z,16.69358349,42.9640671,0
2022-09-27T08:38:46Z,16.68870973,42.96457642,0
2022-09-27T08:39:52Z,16.6863535,42.96470657,0
2022-09-27T08:40:43Z,16.68478585,42.9646077,0
2022-09-27T08:41:19Z,16.68375794,42.96465425,0
2022-09-27T08:43:55Z,16.67900522,42.96519441,0
2022-09-27T08:44:28Z,16.67763,42.96517346,0
2022-09-27T08:45:40Z,16.6745459,42.96533123,0
2022-09-27T08:46:40Z,16.67231495,42.9651696,0
2022-09-27T08:48:43Z,16.66719068,42.96536035,0
2022-09-27T08:49:55Z,16.66412309,42.96571678,0
2022-09-27T08:50:16Z,16.66325901,42.96593692,0
2022-09-27T08:51:25Z,16.66027774,42.96626357,0
2022-09-27T08:52:25Z,16.65769917,42.96671064,0
2022-09-27T08:53:04Z,16.65618473,42.96717318,0
2022-09-27T08:53:52Z,16.65422431,42.96748474,0
2022-09-27T08:54:31Z,16.65265596,42.9679745,0
2022-09-27T08:55:01Z,16.65145596,42.9681714,0
2022-09-27T08:55:22Z,16.65062741,42.96825414,0
2022-09-27T08:56:49Z,16.64721997,42.96824284,0
2022-09-27T08:57:28Z,16.64567351,42.96839357,0
2022-09-27T08:58:28Z,16.64338045,42.96837802,0
2022-09-27T08:59:07Z,16.64186348,42.96872913,0
2022-09-27T09:00:19Z,16.63900944,42.96919922,0
2022-09-27T09:01:13Z,16.63685889,42.96923844,0
2022-09-27T09:01:40Z,16.63574167,42.96935364,0
2022-09-27T09:04:28Z,16.63003793,42.97114672,0
2022-09-27T09:05:04Z,16.62883986,42.97143418,0
2022-09-27T09:05:52Z,16.62711429,42.97166886,0
2022-09-27T09:08:07Z,16.62313411,42.97317364,0
2022-09-27T09:08:58Z,16.6215061,42.97359851,0
2022-09-27T09:10:49Z,16.61822533,42.97489277,0
2022-09-27T09:13:49Z,16.61233761,42.97692743,0
2022-09-27T09:14:58Z,16.61030336,42.9778393,0
2022-09-27T09:15:46Z,16.60897702,42.97859236,0
2022-09-27T09:16:58Z,16.60733453,42.97999348,0
2022-09-27T09:18:13Z,16.60590188,42.98149025,0
2022-09-27T09:18:49Z,16.60530691,42.98225293,0
2022-09-27T09:19:04Z,16.6051298,42.98260562,0
2022-09-27T09:19:31Z,16.60461102,42.98315625,0
2022-09-27T09:20:01Z,16.60423658,42.98386336,0
2022-09-27T09:20:46Z,16.60303901,42.98472882,0
2022-09-27T09:22:25Z,16.60071714,42.98670782,0
2022-09-27T09:24:34Z,16.59782193,42.98938515,0
2022-09-27T09:25:10Z,16.59702675,42.99022485,0
2022-09-27T09:26:43Z,16.59477523,42.9922891,0
2022-09-27T09:27:58Z,16.59317534,42.99392109,0
2022-09-27T09:30:31Z,16.58950203,42.99733835,0
2022-09-27T09:33:10Z,16.58599533,43.00084854,0
2022-09-27T09:35:22Z,16.58289628,43.00380357,0
2022-09-27T09:41:07Z,16.57548093,43.0114847,0
2022-09-27T09:46:43Z,16.56868063,43.01907414,0
2022-09-27T09:50:52Z,16.56357936,43.02490933,0
2022-09-27T09:53:16Z,16.56013348,43.02812857,0
2022-09-27T09:59:13Z,16.55200395,43.03608037,0
2022-09-27T10:03:49Z,16.5455787,43.04217178,0
2022-09-27T10:06:01Z,16.54364778,43.04546499,0
2022-09-27T10:11:01Z,16.53876638,43.05256897,0
2022-09-27T10:17:04Z,16.53319079,43.06089585,0
2022-09-27T10:17:31Z,16.5327389,43.06146245,0
2022-09-27T10:24:22Z,16.52472271,43.06974004,0
2022-09-27T10:27:46Z,16.52088526,43.07358616,0
2022-09-27T10:32:37Z,16.51587079,43.07841995,0
2022-09-27T10:34:31Z,16.51505136,43.08044958,0
2022-09-27T10:35:37Z,16.51428414,43.08141409,0
2022-09-27T10:36:25Z,16.51399037,43.08196094,0
2022-09-27T10:40:31Z,16.51078484,43.08597874,0
2022-09-27T10:42:31Z,16.50910576,43.08786492,0
2022-09-27T10:45:07Z,16.50663358,43.09035468,0
2022-09-27T10:51:25Z,16.4978484,43.09824659,0
2022-09-27T10:56:43Z,16.49094054,43.10470936,0
2022-09-27T11:04:37Z,16.48130131,43.11315779,0
2022-09-27T11:05:22Z,16.48041935,43.11403634,0
2022-09-27T11:06:52Z,16.47839575,43.11566468,0
2022-09-27T11:09:46Z,16.47343724,43.11861735,0
2022-09-27T11:13:46Z,16.46639591,43.12243829,0
2022-09-27T11:17:25Z,16.45998566,43.12657367,0
2022-09-27T11:19:46Z,16.45612146,43.12892743,0
2022-09-27T11:21:04Z,16.45417309,43.13026399,0
2022-09-27T11:23:34Z,16.45052637,43.13252746,0
2022-09-27T11:29:22Z,16.44368495,43.13733945,0
2022-09-27T11:32:01Z,16.43958171,43.14044133,0
2022-09-27T11:32:19Z,16.43895155,43.14056966,0
2022-09-27T11:32:28Z,16.4386665,43.14047834,0
2022-09-27T11:32:46Z,16.43807134,43.14048864,0
2022-09-27T11:33:16Z,16.43708017,43.1403266,0
2022-09-27T11:35:13Z,16.43300246,43.14063706,0
2022-09-27T11:35:34Z,16.4325507,43.14103737,0
2022-09-27T11:35:49Z,16.43206401,43.1409991,0
2022-09-27T11:36:22Z,16.43156046,43.14171428,0
2022-09-27T11:36:49Z,16.43080971,43.14215918,0
2022-09-27T11:38:40Z,16.42725679,43.14354234,0
2022-09-27T11:39:28Z,16.42579414,43.14427185,0
2022-09-27T11:41:49Z,16.42147019,43.14616576,0
2022-09-27T11:43:07Z,16.41906275,43.14738622,0
2022-09-27T11:44:49Z,16.41614156,43.14922305,0
2022-09-27T11:46:52Z,16.41295392,43.15175625,0
2022-09-27T11:48:16Z,16.41142446,43.1537215,0
2022-09-27T11:49:37Z,16.41041571,43.15552084,0
2022-09-27T11:50:25Z,16.41014632,43.15660296,0
2022-09-27T11:50:46Z,16.41019053,43.15705202,0
2022-09-27T11:52:16Z,16.41233821,43.15800892,0
2022-09-27T11:52:22Z,16.41250166,43.1580288,0
2022-09-27T11:52:31Z,16.41266891,43.15793012,0
2022-09-27T11:52:46Z,16.41264668,43.15773669,0
2022-09-27T11:53:10Z,16.41250955,43.15756876,0
2022-09-27T11:55:43Z,16.41284394,43.15763061,0
2022-09-27T11:56:34Z,16.4126997,43.15761866,0
2022-09-27T11:59:19Z,16.41265961,43.15769932,0

2022-09-28T08:47:51Z,16.41273392,43.15739832,0
2022-09-28T08:49:51Z,16.41281427,43.15746731,0
2022-09-28T08:51:03Z,16.4127572,43.15750165,0
2022-09-28T08:54:30Z,16.41279618,43.15742707,0
2022-09-28T08:55:48Z,16.41282274,43.15748983,0
2022-09-28T09:05:12Z,16.41281107,43.15747778,0
2022-09-28T09:14:06Z,16.41269267,43.15743899,0
2022-09-28T09:15:27Z,16.41278375,43.1574138,0
2022-09-28T09:24:38Z,16.41275806,43.15759816,0
2022-09-28T09:32:11Z,16.41272264,43.15752424,0
2022-09-28T09:41:17Z,16.41281937,43.15749732,0
2022-09-28T09:48:39Z,16.41272862,43.15752104,0
2022-09-28T09:50:18Z,16.41280124,43.15757233,0
2022-09-28T09:53:10.447Z,16.4127357,43.1575634,0
2022-09-28T09:56:10Z,16.41279849,43.15758438,0
2022-09-28T10:05:17Z,16.4127189,43.15768015,0
2022-09-28T11:32:26Z,16.4128114,43.1575536,0
2022-09-28T11:42:27Z,16.41276373,43.15764486,0
2022-09-28T11:49:07Z,16.41278569,43.15755049,0
2022-09-28T11:56:46Z,16.41273907,43.15763283,0
2022-09-28T11:58:22Z,16.41246048,43.15746169,0

2022-09-28T11:58:37Z,16.41245487,43.15746466,0
2022-09-28T11:59:10Z,16.41223401,43.15744497,0
2022-09-28T11:59:28Z,16.41213402,43.1577166,0
2022-09-28T11:59:37Z,16.41221808,43.15784591,0
2022-09-28T12:00:19Z,16.41273714,43.15818474,0
2022-09-28T12:01:55Z,16.41458367,43.15884228,0
2022-09-28T12:02:28Z,16.41512147,43.15895031,0
2022-09-28T12:03:37Z,16.41568716,43.15892174,0
2022-09-28T12:05:28Z,16.41542045,43.15891316,0

2022-09-28T11:58:37Z,16.41245487,43.15746466,0
2022-09-28T11:59:10Z,16.41223401,43.15744497,0
2022-09-28T11:59:28Z,16.41213402,43.1577166,0
2022-09-28T11:59:37Z,16.41221808,43.15784591,0
2022-09-28T12:00:19Z,16.41273714,43.15818474,0
2022-09-28T12:01:55Z,16.41458367,43.15884228,0
2022-09-28T12:02:28Z,16.41512147,43.15895031,0
2022-09-28T12:03:37Z,16.41568716,43.15892174,0
2022-09-28T12:05:28Z,16.41542045,43.15891316,0

2022-09-29T07:37:39Z,16.41689935,43.15960352,0
2022-09-29T07:38:57Z,16.41678894,43.15954907,0
2022-09-29T07:40:57Z,16.41687351,43.1595887,0
2022-09-29T07:41:48Z,16.41682626,43.15954452,0
2022-09-29T07:42:45Z,16.41695358,43.15950631,0
2022-09-29T07:43:51Z,16.41725841,43.15983471,0
2022-09-29T07:44:45Z,16.41827468,43.16059473,0
2022-09-29T07:45:18Z,16.41883108,43.1611479,0
2022-09-29T07:46:00Z,16.41922528,43.16196893,0
2022-09-29T07:46:51Z,16.41950901,43.16329738,0
2022-09-29T07:47:15Z,16.41973346,43.16396817,0
2022-09-29T07:47:45Z,16.420401,43.16467734,0
2022-09-29T07:48:15Z,16.42126296,43.16519936,0
2022-09-29T07:48:27Z,16.42165325,43.16534932,0
2022-09-29T07:52:06Z,16.42865355,43.16667376,0
2022-09-29T07:54:21Z,16.43249199,43.16754461,0
2022-09-29T07:55:33Z,16.4348084,43.16835677,0
2022-09-29T07:56:18Z,16.43652569,43.16862523,0
2022-09-29T07:56:48Z,16.43759821,43.16861279,0
2022-09-29T07:57:03Z,16.43804589,43.1686838,0
2022-09-29T07:57:48Z,16.43895258,43.16916325,0
2022-09-29T07:58:24Z,16.43952558,43.16967608,0
2022-09-29T08:00:24Z,16.4405465,43.17123458,0
2022-09-29T08:00:42Z,16.4405612,43.17147057,0
2022-09-29T08:01:00Z,16.44028086,43.17155709,0
2022-09-29T08:01:30Z,16.43993105,43.17130432,0
2022-09-29T08:03:30Z,16.43899124,43.17003349,0
2022-09-29T08:03:45Z,16.4388994,43.16980627,0
2022-09-29T08:05:42Z,16.43895547,43.16746912,0
2022-09-29T08:06:42Z,16.4394139,43.16645178,0
2022-09-29T08:06:57Z,16.43962619,43.16619703,0
2022-09-29T08:07:06Z,16.43983907,43.16609646,0
2022-09-29T08:07:30Z,16.44044737,43.16616138,0
2022-09-29T08:08:12Z,16.44115595,43.16652775,0
2022-09-29T08:08:33Z,16.44128695,43.16680246,0
2022-09-29T08:09:54Z,16.44143928,43.16777769,0
2022-09-29T08:10:42Z,16.44134314,43.16782635,0
2022-09-29T08:11:39Z,16.44126468,43.16773118,0
2022-09-29T08:12:09Z,16.4412064,43.16787487,0
2022-09-29T08:12:36Z,16.44140559,43.16793589,0
2022-09-29T08:12:51Z,16.44145678,43.16787249,0
2022-09-29T08:13:09Z,16.44136071,43.16781036,0
2022-09-29T08:14:06Z,16.44154718,43.16789623,0
2022-09-29T08:15:54Z,16.44130519,43.168,0
2022-09-29T08:16:42Z,16.44134827,43.16809858,0
2022-09-29T08:17:57Z,16.44174018,43.16798278,0
2022-09-29T08:19:09Z,16.44173791,43.16812555,0
2022-09-29T08:20:09Z,16.44152535,43.16822614,0
2022-09-29T08:21:48Z,16.44159724,43.16844164,0
2022-09-29T08:22:33Z,16.44179274,43.1684038,0
2022-09-29T08:23:48Z,16.44164394,43.16835481,0
2022-09-29T08:26:03Z,16.44155194,43.16798839,0
2022-09-29T08:26:39Z,16.44143953,43.1679624,0
2022-09-29T08:27:03Z,16.4413642,43.16803874,0
2022-09-29T08:27:27Z,16.44138616,43.16814299,0
2022-09-29T08:27:42Z,16.44136438,43.16805819,0
2022-09-29T08:28:06Z,16.44149539,43.16796891,0
2022-09-29T08:29:42Z,16.44184854,43.16798508,0
2022-09-29T08:30:51Z,16.44175076,43.16805953,0
2022-09-29T08:31:45Z,16.44179597,43.16810062,0
2022-09-29T08:32:54Z,16.44148493,43.16814369,0
2022-09-29T08:35:39Z,16.44170863,43.16830689,0
2022-09-29T08:36:18Z,16.44166543,43.16841095,0
2022-09-29T08:36:51Z,16.44152036,43.168413,0
2022-09-29T08:37:12Z,16.44164392,43.168439,0
2022-09-29T08:37:33Z,16.44171233,43.16836989,0
2022-09-29T08:38:33Z,16.44169825,43.16811879,0
2022-09-29T08:39:54Z,16.44180885,43.16796402,0
2022-09-29T08:41:03Z,16.44183953,43.16804422,0
2022-09-29T08:42:21Z,16.44166467,43.16812789,0
2022-09-29T08:43:36Z,16.44178759,43.16816869,0
2022-09-29T08:45:06Z,16.4416316,43.16816305,0
2022-09-29T08:46:57Z,16.44204995,43.1677947,0
2022-09-29T08:47:48Z,16.44172757,43.16778963,0
2022-09-29T08:49:45Z,16.4413194,43.16799033,0
2022-09-29T08:50:15Z,16.44128002,43.16810342,0
2022-09-29T08:50:51Z,16.44145142,43.16818584,0
2022-09-29T08:51:48Z,16.44147092,43.16829119,0
2022-09-29T08:52:21Z,16.44145737,43.16810099,0
2022-09-29T08:53:18Z,16.441623,43.16785471,0
2022-09-29T08:54:30Z,16.4413391,43.16797082,0
2022-09-29T08:55:03Z,16.44032836,43.16797742,0
2022-09-29T08:55:24Z,16.43959453,43.16806907,0
2022-09-29T08:56:45Z,16.4365205,43.16798887,0
2022-09-29T08:57:42Z,16.434421,43.16824219,0
2022-09-29T08:59:18Z,16.43096546,43.16902732,0
2022-09-29T08:59:42Z,16.4301945,43.16940437,0
2022-09-29T09:01:12Z,16.42750251,43.17107925,0
2022-09-29T09:02:27Z,16.42506046,43.17231591,0
2022-09-29T09:03:12Z,16.42344407,43.17290437,0
2022-09-29T09:03:27Z,16.42309221,43.17325693,0
2022-09-29T09:03:36Z,16.42281944,43.17319583,0
2022-09-29T09:03:48Z,16.42278403,43.17301409,0
2022-09-29T09:05:57Z,16.42361258,43.17184884,0
2022-09-29T09:06:30Z,16.42394985,43.17123785,0
2022-09-29T09:07:18Z,16.42450539,43.17054027,0
2022-09-29T09:07:27Z,16.42436839,43.1703988,0
2022-09-29T09:07:36Z,16.42409279,43.17033988,0
2022-09-29T09:09:39Z,16.41973612,43.17138133,0
2022-09-29T09:12:42Z,16.41333124,43.17348462,0
2022-09-29T09:17:30Z,16.40324599,43.17704432,0
2022-09-29T09:22:39Z,16.39268083,43.18104461,0
2022-09-29T09:25:06Z,16.38696129,43.18311926,0
2022-09-29T09:29:21Z,16.37689028,43.1863107,0
2022-09-29T09:30:33Z,16.37390674,43.18705803,0
2022-09-29T09:30:57Z,16.37303349,43.18738518,0
2022-09-29T09:32:42Z,16.37028492,43.18872831,0
2022-09-29T09:33:21Z,16.36941111,43.1891736,0
2022-09-29T09:34:03Z,16.36850696,43.18978233,0
2022-09-29T09:35:36Z,16.36714696,43.19165818,0
2022-09-29T09:39:12Z,16.36304654,43.19600769,0
2022-09-29T09:40:27Z,16.36194358,43.19770165,0
2022-09-29T09:41:54Z,16.36034723,43.19968023,0
2022-09-29T09:46:03Z,16.35552919,43.20494578,0
2022-09-29T09:47:24Z,16.35411083,43.20681958,0
2022-09-29T09:50:33Z,16.35058747,43.21111361,0
2022-09-29T09:53:15Z,16.34771834,43.21477326,0
2022-09-29T09:56:51Z,16.3437501,43.2195664,0
2022-09-29T10:05:51Z,16.33536573,43.23189508,0
2022-09-29T10:06:48Z,16.33466788,43.23318693,0
2022-09-29T10:07:36Z,16.33442899,43.23438497,0
2022-09-29T10:10:33Z,16.33279563,43.23938321,0
2022-09-29T10:15:45Z,16.33019697,43.24784473,0
2022-09-29T10:20:36Z,16.32729047,43.25547537,0
2022-09-29T10:23:12Z,16.32590758,43.25947738,0
2022-09-29T10:25:00Z,16.32480692,43.2622914,0
2022-09-29T10:28:30Z,16.32286746,43.26792793,0
2022-09-29T10:30:12Z,16.32164257,43.27050855,0
2022-09-29T10:33:18Z,16.31932544,43.27482864,0
2022-09-29T10:36:57Z,16.31630688,43.27993896,0
2022-09-29T10:40:39Z,16.31301954,43.28527683,0
2022-09-29T10:40:57Z,16.31299593,43.28573665,0
2022-09-29T10:41:36Z,16.31316655,43.28676959,0
2022-09-29T10:42:03Z,16.31314459,43.2874777,0
2022-09-29T10:42:33Z,16.3129876,43.28827294,0
2022-09-29T10:43:27Z,16.3123858,43.2896535,0
2022-09-29T10:45:06Z,16.31093725,43.29208442,0
2022-09-29T10:46:24Z,16.30954241,43.29391138,0
2022-09-29T10:46:45Z,16.30907829,43.29435541,0
2022-09-29T10:47:18Z,16.3085154,43.29507602,0
2022-09-29T10:52:12Z,16.30664669,43.30264973,0
2022-09-29T10:53:24Z,16.30612577,43.30447165,0
2022-09-29T10:54:09Z,16.30557201,43.30563975,0
2022-09-29T10:55:18Z,16.30472022,43.30733157,0
2022-09-29T10:55:54Z,16.3041589,43.30812536,0
2022-09-29T10:59:00Z,16.30159578,43.31234092,0
2022-09-29T11:05:51Z,16.29442891,43.3206262,0
2022-09-29T11:07:51Z,16.29241055,43.32311651,0
2022-09-29T11:12:27Z,16.28777897,43.329146,0
2022-09-29T11:14:15Z,16.28593312,43.33134281,0
2022-09-29T11:15:45Z,16.28432191,43.33314038,0
2022-09-29T11:20:18Z,16.27933134,43.33829635,0
2022-09-29T11:21:42Z,16.27781612,43.33980013,0
2022-09-29T11:22:51Z,16.27654797,43.34088909,0
2022-09-29T11:25:06Z,16.27454515,43.3432423,0
2022-09-29T11:28:39Z,16.27068524,43.34725038,0
2022-09-29T11:29:00Z,16.27030422,43.3476219,0
2022-09-29T11:29:54Z,16.26900179,43.34842194,0
2022-09-29T11:35:00Z,16.25891646,43.35216225,0
2022-09-29T11:38:42Z,16.25236227,43.35478399,0
2022-09-29T11:47:45Z,16.23549636,43.36291573,0
2022-09-29T11:50:42Z,16.23022471,43.36580704,0
2022-09-29T11:51:42Z,16.22854289,43.36681006,0
2022-09-29T11:53:09Z,16.22578386,43.36824372,0
2022-09-29T11:58:45Z,16.21586788,43.37371176,0
2022-09-29T12:00:18Z,16.21234253,43.37503612,0
2022-09-29T12:02:06Z,16.20810449,43.37641678,0
2022-09-29T12:03:03Z,16.20592483,43.3772508,0
2022-09-29T12:03:27Z,16.20487533,43.37754899,0
2022-09-29T12:04:09Z,16.20335346,43.37831805,0
2022-09-29T12:06:15Z,16.19886797,43.38029784,0
2022-09-29T12:08:18Z,16.19470426,43.38233247,0
2022-09-29T12:08:30Z,16.19451338,43.38257584,0
2022-09-29T12:10:12Z,16.19351789,43.38500578,0
2022-09-29T12:10:57Z,16.192918,43.38618135,0
2022-09-29T12:11:45Z,16.19240034,43.38742815,0
2022-09-29T12:14:09Z,16.19049413,43.39114744,0
2022-09-29T12:15:03Z,16.18998688,43.39265419,0
2022-09-29T12:16:18Z,16.18954038,43.39448839,0
2022-09-29T12:18:00Z,16.18870626,43.39711551,0
2022-09-29T12:18:18Z,16.1888324,43.39757869,0
2022-09-29T12:18:51Z,16.18929463,43.39838842,0
2022-09-29T12:19:27Z,16.18965708,43.39928777,0
2022-09-29T12:21:09Z,16.19030253,43.40163579,0
2022-09-29T12:21:24Z,16.19060085,43.40191899,0
2022-09-29T12:22:09Z,16.19184993,43.40277078,0
2022-09-29T12:23:06Z,16.19328388,43.40363068,0
2022-09-29T12:23:36Z,16.19405343,43.40377386,0
2022-09-29T12:24:06Z,16.19486704,43.40374896,0
2022-09-29T12:25:06Z,16.19630374,43.40352641,0
2022-09-29T12:25:33Z,16.19675101,43.4033266,0
2022-09-29T12:27:03Z,16.19754105,43.40266442,0
2022-09-29T12:30:42Z,16.19880049,43.40047678,0
2022-09-29T12:31:27Z,16.19874117,43.40065578,0
2022-09-29T12:31:51Z,16.19862064,43.40062374,0
2022-09-29T12:32:42Z,16.19886622,43.40061831,0
2022-09-29T12:34:15Z,16.19855715,43.4006109,0
2022-09-29T12:42:30Z,16.19882912,43.40068464,0
2022-09-29T12:47:27Z,16.19867744,43.4006532,0
2022-09-29T12:48:39Z,16.19877633,43.40067182,0
2022-09-29T12:49:54Z,16.19870377,43.40066422,0
2022-09-29T12:51:33Z,16.19882093,43.40050591,0
2022-09-29T12:52:09Z,16.19843577,43.40012415,0
2022-09-29T12:52:21Z,16.19838551,43.39999678,0
2022-09-29T12:53:24Z,16.19843766,43.39990907,0
2022-09-29T12:54:39Z,16.19852106,43.40007927,0
2022-09-29T13:13:15Z,16.19837599,43.40006736,0
2022-09-29T13:31:33Z,16.19846715,43.40006374,0
2022-09-29T13:37:36Z,16.19840089,43.40006846,0
2022-09-29T13:41:15Z,16.19840354,43.39988421,0
2022-09-29T13:42:12Z,16.19863695,43.40052688,0
2022-09-29T13:42:24Z,16.19854311,43.40063525,0
2022-09-29T13:43:00Z,16.19893683,43.40075863,0
2022-09-29T13:45:57Z,16.19935352,43.40046283,0
2022-09-29T13:46:45Z,16.19931192,43.40058993,0
2022-09-29T13:47:03Z,16.19912066,43.40058052,0
2022-09-29T13:47:24Z,16.19899453,43.40074565,0
2022-09-29T13:47:39Z,16.19922206,43.40089768,0
2022-09-29T13:47:57Z,16.19924776,43.40132803,0
2022-09-29T13:48:09Z,16.1991508,43.40163787,0
2022-09-29T13:48:39Z,16.19874282,43.40235223,0
2022-09-29T13:51:00Z,16.1961849,43.40543696,0
2022-09-29T13:51:12Z,16.19608948,43.40575916,0
2022-09-29T13:51:42Z,16.19609603,43.40654312,0
2022-09-29T13:53:36Z,16.19694848,43.40947342,0
2022-09-29T13:54:51Z,16.19783881,43.41143274,0
2022-09-29T13:55:36Z,16.19902577,43.41257889,0
2022-09-29T13:58:00Z,16.20310497,43.41528883,0
2022-09-29T13:58:33Z,16.20411446,43.41558373,0
2022-09-29T13:59:12Z,16.20538722,43.41583214,0
2022-09-29T14:00:48Z,16.20849653,43.41711584,0
2022-09-29T14:01:00Z,16.2090022,43.41724025,0
2022-09-29T14:01:21Z,16.20975066,43.41762045,0
2022-09-29T14:02:00Z,16.21119038,43.41818843,0
2022-09-29T14:03:57Z,16.21559735,43.41967432,0
2022-09-29T14:04:42Z,16.21717751,43.42009671,0
2022-09-29T14:05:51Z,16.2198569,43.42066924,0
2022-09-29T14:07:27Z,16.22425315,43.42081514,0
2022-09-29T14:09:00Z,16.22786281,43.42119791,0
2022-09-29T14:09:36Z,16.22906929,43.42145709,0
2022-09-29T14:10:27Z,16.23054887,43.42145921,0
2022-09-29T14:11:45Z,16.23299244,43.42188804,0
2022-09-29T14:14:27Z,16.23859491,43.42186292,0
2022-09-29T14:16:30Z,16.24261824,43.42236709,0
2022-09-29T14:17:36Z,16.24546843,43.42263088,0
2022-09-29T14:18:06Z,16.24666452,43.42266006,0
2022-09-29T14:26:15Z,16.2635885,43.42137591,0
2022-09-29T14:27:00Z,16.26550728,43.4211407,0
2022-09-29T14:28:18Z,16.26804322,43.42110918,0
2022-09-29T14:28:54Z,16.26927703,43.42093461,0
2022-09-29T14:30:51Z,16.27221951,43.4207043,0
2022-09-29T14:31:21Z,16.27277827,43.42056315,0
2022-09-29T14:32:30Z,16.27435807,43.42042522,0
2022-09-29T14:34:30Z,16.27662071,43.42009255,0
2022-09-29T14:35:24Z,16.2776758,43.4201518,0
2022-09-29T14:36:12Z,16.2790071,43.42002705,0
2022-09-29T14:37:06Z,16.28037953,43.42012317,0
2022-09-29T14:37:54Z,16.28177182,43.42005724,0
2022-09-29T14:38:54Z,16.28332407,43.4198753,0
2022-09-29T14:39:39Z,16.28451412,43.41982905,0
2022-09-29T14:41:54Z,16.287611,43.4193236,0
2022-09-29T14:43:36Z,16.28959874,43.41925123,0
2022-09-29T14:44:00Z,16.28997315,43.41902057,0
2022-09-29T14:44:48Z,16.29068745,43.41819221,0
2022-09-29T14:45:06Z,16.29107338,43.4179217,0
2022-09-29T14:46:00Z,16.29161362,43.41698919,0
2022-09-29T14:46:30Z,16.29176685,43.41651131,0
2022-09-29T14:48:15Z,16.29297677,43.41505326,0
2022-09-29T14:49:30Z,16.29464524,43.41475346,0
2022-09-29T14:50:12Z,16.29564103,43.41440564,0
2022-09-29T14:50:36Z,16.29612709,43.41407079,0
2022-09-29T14:51:12Z,16.29669705,43.41343792,0
2022-09-29T14:51:39Z,16.29702804,43.41290913,0
2022-09-29T14:58:09Z,16.30086811,43.40451574,0
2022-09-29T14:58:48Z,16.3010065,43.40360313,0
2022-09-29T15:01:45Z,16.30201135,43.3994915,0
2022-09-29T15:02:06Z,16.30199869,43.3989498,0
2022-09-29T15:02:18Z,16.3019057,43.39866693,0
2022-09-29T15:02:27Z,16.30159901,43.39863972,0
2022-09-29T15:02:42Z,16.30129696,43.39895052,0
2022-09-29T15:02:57Z,16.30130353,43.39935765,0
2022-09-29T15:03:06Z,16.3014676,43.39957666,0
2022-09-29T15:03:18Z,16.3018273,43.39975317,0
2022-09-29T15:03:24Z,16.30201591,43.39973037,0
2022-09-29T15:03:30Z,16.3020904,43.39961516,0
2022-09-29T15:04:12Z,16.3019505,43.39897709,0
2022-09-29T15:04:36Z,16.30223283,43.39880626,0
2022-09-29T15:05:00Z,16.30248128,43.39830417,0
2022-09-29T15:05:18Z,16.30250216,43.39786928,0
2022-09-29T15:05:39Z,16.30238581,43.3974044,0
2022-09-29T15:06:15Z,16.30196662,43.39670804,0
2022-09-29T15:08:27Z,16.30021348,43.39616069,0
2022-09-29T15:15:51Z,16.30011909,43.39605594,0
2022-09-29T15:18:39Z,16.3014725,43.39458904,0
2022-09-29T15:19:57Z,16.30163847,43.39404523,0
2022-09-29T15:21:06Z,16.30216836,43.39419354,0
2022-09-29T15:21:48Z,16.30225761,43.3943626,0
2022-09-29T15:22:30Z,16.3022443,43.39418286,0
2022-09-29T15:24:15Z,16.30233352,43.39447311,0
2022-09-29T15:26:24Z,16.30226698,43.39437975,0
2022-09-29T15:27:06Z,16.30225735,43.39443585,0
2022-09-29T15:27:36Z,16.30233863,43.39435104,0
2022-09-29T15:28:00Z,16.30226134,43.39424688,0
2022-09-29T15:30:12Z,16.30248156,43.39427703,0
2022-09-29T15:31:00Z,16.30222785,43.39418041,0
2022-09-29T15:32:30Z,16.30233479,43.39436987,0
2022-09-29T15:33:33Z,16.30227494,43.39428881,0
2022-09-29T15:34:48Z,16.30256742,43.39442351,0
2022-09-29T15:37:12Z,16.30237319,43.39432843,0
2022-09-29T15:39:31Z,16.3023143,43.39437812,0

2022-09-30T07:54:36Z,16.30232422,43.39432073,0
2022-09-30T07:56:21Z,16.3021575,43.39428641,0
2022-09-30T07:57:09Z,16.30215396,43.39419074,0
2022-09-30T07:59:09Z,16.30228445,43.39415311,0
2022-09-30T08:00:06Z,16.30191899,43.3942032,0
2022-09-30T08:02:03Z,16.30241976,43.39498981,0
2022-09-30T08:03:15Z,16.30289335,43.39616661,0
2022-09-30T08:04:18Z,16.30333173,43.39762943,0
2022-09-30T08:05:24Z,16.30360375,43.39913118,0
2022-09-30T08:05:51Z,16.30364602,43.39977084,0
2022-09-30T08:06:30Z,16.30354415,43.40064767,0
2022-09-30T08:07:42Z,16.30296928,43.40227286,0
2022-09-30T08:08:21Z,16.30256664,43.40313173,0
2022-09-30T08:09:12Z,16.3018768,43.40423928,0
2022-09-30T08:10:03Z,16.30086837,43.40518659,0
2022-09-30T08:11:27Z,16.29892025,43.40663785,0
2022-09-30T08:13:42Z,16.29608836,43.40928124,0
2022-09-30T08:17:21Z,16.29226569,43.41352878,0
2022-09-30T08:21:12Z,16.28810074,43.41794512,0
2022-09-30T08:34:42Z,16.27317866,43.43291974,0
2022-09-30T08:40:12Z,16.26722366,43.43910921,0
2022-09-30T08:40:24Z,16.26688856,43.43921206,0
2022-09-30T08:40:36Z,16.26665784,43.439024,0
2022-09-30T08:40:48Z,16.26678601,43.43872718,0
2022-09-30T08:41:06Z,16.26719851,43.43822777,0
2022-09-30T08:41:09Z,16.26731943,43.43821448,0
2022-09-30T08:41:15Z,16.2673489,43.43835373,0
2022-09-30T08:41:27Z,16.2671102,43.43832423,0
2022-09-30T08:41:42Z,16.26724747,43.43821045,0
2022-09-30T08:41:51Z,16.26730991,43.43827228,0
2022-09-30T08:44:45Z,16.26712246,43.43882886,0
2022-09-30T08:45:06Z,16.26764104,43.43879362,0
2022-09-30T08:45:27Z,16.26845491,43.43849897,0
2022-09-30T08:45:30Z,16.26853663,43.43854804,0
2022-09-30T08:45:36Z,16.26849084,43.43864769,0
2022-09-30T08:47:12Z,16.26814288,43.43878462,0
2022-09-30T08:47:27Z,16.26802712,43.43871024,0
2022-09-30T08:47:36Z,16.26803009,43.4386102,0
2022-09-30T08:47:42Z,16.26811425,43.43857079,0
2022-09-30T08:48:06Z,16.26883979,43.4387391,0
2022-09-30T08:48:18Z,16.26929178,43.43894955,0
2022-09-30T08:48:21Z,16.26936047,43.43903271,0
2022-09-30T08:48:24Z,16.26930567,43.4391037,0
2022-09-30T08:48:42Z,16.26905695,43.43903693,0
2022-09-30T08:49:21Z,16.26890033,43.43908689,0
2022-09-30T08:49:48Z,16.26882045,43.43890181,0
2022-09-30T08:50:00Z,16.26857531,43.43889703,0
2022-09-30T08:52:00Z,16.26508408,43.44024834,0
2022-09-30T08:53:54Z,16.26143003,43.44115588,0
2022-09-30T08:54:15Z,16.26086148,43.44143875,0
2022-09-30T08:57:54Z,16.25726169,43.44570526,0
2022-09-30T09:04:03Z,16.24913908,43.45167414,0
2022-09-30T09:11:39Z,16.23915295,43.46055607,0
2022-09-30T09:13:06Z,16.23741305,43.46229909,0
2022-09-30T09:13:30Z,16.23716618,43.46284688,0
2022-09-30T09:14:18Z,16.2370433,43.4639919,0
2022-09-30T09:15:42Z,16.23709064,43.46599297,0
2022-09-30T09:18:00Z,16.23751622,43.46924131,0
2022-09-30T09:19:42Z,16.23859445,43.47140618,0
2022-09-30T09:21:42Z,16.23965369,43.4737898,0
2022-09-30T09:22:57Z,16.23985914,43.47521977,0
2022-09-30T09:24:27Z,16.23994372,43.47698524,0
2022-09-30T09:25:12Z,16.24006992,43.47788524,0
2022-09-30T09:25:42Z,16.23995359,43.47842383,0
2022-09-30T09:26:48Z,16.23923523,43.4796667,0
2022-09-30T09:27:12Z,16.23891838,43.48005321,0
2022-09-30T09:28:15Z,16.23852266,43.48036985,0
2022-09-30T09:28:42Z,16.23855438,43.48051362,0
2022-09-30T09:29:54Z,16.23815576,43.48064006,0
2022-09-30T09:37:54Z,16.23805544,43.48054065,0
2022-09-30T10:52:00Z,16.23818153,43.4807327,0
2022-09-30T10:52:54Z,16.23812292,43.48070454,0
2022-09-30T11:25:00Z,16.23806592,43.48058187,0
2022-09-30T11:44:00Z,16.23814607,43.48070478,0
2022-09-30T11:45:45Z,16.23810204,43.48063587,0
2022-09-30T11:47:15Z,16.23831841,43.4806219,0
2022-09-30T11:47:54Z,16.23873978,43.48040342,0
2022-09-30T11:50:09Z,16.24138827,43.47850957,0
2022-09-30T11:50:51Z,16.24231873,43.47806345,0
2022-09-30T11:52:27Z,16.24468484,43.4773628,0
2022-09-30T11:59:42Z,16.25658253,43.47653355,0
2022-09-30T12:04:39Z,16.26534494,43.47613877,0
2022-09-30T12:08:15Z,16.27156034,43.47589663,0
2022-09-30T12:17:06Z,16.28587148,43.47557715,0
2022-09-30T12:19:42Z,16.28997602,43.47565773,0
2022-09-30T12:20:33Z,16.29136825,43.47578092,0
2022-09-30T12:21:33Z,16.29300623,43.47611521,0
2022-09-30T12:28:33Z,16.30442632,43.47697342,0
2022-09-30T12:34:24Z,16.31411838,43.47759546,0
2022-09-30T12:43:06Z,16.32868973,43.4776878,0
2022-09-30T12:45:30Z,16.33275274,43.47777519,0
2022-09-30T12:47:06Z,16.33555604,43.4779217,0
2022-09-30T12:49:09Z,16.3391888,43.47818821,0
2022-09-30T13:01:06Z,16.36005568,43.48009779,0
2022-09-30T13:10:39Z,16.37738479,43.4822397,0
2022-09-30T13:12:54Z,16.38137306,43.48304402,0
2022-09-30T13:15:54Z,16.38624846,43.48420524,0
2022-09-30T13:17:24Z,16.38891962,43.48464395,0
2022-09-30T13:20:18Z,16.39310143,43.4864534,0
2022-09-30T13:22:24Z,16.3962743,43.48765413,0
2022-09-30T13:22:51Z,16.39680555,43.48764933,0
2022-09-30T13:23:57Z,16.39870059,43.48802501,0
2022-09-30T13:25:18Z,16.40117775,43.48873255,0
2022-09-30T13:25:57Z,16.40238879,43.48899773,0
2022-09-30T13:27:54Z,16.40559831,43.4904056,0
2022-09-30T13:30:27Z,16.40916027,43.49237081,0
2022-09-30T13:33:21Z,16.41314693,43.49420583,0
2022-09-30T13:36:54Z,16.41757809,43.49543258,0
2022-09-30T13:39:54Z,16.42138634,43.49675558,0
2022-09-30T13:44:48Z,16.42856655,43.49887416,0
2022-09-30T13:46:00Z,16.4304703,43.49960584,0
2022-09-30T13:46:15Z,16.43082181,43.49979867,0
2022-09-30T13:47:27Z,16.43229964,43.50093471,0
2022-09-30T13:48:24Z,16.4331807,43.50212778,0
2022-09-30T13:48:42Z,16.43329423,43.50255306,0
2022-09-30T13:48:57Z,16.43319786,43.50290893,0
2022-09-30T13:49:12Z,16.43296854,43.50323756,0
2022-09-30T13:49:45Z,16.43234431,43.5038276,0
2022-09-30T13:50:33Z,16.43139091,43.50432633,0
2022-09-30T13:50:42Z,16.43131082,43.50444902,0
2022-09-30T13:51:03Z,16.43136891,43.50459027,0
2022-09-30T13:52:21Z,16.4305451,43.50433374,0
2022-09-30T13:52:54Z,16.43021653,43.50395506,0
2022-09-30T13:53:06Z,16.43019399,43.50381362,0
2022-09-30T13:53:27Z,16.43030301,43.50361919,0
2022-09-30T13:55:09Z,16.43100337,43.50308049,0
2022-09-30T13:55:54Z,16.43126231,43.50277683,0
2022-09-30T13:56:12Z,16.43121678,43.50265896,0
2022-09-30T13:56:30Z,16.4310607,43.50259368,0
2022-09-30T14:12:11Z,16.43073255,43.50266126,0